{"type":"FeatureCollection","features":[{"id":"0","type":"Feature","properties":{"adm3_pcode":"TG030801","canton":"Abobo","centre_lon":1.34885,"centre_lat":6.25037},"geometry":{"type":"Polygon","coordinates":[[[1.27211,6.28805],[1.27762,6.27175],[1.29461,6.26742],[1.29824,6.25687],[1.29223,6.24956],[1.29755,6.2467],[1.29628,6.22872],[1.32063,6.19842],[1.34335,6.20729],[1.39823,6.21427],[1.40516,6.24439],[1.40421,6.26812],[1.38697,6.30389],[1.37403,6.30011],[1.36727,6.28339],[1.35427,6.29588],[1.34222,6.28705],[1.32023,6.29621],[1.31628,6.2962],[1.30489,6.28693],[1.28072,6.29103],[1.27211,6.28805]]]}},{"id":"1","type":"Feature","properties":{"adm3_pcode":"TG040701","canton":"Adeta","centre_lon":0.87068,"centre_lat":7.09174},"geometry":{"type":"Polygon","coordinates":[[[0.9313,7.14222],[0.87182,7.14182],[0.8599,7.14655],[0.8418,7.13585],[0.80519,7.12824],[0.75686,7.14243],[0.7365,7.14058],[0.70391,7.15561],[0.69702,7.15066],[0.69455,7.14079],[0.69064,7.13791],[0.68838,7.12146],[0.67152,7.1231],[0.66864,7.12084],[0.70031,7.09122],[0.7256,7.0795],[0.73198,7.10542],[0.74473,7.12207],[0.78072,7.10583],[0.79059,7.09225],[0.83707,7.06398],[0.89938,7.0613],[0.91131,7.05719],[0.92612,7.03765],[0.93784,7.0356],[0.93788,7.03062],[0.94627,7.027],[0.967,7.05349],[0.95088,7.06961],[0.9508,7.09566],[0.93787,7.11756],[0.9313,7.14222]]]}},{"id":"2","type":"Feature","properties":{"adm3_pcode":"TG030901","canton":"Adetikope","centre_lon":1.20976,"centre_lat":6.32011},"geometry":{"type":"Polygon","coordinates":[[[1.24199,6.35076],[1.22811,6.36446],[1.21615,6.36925],[1.19369,6.33671],[1.18982,6.31598],[1.17862,6.29901],[1.18877,6.29851],[1.20608,6.28085],[1.22097,6.28438],[1.22663,6.27657],[1.23545,6.27176],[1.24696,6.27324],[1.25148,6.29859],[1.23128,6.31756],[1.21643,6.34768],[1.22249,6.35076],[1.2311,6.34795],[1.24146,6.33934],[1.2448,6.34321],[1.24199,6.35076]]]}},{"id":"3","type":"Feature","properties":{"adm3_pcode":"TG040101","canton":"Adiva","centre_lon":1.01821,"centre_lat":7.4988},"geometry":{"type":"Polygon","coordinates":[[[0.99406,7.522],[0.99977,7.50921],[1.02562,7.47536],[1.02803,7.4967],[1.02321,7.5224],[0.99406,7.522]]]}},{"id":"4","type":"Feature","properties":{"adm3_pcode":"TG040301","canton":"Adjahun Fiagbe","centre_lon":0.73507,"centre_lat":6.76242},"geometry":{"type":"Polygon","coordinates":[[[0.69632,6.82011],[0.6964,6.81232],[0.68714,6.80538],[0.68689,6.7951],[0.69897,6.76476],[0.70745,6.77145],[0.71414,6.76914],[0.72756,6.74728],[0.72735,6.73968],[0.73455,6.73474],[0.73578,6.72569],[0.72879,6.71705],[0.72961,6.70842],[0.73763,6.70225],[0.74257,6.70122],[0.74894,6.70759],[0.76133,6.70127],[0.76974,6.71219],[0.77672,6.71582],[0.7842,6.72955],[0.78549,6.74111],[0.77424,6.75043],[0.75368,6.76007],[0.74918,6.76586],[0.74789,6.77614],[0.73761,6.78706],[0.7254,6.8147],[0.71737,6.8192],[0.69632,6.82011]]]}},{"id":"5","type":"Feature","properties":{"adm3_pcode":"TG010301","canton":"Adjengere","centre_lon":0.94175,"centre_lat":8.68872},"geometry":{"type":"Polygon","coordinates":[[[1.16322,8.64183],[1.17391,8.64458],[1.18145,8.65846],[1.19171,8.66449],[1.25912,8.64583],[1.26868,8.65867],[1.26287,8.6682],[1.25553,8.66817],[1.2391,8.67541],[1.23346,8.67369],[1.21237,8.68473],[1.18381,8.67521],[1.17431,8.67971],[1.1683,8.68972],[1.15879,8.69623],[1.10974,8.68522],[1.04367,8.68572],[0.98261,8.69523],[0.95858,8.73226],[0.93256,8.75629],[0.91327,8.75374],[0.87468,8.75514],[0.86917,8.71853],[0.84395,8.64506],[0.84872,8.63742],[0.85634,8.63431],[0.89985,8.6243],[0.94282,8.64343],[0.97385,8.63041],[1.00949,8.62182],[1.02566,8.65593],[1.03159,8.65892],[1.03753,8.65969],[1.06137,8.64945],[1.08069,8.65029],[1.09037,8.6459],[1.10374,8.64745],[1.11119,8.64379],[1.12902,8.64535],[1.13421,8.64908],[1.15874,8.64846],[1.16322,8.64183]]]}},{"id":"6","type":"Feature","properties":{"adm3_pcode":"TG041101","canton":"Adogbenou","centre_lon":1.5194,"centre_lat":7.81311},"geometry":{"type":"Polygon","coordinates":[[[1.63272,7.9173],[1.53041,7.90492],[1.5039,7.92862],[1.50149,7.93745],[1.49426,7.94308],[1.49105,7.95794],[1.48422,7.96396],[1.44231,7.96485],[1.44024,7.90879],[1.45141,7.90945],[1.46521,7.90129],[1.4671,7.8969],[1.45894,7.83978],[1.4489,7.82095],[1.42505,7.81593],[1.4081,7.81656],[1.39429,7.80338],[1.37421,7.74125],[1.36354,7.73435],[1.3648,7.73121],[1.40245,7.71238],[1.42128,7.70673],[1.43446,7.69104],[1.44764,7.68476],[1.4671,7.66343],[1.49924,7.6653],[1.51226,7.6901],[1.51731,7.69418],[1.53551,7.69606],[1.55685,7.67786],[1.57756,7.67535],[1.6309,7.67661],[1.63592,7.79648],[1.6353,7.81029],[1.62965,7.8266],[1.63404,7.8969],[1.63272,7.9173]]]}},{"id":"7","type":"Feature","properties":{"adm3_pcode":"TG040302","canton":"Adzakpa","centre_lon":0.76186,"centre_lat":6.61456},"geometry":{"type":"Polygon","coordinates":[[[0.77602,6.71531],[0.76974,6.71219],[0.76133,6.70127],[0.76828,6.6932],[0.76509,6.66821],[0.75789,6.65546],[0.76056,6.64394],[0.74144,6.63921],[0.73427,6.63328],[0.72791,6.64023],[0.72135,6.64167],[0.71491,6.6314],[0.71203,6.61042],[0.68599,6.59871],[0.68829,6.59217],[0.68122,6.58382],[0.69118,6.57836],[0.72685,6.58543],[0.73745,6.57707],[0.74002,6.57032],[0.73809,6.55329],[0.71317,6.52766],[0.71376,6.51993],[0.7183,6.51674],[0.75239,6.52727],[0.76392,6.52606],[0.79573,6.55064],[0.81473,6.63154],[0.82405,6.64278],[0.82469,6.64696],[0.81602,6.64793],[0.81537,6.6505],[0.82823,6.67428],[0.8173,6.68552],[0.81923,6.7032],[0.8157,6.7093],[0.79866,6.70287],[0.78742,6.70673],[0.77602,6.71531]]]}},{"id":"8","type":"Feature","properties":{"adm3_pcode":"TG030201","canton":"Afagnan / Afagnagan","centre_lon":1.63203,"centre_lat":6.50411},"geometry":{"type":"Polygon","coordinates":[[[1.71323,6.46478],[1.70168,6.47836],[1.67004,6.47872],[1.65637,6.49428],[1.66185,6.50243],[1.68097,6.49896],[1.67567,6.51082],[1.65368,6.51669],[1.64917,6.55778],[1.65465,6.56263],[1.65002,6.56965],[1.63343,6.57895],[1.62579,6.57555],[1.59547,6.57423],[1.60281,6.56173],[1.60908,6.56047],[1.61773,6.56477],[1.62443,6.55418],[1.61578,6.53843],[1.58638,6.51878],[1.58289,6.50303],[1.57787,6.50846],[1.57004,6.50813],[1.57285,6.50394],[1.58253,6.50046],[1.57752,6.48484],[1.57865,6.47166],[1.57275,6.46219],[1.57167,6.45384],[1.57454,6.45099],[1.58662,6.45212],[1.58269,6.442],[1.58467,6.44025],[1.58795,6.44685],[1.5917,6.4429],[1.58666,6.43893],[1.58404,6.43058],[1.58843,6.43257],[1.59547,6.43039],[1.59727,6.44942],[1.60669,6.45043],[1.61634,6.45661],[1.63836,6.45285],[1.66038,6.4562],[1.69574,6.45289],[1.70611,6.46452],[1.71323,6.46478]]]}},{"id":"9","type":"Feature","properties":{"adm3_pcode":"TG010401","canton":"Affem","centre_lon":1.52065,"centre_lat":9.12228},"geometry":{"type":"Polygon","coordinates":[[[1.45411,9.13071],[1.4495,9.08975],[1.45156,9.07845],[1.45738,9.0692],[1.47142,9.06338],[1.55841,9.06441],[1.58992,9.06954],[1.60954,9.08815],[1.59814,9.11098],[1.57896,9.13187],[1.55944,9.16989],[1.52519,9.19078],[1.49437,9.16646],[1.48615,9.14386],[1.47827,9.13598],[1.46594,9.13564],[1.45411,9.13071]]]}},{"id":"10","type":"Feature","properties":{"adm3_pcode":"TG030301","canton":"Aflao Gakli","centre_lon":1.16788,"centre_lat":6.19744},"geometry":{"type":"Polygon","coordinates":[[[1.15556,6.21264],[1.12945,6.21685],[1.17861,6.17693],[1.17698,6.17852],[1.18077,6.18374],[1.17535,6.18815],[1.18417,6.19856],[1.18883,6.19546],[1.18853,6.19874],[1.1942,6.20145],[1.19012,6.2055],[1.18406,6.20334],[1.18487,6.20581],[1.17695,6.21169],[1.17355,6.20574],[1.1664,6.20921],[1.16536,6.20424],[1.15556,6.21264]]]}},{"id":"11","type":"Feature","properties":{"adm3_pcode":"TG010101","canton":"Agbandi","centre_lon":1.15119,"centre_lat":8.24852},"geometry":{"type":"Polygon","coordinates":[[[1.06876,8.2154],[1.09789,8.21629],[1.11871,8.19699],[1.16111,8.18866],[1.1948,8.15648],[1.22016,8.16633],[1.22848,8.16292],[1.2387,8.16633],[1.24855,8.17465],[1.26434,8.17714],[1.26033,8.1991],[1.25185,8.20418],[1.24337,8.21654],[1.24603,8.23741],[1.26018,8.24583],[1.25149,8.26554],[1.24008,8.27505],[1.22998,8.29589],[1.23083,8.34138],[1.2082,8.33978],[1.19242,8.3334],[1.18299,8.32031],[1.17495,8.30003],[1.16502,8.29998],[1.15916,8.29591],[1.14885,8.27966],[1.14887,8.27471],[1.1421,8.27333],[1.13991,8.25937],[1.12999,8.25618],[1.1264,8.25166],[1.10744,8.24932],[1.07215,8.2622],[1.04371,8.25981],[1.04331,8.24812],[1.05019,8.227],[1.06876,8.2154]]]}},{"id":"12","type":"Feature","properties":{"adm3_pcode":"TG020501","canton":"Agbandi-Yaka","centre_lon":1.09988,"centre_lat":9.69792},"geometry":{"type":"Polygon","coordinates":[[[1.15698,9.69548],[1.16136,9.70192],[1.13087,9.71652],[1.1235,9.72293],[1.10812,9.75528],[1.10164,9.75898],[1.08408,9.74397],[1.04852,9.70425],[1.03795,9.69561],[1.00944,9.68247],[1.00304,9.64691],[0.98602,9.64084],[1.00175,9.63955],[1.03635,9.64563],[1.05717,9.66229],[1.09369,9.66101],[1.11163,9.67414],[1.13117,9.69625],[1.15698,9.69548]]]}},{"id":"13","type":"Feature","properties":{"adm3_pcode":"TG030802","canton":"Agbelouve","centre_lon":1.06409,"centre_lat":6.72514},"geometry":{"type":"Polygon","coordinates":[[[1.07617,6.78018],[1.03501,6.83373],[1.02804,6.85952],[1.03047,6.86804],[1.03652,6.86751],[1.03679,6.86999],[0.9602,6.8558],[0.96406,6.81715],[0.96116,6.81168],[0.93739,6.80012],[0.91671,6.78514],[0.91888,6.76572],[0.95369,6.75428],[0.9636,6.74746],[0.97051,6.7359],[0.98861,6.71795],[0.99212,6.69994],[0.99729,6.69482],[1.0106,6.69487],[1.01382,6.69012],[1.03938,6.68769],[1.06606,6.67063],[1.06996,6.66164],[1.11591,6.65452],[1.1185,6.64852],[1.11725,6.63908],[1.122,6.6318],[1.15731,6.59975],[1.16805,6.59635],[1.18393,6.59727],[1.18565,6.5947],[1.1827,6.5896],[1.18897,6.58907],[1.20982,6.59436],[1.23673,6.59528],[1.26273,6.62229],[1.27038,6.63468],[1.26239,6.64113],[1.25289,6.65604],[1.24358,6.67798],[1.20857,6.69587],[1.19101,6.69185],[1.16857,6.69682],[1.15458,6.70765],[1.14371,6.73309],[1.13555,6.74119],[1.11981,6.74761],[1.10853,6.76537],[1.07617,6.78018]]]}},{"id":"14","type":"Feature","properties":{"adm3_pcode":"TG030401","canton":"Agbodrafo","centre_lon":1.51728,"centre_lat":6.21254},"geometry":{"type":"Polygon","coordinates":[[[1.46174,6.21633],[1.41595,6.24715],[1.40536,6.25134],[1.39709,6.21144],[1.39325,6.20328],[1.38266,6.19807],[1.38017,6.18135],[1.38211,6.17668],[1.38929,6.17415],[1.46878,6.18805],[1.50048,6.19887],[1.54207,6.20499],[1.55835,6.21276],[1.5875,6.21628],[1.58496,6.23057],[1.53409,6.22638],[1.5272,6.23278],[1.48622,6.22338],[1.47982,6.21954],[1.47651,6.21215],[1.46174,6.21633]]]}},{"id":"15","type":"Feature","properties":{"adm3_pcode":"TG030902","canton":"Agoenyive","centre_lon":1.20654,"centre_lat":6.23333},"geometry":{"type":"Polygon","coordinates":[[[1.17742,6.26983],[1.16485,6.25501],[1.16197,6.2564],[1.15988,6.25245],[1.15606,6.25673],[1.15138,6.2512],[1.15685,6.24705],[1.16012,6.2489],[1.16261,6.24639],[1.16031,6.244],[1.16558,6.23925],[1.17165,6.23438],[1.17706,6.23423],[1.16768,6.22387],[1.18487,6.20581],[1.18406,6.20334],[1.19012,6.2055],[1.20027,6.19819],[1.20428,6.20634],[1.20858,6.2046],[1.20856,6.20078],[1.23925,6.20622],[1.24375,6.20942],[1.25012,6.21948],[1.23472,6.23588],[1.22225,6.2568],[1.20951,6.2536],[1.20793,6.24952],[1.20042,6.25158],[1.20074,6.25847],[1.19797,6.24871],[1.19489,6.2505],[1.19238,6.2697],[1.1899,6.26765],[1.17742,6.26983]]]}},{"id":"16","type":"Feature","properties":{"adm3_pcode":"TG041201","canton":"Agome","centre_lon":0.61289,"centre_lat":6.93595},"geometry":{"type":"Polygon","coordinates":[[[0.57806,6.95068],[0.56161,6.96199],[0.55996,6.95287],[0.56262,6.94489],[0.57643,6.93906],[0.57187,6.92006],[0.57329,6.90903],[0.59322,6.92459],[0.61214,6.91834],[0.62295,6.90979],[0.64867,6.90765],[0.64935,6.93693],[0.64161,6.94697],[0.60809,6.94636],[0.57806,6.95068]]]}},{"id":"17","type":"Feature","properties":{"adm3_pcode":"TG041202","canton":"Agome-Tomegbe","centre_lon":0.5463,"centre_lat":6.94273},"geometry":{"type":"Polygon","coordinates":[[[0.55778,6.90723],[0.57329,6.90903],[0.57187,6.92006],[0.57643,6.93906],[0.56085,6.94767],[0.5614,6.96302],[0.53129,6.97848],[0.52274,6.97433],[0.51657,6.96672],[0.51472,6.94841],[0.52624,6.93957],[0.54618,6.9334],[0.55523,6.92291],[0.55778,6.90723]]]}},{"id":"18","type":"Feature","properties":{"adm3_pcode":"TG030202","canton":"Agome Glozou/Agbetiko","centre_lon":1.68786,"centre_lat":6.50147},"geometry":{"type":"Polygon","coordinates":[[[1.64104,6.58308],[1.63615,6.57708],[1.65002,6.56965],[1.65465,6.56263],[1.64917,6.55778],[1.65368,6.51669],[1.67567,6.51082],[1.68097,6.49896],[1.66185,6.50243],[1.65637,6.49428],[1.67004,6.47872],[1.70168,6.47836],[1.74012,6.43966],[1.74828,6.4243],[1.76432,6.42434],[1.76785,6.41819],[1.77752,6.41756],[1.78079,6.4268],[1.77639,6.42942],[1.77267,6.4259],[1.76475,6.4272],[1.75771,6.43355],[1.75303,6.4597],[1.74069,6.47483],[1.73387,6.47635],[1.7376,6.48098],[1.73517,6.48603],[1.73033,6.48755],[1.7259,6.50183],[1.7226,6.5016],[1.71954,6.49544],[1.7125,6.50025],[1.70591,6.4976],[1.69558,6.50043],[1.69424,6.50966],[1.69687,6.51296],[1.70236,6.51297],[1.70186,6.53627],[1.69569,6.54285],[1.69853,6.54813],[1.69632,6.5534],[1.68775,6.55359],[1.684,6.56062],[1.6739,6.5562],[1.6684,6.55794],[1.66641,6.56343],[1.67418,6.57301],[1.67416,6.58312],[1.6702,6.58553],[1.66273,6.58419],[1.65615,6.5778],[1.64104,6.58308]]]}},{"id":"19","type":"Feature","properties":{"adm3_pcode":"TG040303","canton":"Agotime Nord","centre_lon":0.68695,"centre_lat":6.70753},"geometry":{"type":"Polygon","coordinates":[[[0.68953,6.81652],[0.68235,6.80943],[0.66851,6.80675],[0.65375,6.79224],[0.64296,6.77329],[0.6448,6.76473],[0.63874,6.7621],[0.62892,6.74874],[0.64005,6.748],[0.64622,6.74101],[0.64128,6.72661],[0.64478,6.71201],[0.6419,6.70194],[0.64375,6.69248],[0.63532,6.65073],[0.63779,6.63222],[0.65321,6.61001],[0.65856,6.60651],[0.6709,6.61124],[0.67995,6.60692],[0.68529,6.59849],[0.71203,6.61042],[0.71491,6.6314],[0.72135,6.64167],[0.72791,6.64023],[0.73427,6.63328],[0.74144,6.63921],[0.76056,6.64394],[0.75789,6.65546],[0.76509,6.66821],[0.76828,6.6932],[0.75943,6.70348],[0.74894,6.70759],[0.74257,6.70122],[0.72961,6.70842],[0.72879,6.71705],[0.73578,6.72569],[0.73599,6.73124],[0.72735,6.73968],[0.72756,6.74728],[0.71414,6.76914],[0.70745,6.77145],[0.69897,6.76476],[0.69614,6.76965],[0.68586,6.80075],[0.68971,6.80821],[0.6964,6.81232],[0.69511,6.81592],[0.68953,6.81652]]]}},{"id":"20","type":"Feature","properties":{"adm3_pcode":"TG040309","canton":"Agou-Akplolo","centre_lon":0.7935,"centre_lat":6.91897},"geometry":{"type":"Polygon","coordinates":[[[0.79478,6.95554],[0.77505,6.94318],[0.76621,6.93228],[0.76662,6.92652],[0.75983,6.92056],[0.7621,6.91356],[0.75449,6.90863],[0.76024,6.88642],[0.76806,6.88251],[0.80261,6.88642],[0.80611,6.89115],[0.82633,6.89652],[0.83672,6.90844],[0.83821,6.91308],[0.80921,6.93312],[0.8091,6.94248],[0.80528,6.94894],[0.79478,6.95554]]]}},{"id":"21","type":"Feature","properties":{"adm3_pcode":"TG040304","canton":"Agou Agbetiko/Agou Dzidjole","centre_lon":0.73413,"centre_lat":6.92597},"geometry":{"type":"Polygon","coordinates":[[[0.77188,6.98355],[0.75984,6.98295],[0.75616,6.97474],[0.75307,6.9842],[0.74711,6.97667],[0.75075,6.97322],[0.74983,6.97006],[0.74114,6.95637],[0.72785,6.95676],[0.71786,6.94122],[0.7048,6.93269],[0.70344,6.92048],[0.69411,6.91693],[0.69149,6.90037],[0.69964,6.89247],[0.6906,6.88327],[0.69713,6.87618],[0.72229,6.86629],[0.75408,6.90205],[0.75449,6.90863],[0.7621,6.91356],[0.75983,6.92056],[0.76662,6.92652],[0.76621,6.93228],[0.77012,6.93742],[0.7948,6.95552],[0.78595,6.96806],[0.77444,6.96847],[0.77587,6.97526],[0.77188,6.98355]]]}},{"id":"22","type":"Feature","properties":{"adm3_pcode":"TG040305","canton":"Agou Atigbe","centre_lon":0.74949,"centre_lat":6.79012},"geometry":{"type":"Polygon","coordinates":[[[0.7099,6.83024],[0.68731,6.84211],[0.68304,6.82616],[0.68812,6.81626],[0.70483,6.82048],[0.72315,6.81631],[0.73022,6.80667],[0.73761,6.78706],[0.74789,6.77614],[0.74918,6.76586],[0.75368,6.76007],[0.77424,6.75043],[0.78502,6.74158],[0.8036,6.74316],[0.79278,6.75706],[0.77318,6.76895],[0.76643,6.78533],[0.73604,6.82582],[0.72371,6.83477],[0.7099,6.83024]]]}},{"id":"23","type":"Feature","properties":{"adm3_pcode":"TG040306","canton":"Agou Gadzepe","centre_lon":0.70583,"centre_lat":6.84653},"geometry":{"type":"Polygon","coordinates":[[[0.73977,6.85288],[0.71885,6.86894],[0.69713,6.87618],[0.6906,6.88327],[0.68346,6.86601],[0.6719,6.85352],[0.67337,6.8463],[0.66867,6.85153],[0.66067,6.84858],[0.6568,6.84549],[0.65782,6.83554],[0.66078,6.83123],[0.6802,6.82172],[0.67797,6.81751],[0.68226,6.80949],[0.68817,6.81644],[0.68304,6.82616],[0.68731,6.84211],[0.69594,6.84051],[0.71332,6.82972],[0.73767,6.84419],[0.73977,6.85288]]]}},{"id":"24","type":"Feature","properties":{"adm3_pcode":"TG040307","canton":"Agou Kebo","centre_lon":0.74172,"centre_lat":6.86857},"geometry":{"type":"Polygon","coordinates":[[[0.76482,6.83961],[0.7588,6.84634],[0.7604,6.88634],[0.75432,6.90315],[0.72229,6.86629],[0.73977,6.85288],[0.73767,6.84419],[0.73097,6.83995],[0.7363,6.8367],[0.75116,6.8363],[0.76482,6.83961]]]}},{"id":"25","type":"Feature","properties":{"adm3_pcode":"TG040308","canton":"Agou Yiboe/Kati","centre_lon":0.87803,"centre_lat":6.90652},"geometry":{"type":"Polygon","coordinates":[[[0.9181,6.97885],[0.90982,6.97327],[0.87448,6.96604],[0.87166,6.96242],[0.87448,6.95961],[0.8813,6.95921],[0.87809,6.93832],[0.85728,6.9185],[0.84273,6.91186],[0.83821,6.91308],[0.82633,6.89652],[0.80611,6.89115],[0.79953,6.88539],[0.76806,6.88251],[0.7604,6.88634],[0.7588,6.84634],[0.76321,6.84072],[0.78209,6.83389],[0.80499,6.84152],[0.82748,6.85679],[0.83873,6.84996],[0.85399,6.86522],[0.87166,6.87325],[0.90259,6.87888],[0.91022,6.88932],[0.92067,6.89494],[0.91986,6.9094],[0.9038,6.92547],[0.90179,6.93712],[0.9181,6.97885]]]}},{"id":"26","type":"Feature","properties":{"adm3_pcode":"TG030402","canton":"Agouegan","centre_lon":1.71979,"centre_lat":6.27397},"geometry":{"type":"Polygon","coordinates":[[[1.79138,6.30013],[1.76184,6.29515],[1.74935,6.28776],[1.74048,6.28661],[1.73621,6.2986],[1.72986,6.30179],[1.69323,6.29435],[1.68425,6.28509],[1.67822,6.28438],[1.66685,6.26769],[1.65534,6.2653],[1.64667,6.25178],[1.64804,6.2484],[1.6682,6.24761],[1.68065,6.25432],[1.68979,6.25276],[1.69461,6.25673],[1.7099,6.25677],[1.74923,6.27128],[1.76416,6.27184],[1.76907,6.27519],[1.77029,6.28188],[1.79998,6.28089],[1.80718,6.28443],[1.8055,6.29101],[1.79565,6.29363],[1.79138,6.30013]]]}},{"id":"27","type":"Feature","properties":{"adm3_pcode":"TG010501","canton":"Agoulou","centre_lon":1.36481,"centre_lat":9.19221},"geometry":{"type":"Polygon","coordinates":[[[1.28868,9.25317],[1.29999,9.22632],[1.32604,9.21216],[1.34056,9.18146],[1.33765,9.1537],[1.32885,9.14542],[1.30923,9.14313],[1.28216,9.14053],[1.26665,9.14678],[1.26837,9.1347],[1.26569,9.11573],[1.29124,9.07842],[1.31425,9.07558],[1.37715,9.0563],[1.38991,9.06851],[1.39745,9.099],[1.41046,9.12023],[1.41119,9.13189],[1.39079,9.15975],[1.39609,9.17719],[1.39655,9.19574],[1.41055,9.21909],[1.42057,9.2295],[1.43074,9.26315],[1.43714,9.27656],[1.44455,9.28421],[1.42142,9.30695],[1.41304,9.32449],[1.38427,9.30438],[1.37824,9.28618],[1.37704,9.26976],[1.37143,9.26976],[1.36783,9.26616],[1.36022,9.25174],[1.3426,9.25254],[1.31057,9.24574],[1.28868,9.25317]]]}},{"id":"28","type":"Feature","properties":{"adm3_pcode":"TG040801","canton":"Ahassome","centre_lon":1.51405,"centre_lat":7.20861},"geometry":{"type":"Polygon","coordinates":[[[1.55753,7.21136],[1.55081,7.2127],[1.52752,7.23801],[1.52953,7.25729],[1.53747,7.27457],[1.48655,7.27777],[1.46689,7.29623],[1.46767,7.28379],[1.45482,7.24001],[1.46807,7.22274],[1.46807,7.21431],[1.47891,7.20105],[1.47891,7.18981],[1.45602,7.19462],[1.44156,7.18579],[1.44277,7.13036],[1.46198,7.12355],[1.49659,7.13397],[1.49739,7.13879],[1.51306,7.14924],[1.51788,7.15767],[1.52631,7.18659],[1.53756,7.1894],[1.53957,7.19623],[1.55753,7.21136]]]}},{"id":"29","type":"Feature","properties":{"adm3_pcode":"TG030701","canton":"Ahepe","centre_lon":1.42361,"centre_lat":6.56993},"geometry":{"type":"Polygon","coordinates":[[[1.47432,6.53598],[1.46617,6.57727],[1.48058,6.57942],[1.48268,6.58295],[1.47404,6.59118],[1.45952,6.59823],[1.45881,6.61054],[1.3951,6.61998],[1.38019,6.61974],[1.37911,6.61647],[1.36933,6.61242],[1.35775,6.59302],[1.3714,6.58472],[1.3789,6.57397],[1.38735,6.54368],[1.39944,6.53482],[1.41506,6.53191],[1.42265,6.53306],[1.43096,6.53934],[1.44776,6.52428],[1.4568,6.53145],[1.47432,6.53598]]]}},{"id":"30","type":"Feature","properties":{"adm3_pcode":"TG040401","canton":"Ahlon","centre_lon":0.66391,"centre_lat":7.27877},"geometry":{"type":"Polygon","coordinates":[[[0.63965,7.24906],[0.64702,7.24388],[0.64965,7.23203],[0.6455,7.2069],[0.6654,7.21582],[0.66606,7.23029],[0.67229,7.23417],[0.6727,7.2576],[0.68717,7.28205],[0.68815,7.3212],[0.68329,7.32254],[0.67943,7.33502],[0.68256,7.35033],[0.6805,7.35255],[0.6504,7.34778],[0.65705,7.31738],[0.65384,7.3026],[0.64323,7.28139],[0.63965,7.24906]]]}},{"id":"31","type":"Feature","properties":{"adm3_pcode":"TG040702","canton":"Akata","centre_lon":0.71977,"centre_lat":7.04523},"geometry":{"type":"Polygon","coordinates":[[[0.76231,6.98173],[0.77498,6.98496],[0.77723,7.04055],[0.76373,7.04794],[0.7377,7.08746],[0.72893,7.08988],[0.7256,7.0795],[0.70031,7.09122],[0.68271,7.10855],[0.67247,7.09004],[0.65984,7.08365],[0.65826,7.07592],[0.65785,7.06605],[0.67019,7.04445],[0.68603,7.02841],[0.73292,7.0242],[0.76231,6.98173]]]}},{"id":"32","type":"Feature","properties":{"adm3_pcode":"TG030101","canton":"Akepe","centre_lon":1.07088,"centre_lat":6.23068},"geometry":{"type":"Polygon","coordinates":[[[1.04144,6.23358],[1.0583,6.22025],[1.08475,6.17284],[1.08521,6.1824],[1.09103,6.18989],[1.09071,6.22344],[1.10398,6.23942],[1.10425,6.24435],[1.0948,6.26424],[1.08902,6.26728],[1.08702,6.27557],[1.08096,6.27976],[1.07573,6.29024],[1.04652,6.25076],[1.04144,6.23358]]]}},{"id":"33","type":"Feature","properties":{"adm3_pcode":"TG030403","canton":"Aklakou","centre_lon":1.71718,"centre_lat":6.33949},"geometry":{"type":"Polygon","coordinates":[[[1.77563,6.41755],[1.76785,6.41819],[1.76674,6.42303],[1.76085,6.42433],[1.75563,6.40257],[1.73072,6.40809],[1.72217,6.39862],[1.7063,6.39687],[1.70288,6.38913],[1.69731,6.38697],[1.69513,6.39079],[1.6867,6.39127],[1.66801,6.38654],[1.65002,6.37026],[1.65341,6.3587],[1.65022,6.33134],[1.66027,6.32047],[1.65993,6.31607],[1.66679,6.31556],[1.66767,6.31205],[1.65207,6.29988],[1.64326,6.30583],[1.64819,6.2973],[1.64326,6.29014],[1.63797,6.29157],[1.64271,6.2733],[1.63907,6.25618],[1.65071,6.25562],[1.65534,6.2653],[1.66685,6.26769],[1.67822,6.28438],[1.68425,6.28509],[1.69323,6.29435],[1.72986,6.30179],[1.73621,6.2986],[1.739,6.2871],[1.74443,6.28694],[1.76184,6.29515],[1.79138,6.30013],[1.78965,6.30276],[1.7979,6.30682],[1.79842,6.31351],[1.79241,6.32879],[1.78272,6.33914],[1.78937,6.34988],[1.78193,6.37395],[1.77242,6.38026],[1.77082,6.39168],[1.77432,6.39415],[1.76922,6.39924],[1.76954,6.41155],[1.77534,6.41279],[1.77563,6.41755]]]}},{"id":"34","type":"Feature","properties":{"adm3_pcode":"TG030601","canton":"Akoumape","centre_lon":1.43719,"centre_lat":6.43362},"geometry":{"type":"Polygon","coordinates":[[[1.44484,6.52019],[1.414,6.4838],[1.39815,6.47731],[1.38447,6.45967],[1.3845,6.45152],[1.39053,6.4451],[1.39525,6.42353],[1.41629,6.37957],[1.4241,6.37719],[1.43129,6.36897],[1.43051,6.34921],[1.43973,6.34782],[1.44487,6.35041],[1.44914,6.35901],[1.46541,6.3685],[1.46576,6.39554],[1.47774,6.40545],[1.4747,6.42003],[1.48364,6.44152],[1.48274,6.45783],[1.47538,6.48055],[1.47365,6.48398],[1.46506,6.4861],[1.45339,6.51311],[1.44484,6.52019]]]}},{"id":"35","type":"Feature","properties":{"adm3_pcode":"TG040901","canton":"Akpare","centre_lon":1.34744,"centre_lat":7.45327},"geometry":{"type":"Polygon","coordinates":[[[1.24158,7.54443],[1.22122,7.52363],[1.21181,7.50805],[1.21155,7.49976],[1.22402,7.47101],[1.25667,7.47127],[1.25924,7.45867],[1.26232,7.45661],[1.2924,7.44762],[1.2978,7.43836],[1.33173,7.41471],[1.39369,7.38219],[1.41862,7.37345],[1.42968,7.36086],[1.43212,7.36057],[1.4316,7.3668],[1.44028,7.37194],[1.44092,7.39508],[1.4602,7.39733],[1.4737,7.41436],[1.47402,7.42464],[1.46534,7.424],[1.47113,7.44617],[1.46245,7.46995],[1.44903,7.47483],[1.44992,7.45967],[1.44125,7.42303],[1.43418,7.42785],[1.4316,7.43492],[1.40558,7.46545],[1.40333,7.48023],[1.38533,7.48602],[1.37891,7.49276],[1.37666,7.50112],[1.38597,7.50947],[1.37987,7.52136],[1.36091,7.52329],[1.34388,7.52875],[1.33735,7.5344],[1.29761,7.53888],[1.27287,7.53149],[1.25198,7.53759],[1.24158,7.54443]]]}},{"id":"36","type":"Feature","properties":{"adm3_pcode":"TG020601","canton":"Akponte","centre_lon":0.90663,"centre_lat":10.18912},"geometry":{"type":"Polygon","coordinates":[[[0.99396,10.21754],[0.90166,10.28999],[0.88748,10.27357],[0.87699,10.2547],[0.86651,10.24422],[0.85707,10.24107],[0.83897,10.22653],[0.84401,10.22115],[0.85789,10.18239],[0.86612,10.17434],[0.86734,10.15438],[0.87334,10.1528],[0.86423,10.13115],[0.86696,10.12901],[0.87182,10.13552],[0.87782,10.13502],[0.87794,10.11613],[0.88613,10.11348],[0.8889,10.10541],[0.89654,10.10438],[0.90857,10.0969],[0.91347,10.09639],[0.91669,10.10504],[0.92483,10.10995],[0.93136,10.10945],[0.93522,10.10192],[0.94343,10.09712],[0.94941,10.09877],[0.96731,10.10968],[0.9781,10.12648],[0.97688,10.14752],[0.95477,10.19704],[0.96019,10.20247],[0.96565,10.1998],[0.97107,10.2047],[0.97761,10.2042],[0.98092,10.19828],[0.98637,10.19831],[0.9907,10.20266],[0.99396,10.21754]]]}},{"id":"37","type":"Feature","properties":{"adm3_pcode":"TG020101","canton":"Aledjo","centre_lon":1.166,"centre_lat":9.27993},"geometry":{"type":"Polygon","coordinates":[[[1.03344,9.25848],[1.03311,9.23798],[1.02842,9.22423],[1.02465,9.21711],[1.01788,9.21364],[1.04091,9.2136],[1.07072,9.22772],[1.08274,9.23012],[1.11317,9.22732],[1.15962,9.21651],[1.1852,9.23549],[1.19813,9.23564],[1.20366,9.22652],[1.21007,9.22291],[1.26365,9.24776],[1.24813,9.26281],[1.24197,9.27593],[1.23908,9.29391],[1.22124,9.29181],[1.21667,9.2971],[1.18396,9.29638],[1.17876,9.30398],[1.17899,9.31996],[1.16718,9.33938],[1.16141,9.34174],[1.16036,9.33741],[1.1492,9.34183],[1.1291,9.33225],[1.1247,9.3184],[1.09427,9.28877],[1.08787,9.27475],[1.08827,9.26274],[1.03344,9.25848]]]}},{"id":"38","type":"Feature","properties":{"adm3_pcode":"TG010502","canton":"Aleheride/Amaide","centre_lon":1.15884,"centre_lat":9.1555},"geometry":{"type":"Polygon","coordinates":[[[1.07051,9.22736],[1.06784,9.11566],[1.08635,9.09781],[1.11313,9.12331],[1.16933,9.13101],[1.18082,9.12879],[1.21827,9.09875],[1.26362,9.0802],[1.29124,9.07842],[1.26569,9.11573],[1.26791,9.14627],[1.22156,9.17078],[1.21833,9.17854],[1.22577,9.19758],[1.22706,9.22919],[1.21007,9.22291],[1.20366,9.22652],[1.19813,9.23564],[1.1852,9.23549],[1.15962,9.21651],[1.09795,9.22932],[1.07051,9.22736]]]}},{"id":"39","type":"Feature","properties":{"adm3_pcode":"TG010402","canton":"Alibi","centre_lon":1.3642,"centre_lat":8.81265},"geometry":{"type":"Polygon","coordinates":[[[1.25344,8.6396],[1.44385,8.64299],[1.4483,8.66286],[1.44556,8.67039],[1.43632,8.67964],[1.4305,8.69402],[1.42262,8.69608],[1.42262,8.70669],[1.41543,8.7084],[1.41354,8.71268],[1.41354,8.72741],[1.4084,8.73563],[1.40772,8.78837],[1.4019,8.80926],[1.41183,8.8305],[1.41782,8.8567],[1.42433,8.86457],[1.42553,8.89762],[1.43786,8.91817],[1.43649,8.9555],[1.4156,8.97776],[1.38272,8.98392],[1.38008,8.99114],[1.37324,8.97703],[1.36462,8.97108],[1.35599,8.969],[1.3084,8.97465],[1.29502,8.96781],[1.2968,8.94015],[1.2846,8.90571],[1.28318,8.8693],[1.28484,8.8624],[1.30607,8.85107],[1.31026,8.8446],[1.32415,8.81605],[1.32663,8.80196],[1.32263,8.79739],[1.3134,8.79501],[1.3073,8.78702],[1.30616,8.76227],[1.27866,8.74352],[1.27238,8.73591],[1.27729,8.71953],[1.27343,8.71239],[1.25975,8.70347],[1.26272,8.68711],[1.26986,8.67402],[1.27016,8.6648],[1.2651,8.65172],[1.25344,8.6396]]]}},{"id":"40","type":"Feature","properties":{"adm3_pcode":"TG020502","canton":"Aloum","centre_lon":0.97102,"centre_lat":9.77426},"geometry":{"type":"Polygon","coordinates":[[[1.02062,9.78321],[1.02002,9.77201],[1.01531,9.77054],[1.00398,9.78451],[0.9862,9.78621],[0.90214,9.76807],[0.86069,9.76428],[0.8567,9.75623],[0.85964,9.74442],[0.86825,9.74021],[0.87167,9.7284],[0.86447,9.71629],[0.86453,9.70564],[0.91228,9.69824],[0.97123,9.71279],[1.01944,9.72983],[1.02682,9.73884],[1.03083,9.75014],[1.04703,9.76931],[1.08035,9.82925],[1.07713,9.82776],[1.05415,9.84959],[1.04281,9.84926],[1.03278,9.82355],[1.03498,9.8196],[1.02062,9.78321]]]}},{"id":"41","type":"Feature","properties":{"adm3_pcode":"TG040102","canton":"Amou-Oblo","centre_lon":0.86494,"centre_lat":7.36132},"geometry":{"type":"Polygon","coordinates":[[[0.95061,7.39788],[0.94006,7.39226],[0.92721,7.39427],[0.90351,7.38945],[0.87138,7.41596],[0.84867,7.41803],[0.83964,7.40712],[0.80109,7.39025],[0.78663,7.36174],[0.76212,7.34647],[0.76052,7.31835],[0.79805,7.30395],[0.79699,7.31646],[0.80094,7.33723],[0.79866,7.35509],[0.80676,7.36049],[0.82171,7.36091],[0.82981,7.358],[0.84414,7.33453],[0.86868,7.31834],[0.8766,7.32277],[0.90431,7.32197],[0.92038,7.31474],[0.93203,7.31353],[0.93605,7.32358],[0.9466,7.3209],[0.94368,7.36455],[0.95934,7.38383],[0.95061,7.39788]]]}},{"id":"42","type":"Feature","properties":{"adm3_pcode":"TG030702","canton":"Amoussime","centre_lon":1.51044,"centre_lat":6.63782},"geometry":{"type":"Polygon","coordinates":[[[1.45701,6.66712],[1.4584,6.66031],[1.48881,6.62345],[1.49712,6.60853],[1.50642,6.61313],[1.51294,6.60946],[1.51997,6.60983],[1.53718,6.61603],[1.54672,6.64294],[1.54451,6.65245],[1.54805,6.66213],[1.51426,6.65819],[1.4787,6.66592],[1.45701,6.66712]]]}},{"id":"43","type":"Feature","properties":{"adm3_pcode":"TG040310","canton":"Amoussou Kope","centre_lon":0.84433,"centre_lat":6.66158},"geometry":{"type":"Polygon","coordinates":[[[0.89698,6.76999],[0.87376,6.7757],[0.86348,6.77055],[0.85416,6.74196],[0.83649,6.72717],[0.8036,6.74316],[0.78502,6.74158],[0.7842,6.72955],[0.77602,6.71531],[0.78742,6.70673],[0.79866,6.70287],[0.8157,6.7093],[0.81923,6.7032],[0.8173,6.68552],[0.82823,6.67428],[0.81537,6.6505],[0.81602,6.64793],[0.82469,6.64696],[0.82405,6.64278],[0.81473,6.63154],[0.79573,6.55064],[0.81666,6.55272],[0.82352,6.55795],[0.83002,6.5704],[0.8414,6.61267],[0.85492,6.6295],[0.8662,6.6555],[0.87431,6.69466],[0.8801,6.70151],[0.90008,6.70301],[0.90099,6.74346],[0.89698,6.76999]]]}},{"id":"44","type":"Feature","properties":{"adm3_pcode":"TG030302","canton":"Amoutive","centre_lon":1.26591,"centre_lat":6.21877},"geometry":{"type":"Polygon","coordinates":[[[1.27001,6.25014],[1.25316,6.25678],[1.24829,6.23322],[1.24157,6.22739],[1.24452,6.22743],[1.25012,6.21948],[1.24118,6.20702],[1.22937,6.20412],[1.27565,6.19845],[1.27568,6.18903],[1.29519,6.1816],[1.28215,6.20113],[1.28142,6.23702],[1.27001,6.25014]]]}},{"id":"45","type":"Feature","properties":{"adm3_pcode":"TG030404","canton":"Aneho","centre_lon":1.60711,"centre_lat":6.23807},"geometry":{"type":"Polygon","coordinates":[[[1.62938,6.24241],[1.64804,6.2484],[1.64714,6.25438],[1.63893,6.25744],[1.58499,6.24269],[1.58745,6.21674],[1.62766,6.2257],[1.62938,6.24241]]]}},{"id":"46","type":"Feature","properties":{"adm3_pcode":"TG030405","canton":"Anfoin","centre_lon":1.61107,"centre_lat":6.3401},"geometry":{"type":"Polygon","coordinates":[[[1.61142,6.37621],[1.60713,6.38193],[1.60486,6.34851],[1.59563,6.34972],[1.59472,6.33301],[1.60112,6.29801],[1.62613,6.29926],[1.62083,6.31285],[1.62083,6.32169],[1.63251,6.35725],[1.63678,6.36167],[1.63195,6.3645],[1.62951,6.3722],[1.62251,6.37135],[1.61142,6.37621]]]}},{"id":"47","type":"Feature","properties":{"adm3_pcode":"TG041102","canton":"Anie","centre_lon":1.15344,"centre_lat":7.78049},"geometry":{"type":"Polygon","coordinates":[[[1.31701,7.67544],[1.29571,7.68878],[1.29181,7.6984],[1.28011,7.70931],[1.28505,7.72439],[1.27284,7.74466],[1.23463,7.75714],[1.21332,7.75921],[1.19851,7.77325],[1.18265,7.7982],[1.18863,7.80729],[1.24711,7.839],[1.25021,7.84482],[1.24367,7.84543],[1.233,7.85359],[1.21856,7.85673],[1.2265,7.87653],[1.20934,7.87633],[1.20449,7.88166],[1.20788,7.89705],[1.19317,7.89604],[1.17293,7.91243],[1.15686,7.91275],[1.13506,7.90136],[1.14947,7.88222],[1.14915,7.86841],[1.15975,7.82278],[1.1604,7.79739],[1.14947,7.78486],[1.13951,7.78389],[1.11059,7.79868],[1.11267,7.77695],[1.1422,7.76879],[1.14302,7.75707],[1.13685,7.74],[1.11599,7.72867],[1.1167,7.71095],[1.14497,7.71256],[1.15783,7.72895],[1.15911,7.73473],[1.16618,7.73891],[1.1755,7.73634],[1.18161,7.71995],[1.18032,7.70613],[1.17293,7.69231],[1.17582,7.68267],[1.19317,7.67721],[1.22852,7.68203],[1.2629,7.67978],[1.28604,7.665],[1.29455,7.6499],[1.3095,7.66211],[1.31701,7.67544]]]}},{"id":"48","type":"Feature","properties":{"adm3_pcode":"TG030602","canton":"Anyron Kope","centre_lon":1.55344,"centre_lat":6.25909},"geometry":{"type":"Polygon","coordinates":[[[1.58301,6.25582],[1.5778,6.25553],[1.5651,6.2794],[1.55136,6.28622],[1.52801,6.29002],[1.52466,6.28814],[1.52883,6.27564],[1.52239,6.27164],[1.52208,6.2682],[1.53376,6.26345],[1.53166,6.25782],[1.53476,6.25502],[1.53706,6.23983],[1.53679,6.2359],[1.5272,6.23278],[1.53409,6.22638],[1.58503,6.23056],[1.58301,6.25582]]]}},{"id":"49","type":"Feature","properties":{"adm3_pcode":"TG010302","canton":"Aouda","centre_lon":0.85838,"centre_lat":8.86227},"geometry":{"type":"Polygon","coordinates":[[[0.7416,8.86916],[0.75162,8.86515],[0.80618,8.8186],[0.82269,8.77856],[0.8307,8.76955],[0.86023,8.76555],[0.87189,8.75568],[0.88335,8.75344],[0.93256,8.75629],[0.95858,8.73226],[0.98261,8.69523],[1.04367,8.68572],[1.10974,8.68522],[1.15879,8.69623],[1.1683,8.68972],[1.17431,8.67971],[1.18381,8.67521],[1.21237,8.68473],[1.20339,8.7268],[1.19805,8.7365],[1.17806,8.74277],[1.17754,8.74544],[1.14935,8.74456],[1.13153,8.7393],[1.11067,8.74881],[1.10394,8.75543],[1.09056,8.75536],[1.07796,8.74717],[1.06385,8.74561],[1.04067,8.7699],[1.03025,8.77355],[1.01564,8.78732],[0.98011,8.78782],[0.9736,8.78482],[0.9706,8.7703],[0.96259,8.7698],[0.96109,8.77581],[0.95108,8.78432],[0.93506,8.79233],[0.93206,8.80184],[0.93406,8.81135],[0.94507,8.83587],[0.95508,8.84738],[0.96409,8.86991],[0.96609,8.88742],[0.96259,8.89343],[0.95221,8.90477],[0.92317,8.90978],[0.90305,8.91781],[0.87655,9.00199],[0.842,9.01256],[0.822,9.01338],[0.78575,9.02547],[0.78036,9.05005],[0.77367,9.05379],[0.76749,9.05281],[0.75659,9.0447],[0.74706,9.04559],[0.73464,9.05308],[0.72234,9.04023],[0.71391,9.01793],[0.70966,9.01365],[0.6932,9.01021],[0.70783,8.97852],[0.71283,8.94648],[0.71283,8.90694],[0.71784,8.89243],[0.7416,8.86916]]]}},{"id":"50","type":"Feature","properties":{"adm3_pcode":"TG030102","canton":"Assahoun/Ando Peme","centre_lon":0.85116,"centre_lat":6.49868},"geometry":{"type":"Polygon","coordinates":[[[1.00675,6.52983],[0.99559,6.55819],[0.98352,6.56992],[0.97098,6.57448],[0.97292,6.5662],[0.9622,6.562],[0.94545,6.56111],[0.93236,6.53908],[0.92033,6.52926],[0.89885,6.54087],[0.88809,6.55428],[0.87928,6.55918],[0.87539,6.56933],[0.88028,6.5828],[0.8786,6.58939],[0.87062,6.59347],[0.85502,6.59073],[0.83939,6.57659],[0.83177,6.57636],[0.82022,6.554],[0.79573,6.55064],[0.76392,6.52606],[0.75239,6.52727],[0.7215,6.51884],[0.71859,6.51345],[0.7278,6.47889],[0.74133,6.46166],[0.74856,6.44109],[0.75684,6.43152],[0.7626,6.43182],[0.77609,6.42227],[0.78243,6.41571],[0.78882,6.39981],[0.82223,6.41752],[0.82799,6.4181],[0.84065,6.41101],[0.87549,6.41638],[0.89383,6.42716],[0.90851,6.44221],[0.92263,6.44048],[0.93345,6.45255],[0.94551,6.45945],[0.96985,6.46607],[0.97906,6.48052],[0.98134,6.51005],[0.972,6.53429],[0.97265,6.54282],[0.9823,6.5462],[0.99669,6.52943],[1.00675,6.52983]]]}},{"id":"51","type":"Feature","properties":{"adm3_pcode":"TG040601","canton":"Assrama","centre_lon":1.4583,"centre_lat":6.9902},"geometry":{"type":"Polygon","coordinates":[[[1.34207,7.10308],[1.36129,7.08501],[1.36005,7.06777],[1.36356,7.04417],[1.38465,7.01103],[1.38465,7.00601],[1.35151,6.98593],[1.33645,6.96886],[1.32615,6.96218],[1.34749,6.95129],[1.36205,6.93974],[1.37712,6.91965],[1.41628,6.89104],[1.43034,6.88551],[1.41037,6.84366],[1.47076,6.83003],[1.49937,6.83656],[1.51946,6.84761],[1.53201,6.85865],[1.55661,6.90183],[1.5777,6.90886],[1.57569,6.94652],[1.55912,6.97112],[1.55816,6.998],[1.54986,7.01133],[1.53625,7.01307],[1.53474,7.01608],[1.53434,7.04058],[1.55402,7.0442],[1.56647,7.06147],[1.56213,7.0716],[1.52591,7.08176],[1.49538,7.10505],[1.47008,7.10184],[1.46446,7.10666],[1.46205,7.12353],[1.44277,7.13036],[1.44207,7.13646],[1.41425,7.15004],[1.39577,7.15205],[1.38452,7.14964],[1.3789,7.14],[1.37207,7.14482],[1.3552,7.13317],[1.35078,7.12473],[1.34525,7.12157],[1.34207,7.10308]]]}},{"id":"52","type":"Feature","properties":{"adm3_pcode":"TG020602","canton":"Atalote","centre_lon":0.88673,"centre_lat":9.94795},"geometry":{"type":"Polygon","coordinates":[[[0.96677,9.84962],[0.96807,9.86175],[0.98463,9.88776],[1.00791,9.8986],[1.02873,9.91289],[1.03838,9.93091],[1.03241,9.93813],[1.01854,9.92665],[1.00256,9.91999],[0.98897,9.91991],[0.9621,9.927],[0.95524,9.96461],[0.9356,9.98522],[0.92021,9.99445],[0.90019,10.01885],[0.89383,10.03228],[0.86581,10.05386],[0.85687,10.04731],[0.8621,10.03415],[0.86076,10.02689],[0.84582,10.01954],[0.80701,9.98716],[0.78904,9.98005],[0.80961,9.96265],[0.81809,9.94509],[0.81793,9.91711],[0.82472,9.88987],[0.83746,9.87763],[0.84057,9.88347],[0.8497,9.87703],[0.84428,9.86143],[0.84916,9.85181],[0.85798,9.86567],[0.86774,9.87149],[0.89715,9.86772],[0.90488,9.85562],[0.91035,9.85288],[0.92968,9.85878],[0.94578,9.84697],[0.96677,9.84962]]]}},{"id":"53","type":"Feature","properties":{"adm3_pcode":"TG020701","canton":"Atchangbade","centre_lon":1.10937,"centre_lat":9.47373},"geometry":{"type":"Polygon","coordinates":[[[1.14014,9.52559],[1.14129,9.54298],[1.13597,9.55018],[1.127,9.54922],[1.1001,9.5569],[1.07095,9.58125],[1.0541,9.58562],[1.05085,9.5745],[1.05365,9.56491],[1.06454,9.54857],[1.08152,9.5364],[1.11451,9.52103],[1.11675,9.5143],[1.11195,9.50725],[1.0802,9.49422],[1.06008,9.44672],[1.0508,9.41175],[1.05343,9.40288],[1.05784,9.40249],[1.06704,9.39087],[1.08026,9.36645],[1.09347,9.36284],[1.09627,9.38006],[1.10228,9.39127],[1.13191,9.4121],[1.14395,9.40942],[1.15011,9.41576],[1.15125,9.42643],[1.1459,9.43197],[1.15167,9.45824],[1.15103,9.46817],[1.14174,9.48387],[1.1443,9.49892],[1.14014,9.52559]]]}},{"id":"54","type":"Feature","properties":{"adm3_pcode":"TG041103","canton":"Atchinedji","centre_lon":1.38843,"centre_lat":7.57953},"geometry":{"type":"Polygon","coordinates":[[[1.45185,7.48634],[1.44604,7.49743],[1.46775,7.55804],[1.47074,7.59396],[1.4887,7.62389],[1.49924,7.6653],[1.4671,7.66343],[1.44764,7.68476],[1.43446,7.69104],[1.42128,7.70673],[1.38111,7.72179],[1.36365,7.73402],[1.34709,7.71963],[1.33167,7.70035],[1.32171,7.6785],[1.31528,7.67432],[1.3095,7.66211],[1.29439,7.64974],[1.29439,7.64427],[1.29986,7.63817],[1.29793,7.63014],[1.29375,7.61792],[1.28411,7.61214],[1.28443,7.6086],[1.287,7.6025],[1.29825,7.59704],[1.30693,7.60346],[1.314,7.60089],[1.31914,7.59415],[1.30725,7.5829],[1.30693,7.57101],[1.33231,7.55719],[1.34838,7.55944],[1.35127,7.55398],[1.34902,7.5453],[1.3381,7.54145],[1.33745,7.5339],[1.34388,7.52875],[1.36091,7.52329],[1.37987,7.52136],[1.38597,7.50947],[1.37666,7.50112],[1.37891,7.49276],[1.38533,7.48602],[1.40333,7.48023],[1.40558,7.46545],[1.4316,7.43492],[1.43418,7.42785],[1.44125,7.42303],[1.44992,7.45967],[1.44896,7.47605],[1.45185,7.48634]]]}},{"id":"55","type":"Feature","properties":{"adm3_pcode":"TG010102","canton":"Atchintse","centre_lon":0.66584,"centre_lat":7.97943},"geometry":{"type":"Polygon","coordinates":[[[0.69647,7.96175],[0.73324,7.9756],[0.73372,7.98311],[0.72282,8.00225],[0.72209,8.01121],[0.72597,8.03011],[0.73348,8.03689],[0.73166,8.04089],[0.71785,8.04864],[0.71543,8.05979],[0.68699,8.06636],[0.68417,8.0577],[0.6766,8.04938],[0.652,8.02969],[0.64745,8.00698],[0.63875,8.0013],[0.60722,8.00368],[0.60108,7.99998],[0.59768,7.97575],[0.60941,7.92352],[0.61357,7.92087],[0.61168,7.90686],[0.61585,7.89096],[0.67868,7.89702],[0.70007,7.92106],[0.69056,7.94266],[0.69004,7.95569],[0.69647,7.96175]]]}},{"id":"56","type":"Feature","properties":{"adm3_pcode":"TG040602","canton":"Atsave","centre_lon":1.31156,"centre_lat":6.87377},"geometry":{"type":"Polygon","coordinates":[[[1.32615,6.96218],[1.3008,6.94024],[1.2757,6.93773],[1.27064,6.93307],[1.25595,6.93061],[1.23553,6.93321],[1.22699,6.93723],[1.2044,6.92769],[1.19436,6.91112],[1.19687,6.89455],[1.19097,6.88522],[1.20651,6.86175],[1.21514,6.85828],[1.22629,6.84693],[1.22326,6.8357],[1.22981,6.82248],[1.26246,6.82115],[1.27035,6.80683],[1.29023,6.80072],[1.29045,6.79172],[1.30167,6.78264],[1.35101,6.81874],[1.40523,6.83681],[1.41276,6.84685],[1.43034,6.88551],[1.41628,6.89104],[1.37712,6.91965],[1.36205,6.93974],[1.34749,6.95129],[1.32615,6.96218]]]}},{"id":"57","type":"Feature","properties":{"adm3_pcode":"TG030203","canton":"Attitogon","centre_lon":1.64854,"centre_lat":6.41024},"geometry":{"type":"Polygon","coordinates":[[[1.68014,6.39065],[1.67464,6.41104],[1.67598,6.42732],[1.68245,6.43345],[1.72936,6.44844],[1.71323,6.46478],[1.70611,6.46452],[1.69574,6.45289],[1.66038,6.4562],[1.63836,6.45285],[1.61634,6.45661],[1.60676,6.45051],[1.6077,6.44383],[1.59942,6.43643],[1.61275,6.43374],[1.62649,6.40259],[1.62863,6.39046],[1.62629,6.38227],[1.63195,6.3645],[1.6527,6.35647],[1.65002,6.37026],[1.66415,6.38461],[1.68014,6.39065]]]}},{"id":"58","type":"Feature","properties":{"adm3_pcode":"TG040103","canton":"Avedje","centre_lon":1.12996,"centre_lat":7.42169},"geometry":{"type":"Polygon","coordinates":[[[1.117,7.35534],[1.11881,7.35933],[1.13513,7.35996],[1.14141,7.36498],[1.14266,7.39887],[1.13894,7.42863],[1.14451,7.44167],[1.14491,7.45894],[1.13447,7.48023],[1.11893,7.47805],[1.10876,7.48143],[1.10334,7.48053],[1.1184,7.43845],[1.12081,7.41476],[1.12122,7.39708],[1.11037,7.37057],[1.11198,7.35772],[1.117,7.35534]]]}},{"id":"59","type":"Feature","properties":{"adm3_pcode":"TG020702","canton":"Awandjelo","centre_lon":1.19187,"centre_lat":9.4749},"geometry":{"type":"Polygon","coordinates":[[[1.21498,9.53187],[1.20388,9.54089],[1.19331,9.54313],[1.17826,9.53832],[1.17153,9.53224],[1.14014,9.52679],[1.1443,9.49892],[1.14174,9.48387],[1.14975,9.47298],[1.15167,9.45824],[1.1459,9.43197],[1.15125,9.42643],[1.15131,9.41936],[1.14395,9.40942],[1.15932,9.40935],[1.16652,9.41616],[1.19157,9.42211],[1.20318,9.43732],[1.21319,9.44453],[1.22961,9.44413],[1.26145,9.43602],[1.25738,9.45824],[1.23335,9.47714],[1.22727,9.49124],[1.21958,9.49892],[1.21317,9.51943],[1.21498,9.53187]]]}},{"id":"60","type":"Feature","properties":{"adm3_pcode":"TG040501","canton":"Badin","centre_lon":1.54327,"centre_lat":8.25428},"geometry":{"type":"Polygon","coordinates":[[[1.65055,8.47829],[1.61959,8.47007],[1.59383,8.45528],[1.52479,8.43774],[1.51301,8.42815],[1.50068,8.40322],[1.47301,8.37171],[1.47232,8.33815],[1.48301,8.31952],[1.48904,8.31541],[1.50287,8.25637],[1.51164,8.235],[1.5078,8.21664],[1.4878,8.17801],[1.47348,8.13048],[1.46594,8.12294],[1.45087,8.11678],[1.43991,8.10103],[1.43204,8.07705],[1.43409,8.0726],[1.43101,8.06027],[1.44436,8.03801],[1.46765,8.0315],[1.47896,8.03561],[1.48101,8.05137],[1.49813,8.0976],[1.49848,8.10514],[1.50498,8.11267],[1.52108,8.1137],[1.52759,8.12158],[1.54848,8.17329],[1.56218,8.1839],[1.58341,8.24213],[1.58341,8.25548],[1.59059,8.26586],[1.62079,8.28951],[1.63966,8.29594],[1.63685,8.33972],[1.62532,8.3516],[1.62601,8.36704],[1.63324,8.40399],[1.64609,8.41725],[1.63966,8.43251],[1.6464,8.46984],[1.65055,8.47829]]]}},{"id":"61","type":"Feature","properties":{"adm3_pcode":"TG030103","canton":"Badja","centre_lon":1.01827,"centre_lat":6.37638},"geometry":{"type":"Polygon","coordinates":[[[1.06591,6.4632],[1.05487,6.44757],[1.03427,6.43369],[1.02421,6.43288],[1.00442,6.44806],[0.96909,6.44552],[0.96197,6.42386],[0.94931,6.41077],[0.95719,6.40382],[0.96548,6.32348],[0.9961,6.32405],[1.00212,6.30654],[1.04708,6.32155],[1.04632,6.32653],[1.06473,6.32662],[1.0673,6.32899],[1.07808,6.38781],[1.07384,6.40351],[1.07875,6.43731],[1.07835,6.4507],[1.06591,6.4632]]]}},{"id":"62","type":"Feature","properties":{"adm3_pcode":"TG040201","canton":"Badou","centre_lon":0.57635,"centre_lat":7.56337},"geometry":{"type":"Polygon","coordinates":[[[0.64511,7.56853],[0.64443,7.57663],[0.63921,7.58265],[0.62636,7.58627],[0.57695,7.61642],[0.54844,7.60715],[0.54522,7.60073],[0.53679,7.59992],[0.51791,7.58747],[0.51751,7.55895],[0.50827,7.52441],[0.51028,7.51437],[0.53438,7.52039],[0.54562,7.52722],[0.56651,7.52963],[0.56892,7.53606],[0.58177,7.53646],[0.60065,7.5465],[0.63238,7.5469],[0.63319,7.56016],[0.6372,7.56659],[0.64511,7.56853]]]}},{"id":"63","type":"Feature","properties":{"adm3_pcode":"TG020102","canton":"Bafilo","centre_lon":1.26115,"centre_lat":9.36695},"geometry":{"type":"Polygon","coordinates":[[[1.31537,9.38868],[1.32805,9.43859],[1.29335,9.42952],[1.28855,9.41991],[1.28454,9.41951],[1.28094,9.41431],[1.27894,9.4059],[1.26572,9.39909],[1.26132,9.40029],[1.25531,9.39149],[1.2429,9.38708],[1.23489,9.37947],[1.22528,9.35985],[1.21887,9.36025],[1.19645,9.37307],[1.18124,9.39269],[1.16802,9.4027],[1.15921,9.4035],[1.15115,9.39458],[1.14644,9.37993],[1.15106,9.35968],[1.13635,9.33702],[1.1492,9.34183],[1.16036,9.33741],[1.16141,9.34174],[1.16718,9.33938],[1.17899,9.31996],[1.17876,9.30398],[1.18396,9.29638],[1.2164,9.29678],[1.2228,9.30518],[1.2932,9.31608],[1.30056,9.34544],[1.28734,9.35224],[1.29215,9.36946],[1.29495,9.37467],[1.30496,9.37627],[1.31537,9.38868]]]}},{"id":"64","type":"Feature","properties":{"adm3_pcode":"TG020503","canton":"Baga","centre_lon":1.10028,"centre_lat":9.80472},"geometry":{"type":"Polygon","coordinates":[[[1.13957,9.80312],[1.12026,9.81318],[1.12022,9.82009],[1.12657,9.82675],[1.12662,9.84291],[1.1101,9.83875],[1.08035,9.82925],[1.05198,9.77811],[1.05878,9.77219],[1.07775,9.76958],[1.0924,9.77219],[1.10621,9.78336],[1.12451,9.7871],[1.1362,9.79419],[1.13957,9.80312]]]}},{"id":"65","type":"Feature","properties":{"adm3_pcode":"TG020201","canton":"Baghan","centre_lon":0.56208,"centre_lat":8.98201},"geometry":{"type":"Polygon","coordinates":[[[0.62929,9.10346],[0.60494,9.08396],[0.55698,9.06613],[0.54264,9.07456],[0.52979,9.07541],[0.50162,9.08611],[0.47322,9.10041],[0.4602,9.08818],[0.45555,9.07254],[0.45289,9.04366],[0.45542,9.02238],[0.51609,8.9206],[0.5167,8.89978],[0.52778,8.87998],[0.52689,8.87051],[0.51928,8.86999],[0.51748,8.85436],[0.50378,8.84102],[0.53939,8.85119],[0.54992,8.87116],[0.55993,8.87867],[0.58295,8.87666],[0.5909,8.87945],[0.59098,8.89128],[0.57904,8.8983],[0.57804,8.90586],[0.587,8.91822],[0.61358,8.92833],[0.63202,8.94738],[0.63381,8.9649],[0.64227,8.98152],[0.66504,8.9828],[0.68505,9.0128],[0.69106,9.01481],[0.7011,9.0117],[0.71391,9.01793],[0.71789,9.06623],[0.71719,9.10124],[0.71277,9.12298],[0.66236,9.10458],[0.63923,9.11243],[0.63575,9.10545],[0.62929,9.10346]]]}},{"id":"66","type":"Feature","properties":{"adm3_pcode":"TG010403","canton":"Bago","centre_lon":1.35288,"centre_lat":8.43941},"geometry":{"type":"Polygon","coordinates":[[[1.22895,8.37843],[1.2447,8.37295],[1.27758,8.37261],[1.28786,8.36644],[1.3108,8.3661],[1.32005,8.35788],[1.33854,8.35959],[1.35738,8.35103],[1.38478,8.35514],[1.38888,8.35891],[1.40498,8.36268],[1.44642,8.36199],[1.46937,8.36816],[1.47847,8.37764],[1.47673,8.40473],[1.48002,8.42239],[1.47253,8.44425],[1.44364,8.46535],[1.41939,8.47404],[1.40263,8.47344],[1.39604,8.46476],[1.38227,8.45967],[1.37168,8.45967],[1.36161,8.48725],[1.34476,8.5007],[1.34132,8.50874],[1.31842,8.50974],[1.29445,8.52339],[1.28572,8.52484],[1.26572,8.50996],[1.25355,8.49031],[1.23755,8.48546],[1.23734,8.47826],[1.22946,8.46593],[1.22698,8.44876],[1.23537,8.41398],[1.2352,8.39597],[1.22895,8.37843]]]}},{"id":"67","type":"Feature","properties":{"adm3_pcode":"TG051501","canton":"Bagou","centre_lon":0.0353,"centre_lat":10.67333},"geometry":{"type":"Polygon","coordinates":[[[0.04145,10.69954],[0.0081,10.70503],[0.00349,10.70063],[0.00017,10.68994],[0.01571,10.65328],[0.01702,10.64385],[0.06662,10.67186],[0.04145,10.69954]]]}},{"id":"68","type":"Feature","properties":{"adm3_pcode":"TG030303","canton":"Baguida","centre_lon":1.33748,"centre_lat":6.18284},"geometry":{"type":"Polygon","coordinates":[[[1.39727,6.21439],[1.34335,6.20729],[1.30101,6.19094],[1.28983,6.19014],[1.29738,6.18093],[1.30232,6.16383],[1.3097,6.16621],[1.3154,6.1506],[1.38929,6.17415],[1.38211,6.17668],[1.38017,6.18135],[1.38266,6.19807],[1.39325,6.20328],[1.39727,6.21439]]]}},{"id":"69","type":"Feature","properties":{"adm3_pcode":"TG010404","canton":"Balanka","centre_lon":1.60037,"centre_lat":8.86217},"geometry":{"type":"Polygon","coordinates":[[[1.5854,8.79982],[1.60173,8.80806],[1.6257,8.80875],[1.63167,8.81631],[1.62896,8.8305],[1.63273,8.86029],[1.62553,8.92228],[1.59129,8.89693],[1.57759,8.87981],[1.56663,8.85824],[1.57451,8.80652],[1.5854,8.79982]]]}},{"id":"70","type":"Feature","properties":{"adm3_pcode":"TG020202","canton":"Bangeli","centre_lon":0.63594,"centre_lat":9.4081},"geometry":{"type":"Polygon","coordinates":[[[0.69593,9.41751],[0.69256,9.46564],[0.68768,9.47716],[0.64427,9.47065],[0.58246,9.48065],[0.55907,9.47589],[0.55026,9.46177],[0.53922,9.42919],[0.54783,9.42521],[0.56228,9.40402],[0.56336,9.3851],[0.57599,9.35017],[0.6064,9.36315],[0.61848,9.33816],[0.6347,9.334],[0.65515,9.34029],[0.65792,9.35403],[0.66601,9.35409],[0.67212,9.36738],[0.69394,9.38172],[0.69581,9.38835],[0.7119,9.40502],[0.71376,9.41282],[0.70145,9.41361],[0.69593,9.41751]]]}},{"id":"71","type":"Feature","properties":{"adm3_pcode":"TG020401","canton":"Bapure","centre_lon":0.58564,"centre_lat":9.52316},"geometry":{"type":"Polygon","coordinates":[[[0.68768,9.47716],[0.68862,9.4804],[0.69911,9.4842],[0.67765,9.50492],[0.67187,9.52776],[0.66209,9.54292],[0.6547,9.54835],[0.62145,9.55832],[0.59371,9.55533],[0.57832,9.5667],[0.57699,9.61152],[0.56896,9.61821],[0.55625,9.62289],[0.54287,9.62356],[0.51612,9.59747],[0.49959,9.57039],[0.50454,9.56507],[0.50454,9.5476],[0.49358,9.53767],[0.50009,9.51815],[0.50386,9.48869],[0.4953,9.4863],[0.4943,9.46899],[0.50294,9.45999],[0.49966,9.44107],[0.51819,9.44313],[0.52925,9.43183],[0.53879,9.4285],[0.55026,9.46177],[0.55907,9.47589],[0.58246,9.48065],[0.64427,9.47065],[0.68768,9.47716]]]}},{"id":"72","type":"Feature","properties":{"adm3_pcode":"TG051401","canton":"Barkoissi","centre_lon":0.32987,"centre_lat":10.58411},"geometry":{"type":"Polygon","coordinates":[[[0.33532,10.63306],[0.32539,10.62902],[0.31944,10.6215],[0.31137,10.59659],[0.27518,10.56717],[0.27747,10.56258],[0.29584,10.55856],[0.29728,10.55397],[0.29441,10.54938],[0.30187,10.54392],[0.31421,10.54335],[0.31536,10.53646],[0.33689,10.55684],[0.3587,10.56143],[0.36415,10.57004],[0.36301,10.58296],[0.34923,10.59186],[0.36017,10.59917],[0.35018,10.61533],[0.34233,10.61735],[0.34233,10.6252],[0.33532,10.63306]]]}},{"id":"73","type":"Feature","properties":{"adm3_pcode":"TG020203","canton":"Bassar","centre_lon":0.85801,"centre_lat":9.21088},"geometry":{"type":"Polygon","coordinates":[[[0.79323,9.36816],[0.75682,9.38762],[0.74055,9.40326],[0.73345,9.41624],[0.72461,9.41649],[0.71376,9.41282],[0.7119,9.40502],[0.69581,9.38835],[0.69394,9.38172],[0.67294,9.36814],[0.68523,9.36146],[0.68272,9.35176],[0.69512,9.31991],[0.70704,9.27638],[0.71628,9.25791],[0.71859,9.23323],[0.70983,9.21426],[0.70376,9.20964],[0.65585,9.18241],[0.63556,9.18579],[0.63479,9.17927],[0.64005,9.17552],[0.64392,9.1656],[0.64111,9.15944],[0.64649,9.13723],[0.64512,9.1287],[0.6399,9.1263],[0.63615,9.11729],[0.63923,9.11243],[0.66236,9.10458],[0.71277,9.12298],[0.71719,9.10124],[0.71543,9.02453],[0.72234,9.04023],[0.73464,9.05308],[0.74706,9.04559],[0.75659,9.0447],[0.76749,9.05281],[0.77367,9.05379],[0.78036,9.05005],[0.78575,9.02547],[0.79289,9.02504],[0.8096,9.01662],[0.842,9.01256],[0.86633,9.0037],[0.94961,9.01553],[0.96656,9.0268],[0.98362,9.05249],[0.99289,9.05428],[1.00216,9.06316],[1.00114,9.07498],[0.99104,9.09386],[0.98763,9.10757],[0.98534,9.17571],[0.9933,9.20037],[1.00658,9.20991],[1.02465,9.21711],[1.02842,9.22423],[1.03311,9.23798],[1.03099,9.27489],[1.02617,9.28575],[1.00994,9.29087],[0.99877,9.30442],[0.99039,9.30903],[0.98897,9.31387],[0.98433,9.31373],[0.97925,9.32665],[0.97373,9.33184],[0.95749,9.33837],[0.95641,9.36014],[0.92373,9.32587],[0.91218,9.34293],[0.9007,9.34948],[0.8759,9.35312],[0.84536,9.37762],[0.82741,9.36504],[0.79323,9.36816]]]}},{"id":"74","type":"Feature","properties":{"adm3_pcode":"TG051701","canton":"Biankouri","centre_lon":0.05303,"centre_lat":11.02475},"geometry":{"type":"Polygon","coordinates":[[[0.02962,10.99319],[0.08652,11.00099],[0.09296,11.01187],[0.08247,11.01925],[0.07328,11.0496],[0.05081,11.04861],[0.0398,11.05532],[0.02402,11.05551],[0.02962,10.99319]]]}},{"id":"75","type":"Feature","properties":{"adm3_pcode":"TG051601","canton":"Bidjenga","centre_lon":0.30358,"centre_lat":10.69976},"geometry":{"type":"Polygon","coordinates":[[[0.26786,10.7374],[0.24992,10.73237],[0.25156,10.72028],[0.25949,10.72244],[0.27633,10.69658],[0.28226,10.67111],[0.29171,10.6655],[0.30235,10.66281],[0.30671,10.67273],[0.3185,10.67235],[0.34575,10.68613],[0.33459,10.69609],[0.32577,10.71597],[0.32663,10.726],[0.28877,10.7212],[0.26786,10.7374]]]}},{"id":"76","type":"Feature","properties":{"adm3_pcode":"TG020204","canton":"Bitchabe","centre_lon":0.59211,"centre_lat":9.30626},"geometry":{"type":"Polygon","coordinates":[[[0.65372,9.33984],[0.6347,9.334],[0.61848,9.33816],[0.6064,9.36315],[0.57599,9.35017],[0.56387,9.38369],[0.5564,9.35855],[0.54366,9.34143],[0.5481,9.3197],[0.54483,9.31021],[0.53488,9.30304],[0.50844,9.26927],[0.50516,9.26073],[0.5134,9.24138],[0.53577,9.24296],[0.55634,9.22938],[0.57114,9.22427],[0.58621,9.24993],[0.59668,9.25094],[0.6096,9.24204],[0.61672,9.2454],[0.62659,9.26486],[0.63796,9.27535],[0.63788,9.28718],[0.65372,9.33984]]]}},{"id":"77","type":"Feature","properties":{"adm3_pcode":"TG010104","canton":"Blitta-Gare","centre_lon":0.97934,"centre_lat":8.33008},"geometry":{"type":"Polygon","coordinates":[[[0.9491,8.27959],[0.98092,8.26525],[1.00543,8.27043],[1.01015,8.27986],[0.99648,8.34869],[1.00119,8.36189],[1.00826,8.36661],[1.01769,8.36331],[1.02194,8.35058],[1.02995,8.34586],[1.03985,8.34964],[1.04362,8.36237],[1.04472,8.39216],[1.00978,8.38359],[0.96596,8.38247],[0.94429,8.37876],[0.93207,8.38454],[0.92529,8.38496],[0.91944,8.38043],[0.90903,8.38397],[0.90001,8.38212],[0.89836,8.37267],[0.90237,8.36313],[0.91373,8.35026],[0.92846,8.34077],[0.9658,8.32691],[0.96305,8.31284],[0.95237,8.30378],[0.94621,8.29251],[0.9491,8.27959]]]}},{"id":"78","type":"Feature","properties":{"adm3_pcode":"TG010103","canton":"Blitta Village","centre_lon":1.02894,"centre_lat":8.32724},"geometry":{"type":"Polygon","coordinates":[[[1.01015,8.27986],[1.03231,8.28175],[1.04127,8.27939],[1.05211,8.26713],[1.05211,8.26211],[1.06042,8.26215],[1.07575,8.28514],[1.06578,8.28835],[1.05352,8.30673],[1.05635,8.32323],[1.05494,8.34916],[1.06012,8.37227],[1.06865,8.38716],[1.05536,8.39327],[1.04472,8.39216],[1.04362,8.36237],[1.03985,8.34964],[1.02995,8.34586],[1.02194,8.35058],[1.01769,8.36331],[1.00826,8.36661],[1.00119,8.36189],[0.99648,8.34869],[1.01015,8.27986]]]}},{"id":"79","type":"Feature","properties":{"adm3_pcode":"TG051702","canton":"Boade","centre_lon":-0.05602,"centre_lat":11.10836},"geometry":{"type":"Polygon","coordinates":[[[-0.00055,11.10323],[0.00175,11.11454],[-0.08559,11.1292],[-0.08249,11.12178],[-0.08937,11.11171],[-0.08958,11.10198],[-0.09951,11.09793],[-0.10095,11.09415],[-0.07016,11.08808],[-0.05478,11.09986],[-0.02583,11.10804],[-0.01602,11.10918],[-0.00055,11.10323]]]}},{"id":"80","type":"Feature","properties":{"adm3_pcode":"TG010303","canton":"Bodjonde","centre_lon":1.03279,"centre_lat":8.44293},"geometry":{"type":"Polygon","coordinates":[[[1.01099,8.4978],[1.01591,8.4744],[1.01109,8.43192],[1.0134,8.42091],[0.99911,8.39407],[0.99717,8.38353],[1.00978,8.38359],[1.04864,8.39263],[1.05434,8.46069],[1.06014,8.47498],[1.06496,8.47267],[1.07617,8.48232],[1.07637,8.48456],[1.05468,8.49052],[1.01099,8.4978]]]}},{"id":"81","type":"Feature","properties":{"adm3_pcode":"TG051502","canton":"Bogou","centre_lon":0.14981,"centre_lat":10.65},"geometry":{"type":"Polygon","coordinates":[[[0.12275,10.64726],[0.15373,10.63302],[0.15599,10.62674],[0.14949,10.61481],[0.1498,10.60803],[0.16012,10.60293],[0.16869,10.60812],[0.18559,10.60682],[0.19211,10.59731],[0.20302,10.60052],[0.19204,10.61931],[0.19125,10.65273],[0.20189,10.66663],[0.19753,10.68863],[0.20206,10.68855],[0.19349,10.70191],[0.18154,10.69648],[0.17219,10.67484],[0.16388,10.67282],[0.14315,10.65775],[0.13855,10.65903],[0.12367,10.67851],[0.09799,10.67926],[0.11048,10.64177],[0.12275,10.64726]]]}},{"id":"82","type":"Feature","properties":{"adm3_pcode":"TG020703","canton":"Bohou","centre_lon":1.16469,"centre_lat":9.59614},"geometry":{"type":"Polygon","coordinates":[[[1.1643,9.64605],[1.1616,9.62513],[1.16384,9.61488],[1.15455,9.59438],[1.1459,9.58637],[1.14398,9.56299],[1.14647,9.54497],[1.14783,9.5505],[1.1616,9.56011],[1.16384,9.57036],[1.16192,9.57516],[1.16736,9.57772],[1.16704,9.58573],[1.17377,9.59182],[1.17377,9.59791],[1.17922,9.60399],[1.17665,9.62161],[1.17089,9.62994],[1.1717,9.6468],[1.1643,9.64605]]]}},{"id":"83","type":"Feature","properties":{"adm3_pcode":"TG030803","canton":"Bolou Kpeta","centre_lon":1.12975,"centre_lat":6.44595},"geometry":{"type":"Polygon","coordinates":[[[1.20169,6.43453],[1.19275,6.43668],[1.18274,6.44498],[1.17666,6.45523],[1.17132,6.45591],[1.17092,6.44803],[1.16361,6.44871],[1.15019,6.46751],[1.13142,6.46779],[1.11023,6.47762],[1.09209,6.4784],[1.07371,6.48515],[1.06182,6.47714],[1.06591,6.4632],[1.07835,6.4507],[1.07544,6.42021],[1.08742,6.41228],[1.1145,6.41325],[1.12556,6.41717],[1.13375,6.42566],[1.14707,6.42733],[1.16197,6.41622],[1.17504,6.41695],[1.18492,6.40559],[1.19403,6.41355],[1.20169,6.43453]]]}},{"id":"84","type":"Feature","properties":{"adm3_pcode":"TG051503","canton":"Bombouaka","centre_lon":0.22336,"centre_lat":10.71782},"geometry":{"type":"Polygon","coordinates":[[[0.19364,10.70172],[0.20206,10.68855],[0.2182,10.68848],[0.21835,10.67845],[0.21179,10.67681],[0.21117,10.66718],[0.23454,10.66],[0.24321,10.65421],[0.24274,10.67435],[0.23227,10.69613],[0.23857,10.70097],[0.23707,10.70758],[0.25617,10.71553],[0.25238,10.71761],[0.25008,10.73306],[0.23987,10.73811],[0.23946,10.74631],[0.21425,10.75369],[0.21274,10.78091],[0.204,10.7785],[0.17755,10.78137],[0.15992,10.75718],[0.17776,10.74631],[0.18555,10.73483],[0.19436,10.71802],[0.19364,10.70172]]]}},{"id":"85","type":"Feature","properties":{"adm3_pcode":"TG051301","canton":"Borgou","centre_lon":0.62208,"centre_lat":10.76276},"geometry":{"type":"Polygon","coordinates":[[[0.50743,10.70802],[0.48135,10.70916],[0.48247,10.69297],[0.49806,10.68469],[0.53865,10.67705],[0.55619,10.66814],[0.54804,10.62935],[0.55571,10.63119],[0.55602,10.61998],[0.57055,10.6215],[0.57994,10.61363],[0.60568,10.61605],[0.61931,10.61241],[0.62446,10.60787],[0.67437,10.61443],[0.68053,10.62027],[0.68555,10.64574],[0.68914,10.64682],[0.69272,10.64144],[0.70743,10.65794],[0.72773,10.65717],[0.72843,10.69328],[0.71777,10.71743],[0.71281,10.73776],[0.7237,10.7529],[0.72937,10.75148],[0.73694,10.76473],[0.7588,10.77996],[0.74922,10.79017],[0.7586,10.80289],[0.75739,10.81167],[0.74498,10.8253],[0.73559,10.8253],[0.73438,10.84377],[0.70743,10.85874],[0.6773,10.85513],[0.61037,10.87178],[0.56949,10.91508],[0.55344,10.90388],[0.54436,10.90327],[0.5383,10.89752],[0.53982,10.89328],[0.53376,10.88571],[0.54103,10.87693],[0.54072,10.86482],[0.53648,10.863],[0.53815,10.85437],[0.53421,10.8465],[0.53058,10.84831],[0.52755,10.84437],[0.53633,10.83681],[0.53724,10.82621],[0.52846,10.83044],[0.52271,10.8259],[0.52967,10.8147],[0.53058,10.79592],[0.50938,10.77957],[0.50817,10.7608],[0.5118,10.73082],[0.50743,10.70802]]]}},{"id":"86","type":"Feature","properties":{"adm3_pcode":"TG020301","canton":"Boufale","centre_lon":1.32314,"centre_lat":9.85478},"geometry":{"type":"Polygon","coordinates":[[[1.36391,9.88579],[1.35638,9.86847],[1.32948,9.87626],[1.28507,9.89979],[1.28047,9.87817],[1.27541,9.87275],[1.28708,9.86237],[1.27805,9.85296],[1.30542,9.82431],[1.334,9.8428],[1.33955,9.82195],[1.3494,9.81228],[1.36648,9.80733],[1.36391,9.88579]]]}},{"id":"87","type":"Feature","properties":{"adm3_pcode":"TG020103","canton":"Boulade","centre_lon":1.21947,"centre_lat":9.4015},"geometry":{"type":"Polygon","coordinates":[[[1.16072,9.40336],[1.16802,9.4027],[1.18124,9.39269],[1.19645,9.37307],[1.21887,9.36025],[1.22528,9.35985],[1.23489,9.37947],[1.2429,9.38708],[1.25531,9.39149],[1.26132,9.40029],[1.26572,9.39909],[1.27894,9.4059],[1.28094,9.41431],[1.28454,9.41951],[1.28855,9.41991],[1.29324,9.42927],[1.22961,9.44413],[1.21319,9.44453],[1.20318,9.43732],[1.19157,9.42211],[1.16652,9.41616],[1.15896,9.40952],[1.16072,9.40336]]]}},{"id":"88","type":"Feature","properties":{"adm3_pcode":"TG051504","canton":"Boulogou","centre_lon":0.27392,"centre_lat":10.64287},"geometry":{"type":"Polygon","coordinates":[[[0.23227,10.69613],[0.24274,10.67435],[0.24321,10.65421],[0.25124,10.64503],[0.26571,10.63607],[0.27095,10.62478],[0.2838,10.62102],[0.28896,10.58838],[0.30113,10.58614],[0.31137,10.59659],[0.31944,10.6215],[0.32539,10.62902],[0.33532,10.63306],[0.33564,10.63768],[0.32151,10.64831],[0.3027,10.64193],[0.28499,10.64367],[0.27442,10.64973],[0.23857,10.70097],[0.23227,10.69613]]]}},{"id":"89","type":"Feature","properties":{"adm3_pcode":"TG010201","canton":"Boulohou","centre_lon":0.66243,"centre_lat":8.68522},"geometry":{"type":"Polygon","coordinates":[[[0.5823,8.69323],[0.5768,8.68901],[0.59096,8.67346],[0.59096,8.64443],[0.60347,8.6199],[0.64001,8.59988],[0.69807,8.58236],[0.71574,8.57173],[0.78811,8.63881],[0.77715,8.65143],[0.76464,8.65844],[0.74912,8.68196],[0.72059,8.70299],[0.70707,8.70781],[0.70051,8.79432],[0.66516,8.79771],[0.65846,8.8044],[0.6491,8.80039],[0.61276,8.79991],[0.60547,8.78557],[0.60025,8.73615],[0.5823,8.69323]]]}},{"id":"90","type":"Feature","properties":{"adm3_pcode":"TG051703","canton":"Cinkasse","centre_lon":0.04032,"centre_lat":11.0828},"geometry":{"type":"Polygon","coordinates":[[[0.02409,11.05505],[0.0398,11.05532],[0.04682,11.05104],[0.05979,11.0692],[0.07445,11.09958],[0.03551,11.11131],[0.00175,11.11454],[-0.00146,11.10384],[0.00782,11.09765],[0.02409,11.05505]]]}},{"id":"91","type":"Feature","properties":{"adm3_pcode":"TG030603","canton":"Dagbati","centre_lon":1.50491,"centre_lat":6.48766},"geometry":{"type":"Polygon","coordinates":[[[1.51315,6.51989],[1.51379,6.54098],[1.50901,6.55011],[1.5159,6.55496],[1.50917,6.56515],[1.51152,6.57411],[1.50452,6.57821],[1.4924,6.56769],[1.49547,6.53657],[1.46613,6.53533],[1.4568,6.53145],[1.44484,6.52019],[1.45339,6.51311],[1.46506,6.4861],[1.47365,6.48398],[1.48013,6.46898],[1.48364,6.44152],[1.4747,6.42003],[1.47774,6.40545],[1.47513,6.40112],[1.4838,6.39797],[1.48749,6.39727],[1.49644,6.40451],[1.5047,6.40365],[1.5028,6.42132],[1.51245,6.42697],[1.51243,6.43435],[1.52486,6.45162],[1.53573,6.46079],[1.54094,6.48173],[1.54575,6.48921],[1.53514,6.51415],[1.51808,6.51427],[1.51315,6.51989]]]}},{"id":"92","type":"Feature","properties":{"adm3_pcode":"TG020104","canton":"Dako/Daoude","centre_lon":1.05144,"centre_lat":9.35554},"geometry":{"type":"Polygon","coordinates":[[[0.95413,9.37085],[0.95749,9.33837],[0.97373,9.33184],[0.97925,9.32665],[0.98433,9.31373],[0.98897,9.31387],[0.99039,9.30903],[0.99877,9.30442],[1.00994,9.29087],[1.02617,9.28575],[1.03344,9.25848],[1.08827,9.26274],[1.08787,9.27475],[1.09427,9.28877],[1.1247,9.3184],[1.1291,9.33225],[1.13635,9.33702],[1.15106,9.35968],[1.14644,9.37993],[1.15115,9.39458],[1.15603,9.40205],[1.16072,9.40336],[1.15903,9.40928],[1.14833,9.40809],[1.13191,9.4121],[1.10228,9.39127],[1.09627,9.38006],[1.09347,9.36284],[1.08026,9.36645],[1.06704,9.39087],[1.05784,9.40249],[1.05343,9.40288],[1.05019,9.40954],[1.03101,9.40569],[1.01099,9.4121],[1.00138,9.4225],[0.98416,9.45254],[0.97135,9.40329],[0.95773,9.38607],[0.95413,9.37085]]]}},{"id":"93","type":"Feature","properties":{"adm3_pcode":"TG030804","canton":"Dalave","centre_lon":1.27371,"centre_lat":6.34199},"geometry":{"type":"Polygon","coordinates":[[[1.19998,6.39718],[1.20894,6.39257],[1.21759,6.38082],[1.21615,6.36925],[1.22811,6.36446],[1.24199,6.35076],[1.2448,6.34321],[1.24146,6.33934],[1.2311,6.34795],[1.22249,6.35076],[1.21643,6.34768],[1.23128,6.31756],[1.25148,6.29859],[1.24871,6.27661],[1.25377,6.28001],[1.263,6.27969],[1.27116,6.28838],[1.28942,6.29061],[1.2938,6.32095],[1.29555,6.32381],[1.3063,6.32473],[1.3063,6.32737],[1.29707,6.32887],[1.30405,6.34252],[1.30424,6.35153],[1.3109,6.36177],[1.31945,6.36729],[1.32467,6.38533],[1.30754,6.38417],[1.28798,6.38784],[1.26311,6.40028],[1.25804,6.40752],[1.2363,6.4059],[1.19998,6.39718]]]}},{"id":"94","type":"Feature","properties":{"adm3_pcode":"TG040603","canton":"Dalia","centre_lon":1.18224,"centre_lat":6.817},"geometry":{"type":"Polygon","coordinates":[[[1.30167,6.78264],[1.29045,6.79172],[1.29023,6.80072],[1.27035,6.80683],[1.26246,6.82115],[1.22981,6.82248],[1.22326,6.8357],[1.22453,6.84955],[1.20651,6.86175],[1.19097,6.88522],[1.18331,6.88802],[1.17176,6.882],[1.16122,6.85288],[1.14817,6.84434],[1.13611,6.84936],[1.11603,6.84334],[1.10298,6.81974],[1.09761,6.81652],[1.10473,6.80945],[1.133,6.80479],[1.14183,6.79406],[1.15878,6.78775],[1.16982,6.77571],[1.18149,6.76872],[1.18875,6.76809],[1.21564,6.74599],[1.22595,6.75328],[1.23009,6.76231],[1.23973,6.77091],[1.24415,6.76477],[1.27517,6.75601],[1.285,6.76911],[1.30167,6.78264]]]}},{"id":"95","type":"Feature","properties":{"adm3_pcode":"TG040403","canton":"Danyi-Kakpa","centre_lon":0.64541,"centre_lat":7.16252},"geometry":{"type":"Polygon","coordinates":[[[0.6455,7.2069],[0.64965,7.23203],[0.64702,7.24388],[0.63965,7.24906],[0.63166,7.20025],[0.61741,7.16556],[0.62103,7.14895],[0.63468,7.1325],[0.63073,7.11637],[0.61312,7.09517],[0.62716,7.07236],[0.63263,7.07268],[0.64387,7.08104],[0.66283,7.08425],[0.67247,7.09004],[0.68271,7.10855],[0.66864,7.12084],[0.67152,7.1231],[0.68838,7.12146],[0.69064,7.13791],[0.69455,7.14079],[0.69698,7.1505],[0.67343,7.16016],[0.66537,7.2158],[0.6455,7.2069]]]}},{"id":"96","type":"Feature","properties":{"adm3_pcode":"TG040402","canton":"Danyi Kpeto-Evita","centre_lon":0.74324,"centre_lat":7.26165},"geometry":{"type":"Polygon","coordinates":[[[0.76265,7.31795],[0.75084,7.28995],[0.74212,7.27711],[0.7329,7.27136],[0.71695,7.26874],[0.71463,7.2529],[0.71874,7.22119],[0.73074,7.20757],[0.76817,7.25671],[0.79519,7.30437],[0.76265,7.31795]]]}},{"id":"97","type":"Feature","properties":{"adm3_pcode":"TG051602","canton":"Dapaong","centre_lon":0.19747,"centre_lat":10.88024},"geometry":{"type":"Polygon","coordinates":[[[0.23795,10.80506],[0.24402,10.80006],[0.25077,10.79945],[0.26089,10.80382],[0.27913,10.80115],[0.28692,10.80689],[0.30353,10.80382],[0.30783,10.78537],[0.32485,10.77573],[0.33256,10.7789],[0.33192,10.79101],[0.32137,10.80361],[0.32095,10.80812],[0.32362,10.81632],[0.3308,10.81796],[0.337,10.82703],[0.28025,10.83092],[0.27698,10.82627],[0.26078,10.82401],[0.25115,10.84041],[0.22183,10.85456],[0.22101,10.86173],[0.22429,10.86583],[0.23536,10.87137],[0.23434,10.88572],[0.22737,10.89658],[0.22696,10.93431],[0.23229,10.94353],[0.23394,10.96286],[0.2246,10.96373],[0.20512,10.9586],[0.1992,10.96616],[0.17784,10.97482],[0.16843,10.96126],[0.16617,10.94445],[0.17007,10.92108],[0.16761,10.89074],[0.15756,10.87475],[0.17109,10.83252],[0.16566,10.81725],[0.16668,10.79367],[0.1632,10.78609],[0.18026,10.7818],[0.18534,10.78855],[0.18637,10.80023],[0.19641,10.80454],[0.20409,10.81364],[0.23475,10.81315],[0.23795,10.80506]]]}},{"id":"98","type":"Feature","properties":{"adm3_pcode":"TG040902","canton":"Datcha","centre_lon":1.18573,"centre_lat":7.407},"geometry":{"type":"Polygon","coordinates":[[[1.25674,7.34849],[1.25641,7.37191],[1.2433,7.38091],[1.23842,7.38811],[1.22042,7.42615],[1.19857,7.43836],[1.1942,7.44556],[1.18315,7.45199],[1.17455,7.46554],[1.14452,7.46192],[1.14451,7.44167],[1.13894,7.42863],[1.14266,7.39887],[1.14078,7.37251],[1.16526,7.37126],[1.22802,7.35306],[1.23869,7.35619],[1.25674,7.34849]]]}},{"id":"99","type":"Feature","properties":{"adm3_pcode":"TG030805","canton":"Davie","centre_lon":1.16549,"centre_lat":6.35612},"geometry":{"type":"Polygon","coordinates":[[[1.21759,6.38082],[1.20894,6.39257],[1.18009,6.40922],[1.17166,6.4014],[1.17039,6.38064],[1.16795,6.38065],[1.1675,6.38493],[1.16331,6.37907],[1.14117,6.37451],[1.1376,6.36988],[1.13014,6.3677],[1.12353,6.36826],[1.11694,6.37513],[1.11119,6.3762],[1.11847,6.36914],[1.12695,6.34766],[1.13713,6.33623],[1.13685,6.31872],[1.16158,6.30954],[1.17862,6.29901],[1.18982,6.31598],[1.19369,6.33671],[1.21519,6.36449],[1.21759,6.38082]]]}},{"id":"100","type":"Feature","properties":{"adm3_pcode":"TG020504","canton":"Defale","centre_lon":1.07934,"centre_lat":9.88602},"geometry":{"type":"Polygon","coordinates":[[[1.11771,9.83951],[1.10541,9.91543],[1.12156,9.92722],[1.13085,9.94317],[1.09758,9.93297],[1.07044,9.91806],[1.04734,9.89597],[1.04528,9.88903],[1.04936,9.88391],[1.04246,9.84925],[1.05415,9.84959],[1.07713,9.82776],[1.11771,9.83951]]]}},{"id":"101","type":"Feature","properties":{"adm3_pcode":"TG010105","canton":"Diguengue","centre_lon":0.63999,"centre_lat":8.06412},"geometry":{"type":"Polygon","coordinates":[[[0.68699,8.06636],[0.67622,8.07346],[0.67612,8.09212],[0.67112,8.10026],[0.66729,8.09799],[0.66524,8.11168],[0.65942,8.1235],[0.65206,8.12524],[0.6443,8.12098],[0.62667,8.11904],[0.60419,8.1047],[0.59105,8.10843],[0.59219,8.07133],[0.59862,8.04597],[0.59673,8.03802],[0.60733,8.00282],[0.63875,8.0013],[0.64745,8.00698],[0.652,8.02969],[0.6766,8.04938],[0.68417,8.0577],[0.68699,8.06636]]]}},{"id":"102","type":"Feature","properties":{"adm3_pcode":"TG010106","canton":"Dikpeleou","centre_lon":0.61448,"centre_lat":8.18319},"geometry":{"type":"Polygon","coordinates":[[[0.60289,8.14033],[0.62192,8.1484],[0.63529,8.18969],[0.62387,8.22067],[0.59446,8.20533],[0.58954,8.19662],[0.59143,8.18754],[0.59938,8.17883],[0.60241,8.16823],[0.60289,8.14033]]]}},{"id":"103","type":"Feature","properties":{"adm3_pcode":"TG020205","canton":"Dimori","centre_lon":0.57315,"centre_lat":9.17056},"geometry":{"type":"Polygon","coordinates":[[[0.63323,9.26964],[0.62659,9.26486],[0.61672,9.2454],[0.6096,9.24204],[0.59668,9.25094],[0.58621,9.24993],[0.57114,9.22427],[0.55634,9.22938],[0.53577,9.24296],[0.5134,9.24138],[0.50516,9.26073],[0.5029,9.24462],[0.52651,9.20457],[0.5147,9.19124],[0.50014,9.16227],[0.48783,9.1532],[0.47073,9.14693],[0.46886,9.14171],[0.47623,9.10911],[0.47296,9.10058],[0.50162,9.08611],[0.52979,9.07541],[0.54264,9.07456],[0.55698,9.06613],[0.60494,9.08396],[0.62482,9.10207],[0.63575,9.10545],[0.63951,9.11258],[0.63615,9.11729],[0.6399,9.1263],[0.64512,9.1287],[0.64649,9.13723],[0.64111,9.15944],[0.64392,9.1656],[0.64005,9.17552],[0.63479,9.17927],[0.63611,9.19442],[0.64414,9.20536],[0.63832,9.22093],[0.63666,9.25547],[0.63899,9.26258],[0.63323,9.26964]]]}},{"id":"104","type":"Feature","properties":{"adm3_pcode":"TG030806","canton":"Djagble","centre_lon":1.28811,"centre_lat":6.23886},"geometry":{"type":"Polygon","coordinates":[[[1.27762,6.27175],[1.27116,6.28838],[1.26375,6.28013],[1.25377,6.28001],[1.24543,6.27207],[1.23545,6.27176],[1.22663,6.27657],[1.25798,6.25379],[1.27001,6.25014],[1.27866,6.24166],[1.28272,6.22911],[1.28215,6.20113],[1.28983,6.19014],[1.30101,6.19094],[1.32075,6.19848],[1.29628,6.22872],[1.29755,6.2467],[1.29223,6.24956],[1.29824,6.25687],[1.29461,6.26742],[1.27762,6.27175]]]}},{"id":"105","type":"Feature","properties":{"adm3_pcode":"TG020704","canton":"Djamde","centre_lon":1.03201,"centre_lat":9.49058},"geometry":{"type":"Polygon","coordinates":[[[1.05047,9.40915],[1.06008,9.44672],[1.0802,9.49422],[1.11195,9.50725],[1.11675,9.5143],[1.11451,9.52103],[1.08152,9.5364],[1.06454,9.54857],[1.05365,9.56491],[1.05085,9.5745],[1.01046,9.57],[1.00698,9.53502],[0.99777,9.52101],[0.99017,9.5178],[0.98416,9.50819],[0.98176,9.50139],[0.98696,9.49618],[0.98456,9.48937],[0.98816,9.48537],[0.97575,9.45894],[0.97895,9.45214],[0.98416,9.45254],[1.00138,9.4225],[1.01099,9.4121],[1.03101,9.40569],[1.05047,9.40915]]]}},{"id":"106","type":"Feature","properties":{"adm3_pcode":"TG010202","canton":"Djarkpanga","centre_lon":0.52169,"centre_lat":8.77905},"geometry":{"type":"Polygon","coordinates":[[[0.57012,8.6927],[0.5768,8.68901],[0.5823,8.69323],[0.60025,8.73615],[0.60547,8.78557],[0.62349,8.83162],[0.62049,8.85114],[0.60898,8.86315],[0.58946,8.86966],[0.58822,8.87851],[0.55993,8.87867],[0.54992,8.87116],[0.53939,8.85119],[0.52468,8.84494],[0.50237,8.84113],[0.49736,8.8126],[0.47134,8.79658],[0.46583,8.79608],[0.45532,8.80859],[0.45182,8.80909],[0.4323,8.79808],[0.4378,8.79058],[0.4358,8.78657],[0.44931,8.75103],[0.46433,8.69548],[0.47884,8.67996],[0.49736,8.67846],[0.54441,8.69548],[0.57012,8.6927]]]}},{"id":"107","type":"Feature","properties":{"adm3_pcode":"TG040604","canton":"Djemegni","centre_lon":1.31607,"centre_lat":7.03112},"geometry":{"type":"Polygon","coordinates":[[[1.34525,7.12157],[1.33215,7.12558],[1.32788,7.12132],[1.30378,7.1165],[1.27567,7.0924],[1.27406,7.05103],[1.25313,7.01952],[1.24858,6.98141],[1.23954,6.96032],[1.24169,6.93244],[1.25595,6.93061],[1.27064,6.93307],[1.2757,6.93773],[1.3008,6.94024],[1.31787,6.95681],[1.33645,6.96886],[1.35151,6.98593],[1.38465,7.00601],[1.38465,7.01103],[1.36356,7.04417],[1.36005,7.06777],[1.36129,7.08501],[1.34197,7.10317],[1.34525,7.12157]]]}},{"id":"108","type":"Feature","properties":{"adm3_pcode":"TG041001","canton":"Djon","centre_lon":0.8055,"centre_lat":7.73879},"geometry":{"type":"Polygon","coordinates":[[[0.8687,7.76807],[0.87806,7.76796],[0.8804,7.79159],[0.86008,7.78916],[0.84803,7.77843],[0.82787,7.77162],[0.81241,7.77738],[0.80744,7.79335],[0.79934,7.80312],[0.79375,7.7933],[0.7771,7.78952],[0.77483,7.7827],[0.77066,7.78043],[0.75325,7.7774],[0.74251,7.78219],[0.74,7.76794],[0.75817,7.74523],[0.75287,7.72555],[0.74152,7.72706],[0.73584,7.72365],[0.71388,7.72176],[0.70669,7.71835],[0.68966,7.70132],[0.67906,7.70246],[0.673,7.71949],[0.65143,7.7282],[0.64575,7.7369],[0.61405,7.76029],[0.60828,7.75296],[0.60828,7.74493],[0.61632,7.71119],[0.62596,7.70938],[0.6364,7.69492],[0.64443,7.70135],[0.65207,7.69171],[0.66532,7.68769],[0.69103,7.68367],[0.72035,7.68407],[0.74249,7.67552],[0.74804,7.67758],[0.7575,7.69012],[0.76676,7.69341],[0.76834,7.67481],[0.77859,7.67725],[0.79868,7.69572],[0.83603,7.6905],[0.84728,7.70135],[0.85692,7.75236],[0.8687,7.76807]]]}},{"id":"109","type":"Feature","properties":{"adm3_pcode":"TG010107","canton":"Doufouli","centre_lon":0.90768,"centre_lat":8.30492},"geometry":{"type":"Polygon","coordinates":[[[0.89514,8.38766],[0.88793,8.38492],[0.88294,8.3876],[0.86491,8.3812],[0.8645,8.3722],[0.8618,8.37174],[0.86501,8.36276],[0.86122,8.311],[0.86237,8.24903],[0.92891,8.22433],[0.95014,8.22251],[0.95436,8.2497],[0.96251,8.26368],[0.96324,8.27118],[0.9491,8.27959],[0.94621,8.29251],[0.95237,8.30378],[0.96305,8.31284],[0.9658,8.32691],[0.92846,8.34077],[0.91373,8.35026],[0.90237,8.36313],[0.89836,8.37267],[0.90211,8.38255],[0.89514,8.38766]]]}},{"id":"110","type":"Feature","properties":{"adm3_pcode":"TG051505","canton":"Doukpergou","centre_lon":0.05961,"centre_lat":10.63581},"geometry":{"type":"Polygon","coordinates":[[[0.03765,10.59402],[0.05292,10.60482],[0.08368,10.593],[0.08761,10.60916],[0.08481,10.62076],[0.08815,10.62999],[0.09646,10.63104],[0.11048,10.64177],[0.09799,10.67926],[0.07326,10.67659],[0.05527,10.66334],[0.01702,10.64434],[0.01814,10.62933],[0.01155,10.60263],[0.03765,10.59402]]]}},{"id":"111","type":"Feature","properties":{"adm3_pcode":"TG040202","canton":"Doume","centre_lon":0.77747,"centre_lat":7.55634},"geometry":{"type":"Polygon","coordinates":[[[0.71185,7.53003],[0.73535,7.52309],[0.78606,7.52228],[0.81697,7.52531],[0.83121,7.53244],[0.82599,7.5457],[0.80992,7.55494],[0.80229,7.5694],[0.79935,7.58338],[0.76333,7.58908],[0.75289,7.58788],[0.74686,7.58185],[0.74726,7.56257],[0.74164,7.54811],[0.73441,7.54128],[0.71185,7.53003]]]}},{"id":"112","type":"Feature","properties":{"adm3_pcode":"TG030104","canton":"Dzolo","centre_lon":0.90563,"centre_lat":6.38059},"geometry":{"type":"Polygon","coordinates":[[[0.94521,6.41486],[0.89888,6.43256],[0.87549,6.41638],[0.84065,6.41101],[0.82799,6.4181],[0.82223,6.41752],[0.80142,6.4048],[0.78836,6.40057],[0.82373,6.39415],[0.84306,6.38672],[0.86996,6.36485],[0.90391,6.32101],[0.96555,6.32286],[0.95719,6.40382],[0.94521,6.41486]]]}},{"id":"113","type":"Feature","properties":{"adm3_pcode":"TG030604","canton":"Dzrekpo","centre_lon":1.56889,"centre_lat":6.44025},"geometry":{"type":"Polygon","coordinates":[[[1.62863,6.39046],[1.61153,6.43515],[1.59942,6.43643],[1.6077,6.44383],[1.60676,6.45051],[1.59727,6.44942],[1.59547,6.43039],[1.58843,6.43257],[1.58404,6.43058],[1.58666,6.43893],[1.5917,6.4429],[1.58795,6.44685],[1.58467,6.44025],[1.58269,6.442],[1.58662,6.45212],[1.57454,6.45099],[1.57167,6.45384],[1.57275,6.46219],[1.57865,6.47166],[1.57752,6.48484],[1.58253,6.50046],[1.57944,6.50352],[1.57164,6.50362],[1.56132,6.48583],[1.56453,6.47019],[1.56273,6.45322],[1.56627,6.44374],[1.56224,6.44091],[1.5492,6.45143],[1.55329,6.43561],[1.54632,6.41256],[1.54531,6.39779],[1.55027,6.38603],[1.55802,6.37656],[1.56206,6.37815],[1.56275,6.38307],[1.57364,6.38363],[1.57607,6.39542],[1.57271,6.4042],[1.5771,6.40597],[1.58625,6.40283],[1.59577,6.39037],[1.60528,6.38442],[1.6204,6.382],[1.62863,6.39046]]]}},{"id":"114","type":"Feature","properties":{"adm3_pcode":"TG040104","canton":"Ekpegnon","centre_lon":0.97934,"centre_lat":7.30749},"geometry":{"type":"Polygon","coordinates":[[[1.02803,7.2099],[1.04048,7.19424],[1.05919,7.21561],[1.06735,7.23444],[1.06547,7.25327],[1.05856,7.2608],[1.05696,7.27673],[1.04875,7.27647],[1.04025,7.26688],[1.03203,7.26551],[1.0197,7.26715],[1.01422,7.27154],[1.01258,7.27784],[1.01724,7.30058],[1.01458,7.32051],[0.97822,7.34366],[0.98344,7.36254],[1.01965,7.41213],[1.00594,7.42279],[0.95061,7.39788],[0.95934,7.38383],[0.94368,7.36455],[0.9466,7.3209],[0.93605,7.32358],[0.93213,7.31386],[0.94448,7.3059],[0.94649,7.29827],[0.95211,7.29385],[0.96818,7.30229],[0.973,7.30108],[0.97782,7.29064],[0.98063,7.27096],[0.98103,7.22517],[1.00634,7.22356],[1.01317,7.21432],[1.02803,7.2099]]]}},{"id":"115","type":"Feature","properties":{"adm3_pcode":"TG040502","canton":"Elavagnon","centre_lon":1.3426,"centre_lat":7.95131},"geometry":{"type":"Polygon","coordinates":[[[1.40294,8.00007],[1.38255,7.99883],[1.34847,7.98972],[1.3228,7.98839],[1.31183,7.9952],[1.30066,8.00977],[1.27176,8.03287],[1.23463,8.03159],[1.23272,8.01454],[1.23635,8.01042],[1.24483,8.00558],[1.28093,8.00218],[1.28577,7.99564],[1.28529,7.98959],[1.25815,7.97214],[1.24846,7.95373],[1.23369,7.94768],[1.23441,7.93871],[1.23974,7.93266],[1.24313,7.9203],[1.23865,7.90904],[1.23623,7.90371],[1.22969,7.90225],[1.21976,7.90516],[1.20667,7.89619],[1.20449,7.88166],[1.20934,7.87633],[1.22266,7.8773],[1.2418,7.87342],[1.24495,7.87827],[1.25488,7.87996],[1.27015,7.89087],[1.27693,7.88796],[1.28153,7.88965],[1.31981,7.87052],[1.38352,7.87439],[1.41913,7.87124],[1.42241,7.90774],[1.44024,7.90879],[1.44231,7.96485],[1.40242,7.97469],[1.39854,7.9822],[1.40508,7.99479],[1.40294,8.00007]]]}},{"id":"116","type":"Feature","properties":{"adm3_pcode":"TG040404","canton":"Elavagnon/Atigba","centre_lon":0.69933,"centre_lat":7.26955},"geometry":{"type":"Polygon","coordinates":[[[0.71874,7.22119],[0.71463,7.2529],[0.71695,7.26874],[0.7329,7.27136],[0.74212,7.27711],[0.75084,7.28995],[0.76265,7.31795],[0.75931,7.32277],[0.76212,7.34647],[0.78663,7.36174],[0.80082,7.38985],[0.74244,7.38182],[0.72718,7.38543],[0.71794,7.377],[0.71232,7.3762],[0.69625,7.38503],[0.68139,7.38624],[0.64862,7.37559],[0.64548,7.35996],[0.6504,7.34778],[0.6805,7.35255],[0.68256,7.35033],[0.67943,7.33502],[0.68329,7.32254],[0.68815,7.3212],[0.68717,7.28205],[0.6727,7.2576],[0.67229,7.23417],[0.66606,7.23029],[0.66852,7.18769],[0.67554,7.15788],[0.69698,7.1505],[0.7073,7.1593],[0.72591,7.20434],[0.73074,7.20757],[0.71874,7.22119]]]}},{"id":"117","type":"Feature","properties":{"adm3_pcode":"TG030703","canton":"Esse Godjin","centre_lon":1.545,"centre_lat":6.71449},"geometry":{"type":"Polygon","coordinates":[[[1.61813,6.75079],[1.62499,6.75965],[1.5658,6.74695],[1.5445,6.74723],[1.53318,6.74273],[1.53466,6.75455],[1.52613,6.75864],[1.49983,6.73247],[1.49174,6.72826],[1.50355,6.70784],[1.53287,6.68371],[1.53521,6.67729],[1.54827,6.66961],[1.55214,6.67645],[1.5782,6.6853],[1.57379,6.68885],[1.57653,6.69381],[1.5812,6.69327],[1.58475,6.70152],[1.59215,6.70621],[1.59292,6.72599],[1.60006,6.72601],[1.61953,6.74145],[1.61813,6.75079]]]}},{"id":"118","type":"Feature","properties":{"adm3_pcode":"TG040105","canton":"Evou","centre_lon":1.02274,"centre_lat":7.52406},"geometry":{"type":"Polygon","coordinates":[[[1.02783,7.49475],[1.05196,7.48039],[1.05845,7.47988],[1.06,7.48247],[1.0517,7.49779],[1.0626,7.52531],[1.06404,7.53968],[1.03686,7.55936],[1.02843,7.55936],[1.00787,7.5682],[1.00754,7.54168],[0.99148,7.53365],[0.99027,7.52883],[0.98143,7.5228],[1.02321,7.5224],[1.02783,7.49475]]]}},{"id":"119","type":"Feature","properties":{"adm3_pcode":"TG051402","canton":"Fare","centre_lon":0.38409,"centre_lat":10.17395},"geometry":{"type":"Polygon","coordinates":[[[0.35691,10.12549],[0.37467,10.13646],[0.384,10.12893],[0.38794,10.14077],[0.40301,10.1526],[0.42095,10.1544],[0.43567,10.16122],[0.42167,10.17341],[0.40803,10.17664],[0.40696,10.18519],[0.37054,10.20911],[0.3585,10.2229],[0.34887,10.18431],[0.34887,10.16093],[0.35784,10.13915],[0.35691,10.12549]]]}},{"id":"120","type":"Feature","properties":{"adm3_pcode":"TG010304","canton":"Fazao","centre_lon":0.78892,"centre_lat":8.74948},"geometry":{"type":"Polygon","coordinates":[[[0.8304,8.76989],[0.82269,8.77856],[0.80618,8.8186],[0.75162,8.86515],[0.7407,8.87004],[0.74211,8.86065],[0.71008,8.84964],[0.69807,8.83412],[0.70707,8.70781],[0.72059,8.70299],[0.74912,8.68196],[0.76464,8.65844],[0.77715,8.65143],[0.78811,8.63881],[0.80017,8.65043],[0.8322,8.65093],[0.84395,8.64506],[0.86917,8.71853],[0.87468,8.75514],[0.86023,8.76555],[0.8304,8.76989]]]}},{"id":"121","type":"Feature","properties":{"adm3_pcode":"TG040311","canton":"Gadja","centre_lon":0.84804,"centre_lat":6.80317},"geometry":{"type":"Polygon","coordinates":[[[0.90272,6.87905],[0.87166,6.87325],[0.85399,6.86522],[0.83873,6.84996],[0.8331,6.85558],[0.82146,6.85478],[0.79374,6.8359],[0.78209,6.83389],[0.76482,6.83961],[0.7363,6.8367],[0.73097,6.83995],[0.72371,6.83477],[0.74904,6.81134],[0.76643,6.78533],[0.77318,6.76895],[0.79278,6.75706],[0.80339,6.74324],[0.83649,6.72717],[0.85416,6.74196],[0.86348,6.77055],[0.87376,6.7757],[0.8969,6.76991],[0.93739,6.80012],[0.96116,6.81168],[0.96406,6.81715],[0.9602,6.85667],[0.95274,6.86081],[0.94792,6.85985],[0.94086,6.84988],[0.93475,6.82225],[0.89233,6.82611],[0.90344,6.87014],[0.90272,6.87905]]]}},{"id":"122","type":"Feature","properties":{"adm3_pcode":"TG051403","canton":"Galangashie","centre_lon":0.34012,"centre_lat":10.48559},"geometry":{"type":"Polygon","coordinates":[[[0.44965,10.45183],[0.44969,10.58812],[0.38626,10.58784],[0.36616,10.59272],[0.3603,10.59886],[0.35755,10.59817],[0.34923,10.59186],[0.36301,10.58296],[0.36415,10.57004],[0.3587,10.56143],[0.33689,10.55684],[0.31564,10.53622],[0.26227,10.52418],[0.24168,10.51045],[0.23643,10.49834],[0.22795,10.50177],[0.22371,10.50015],[0.22593,10.49571],[0.2336,10.49248],[0.22404,10.46209],[0.22625,10.43591],[0.22404,10.43212],[0.21096,10.42638],[0.19176,10.4275],[0.18524,10.42518],[0.18335,10.41257],[0.18903,10.39964],[0.19281,10.3968],[0.20385,10.39837],[0.20259,10.41162],[0.21331,10.4173],[0.21835,10.4173],[0.2351,10.40698],[0.25986,10.40518],[0.27313,10.41667],[0.28174,10.41559],[0.2943,10.40267],[0.29897,10.39155],[0.28856,10.3772],[0.40875,10.38438],[0.43709,10.41128],[0.44965,10.45183]]]}},{"id":"123","type":"Feature","properties":{"adm3_pcode":"TG030807","canton":"Game","centre_lon":1.16454,"centre_lat":6.74845},"geometry":{"type":"Polygon","coordinates":[[[1.26855,6.63011],[1.29359,6.62663],[1.30048,6.64067],[1.30423,6.67287],[1.29991,6.68272],[1.25693,6.69673],[1.24832,6.70529],[1.24569,6.71943],[1.24911,6.72862],[1.25998,6.74448],[1.27727,6.74929],[1.27567,6.75667],[1.25163,6.76173],[1.24415,6.76477],[1.23973,6.77091],[1.2196,6.74711],[1.21213,6.74664],[1.18875,6.76809],[1.18149,6.76872],[1.16982,6.77571],[1.14997,6.79299],[1.14183,6.79406],[1.133,6.80479],[1.10473,6.80945],[1.09514,6.81848],[1.09246,6.82792],[1.05694,6.86029],[1.03672,6.86935],[1.03047,6.86804],[1.02804,6.85952],[1.03501,6.83373],[1.06844,6.7874],[1.07617,6.78018],[1.10853,6.76537],[1.11981,6.74761],[1.13555,6.74119],[1.14371,6.73309],[1.15458,6.70765],[1.16857,6.69682],[1.19101,6.69185],[1.20857,6.69587],[1.24358,6.67798],[1.25289,6.65604],[1.26239,6.64113],[1.27038,6.63468],[1.26855,6.63011]]]}},{"id":"124","type":"Feature","properties":{"adm3_pcode":"TG040106","canton":"Game","centre_lon":1.06802,"centre_lat":7.77115},"geometry":{"type":"Polygon","coordinates":[[[1.13895,7.65876],[1.1175,7.70449],[1.11599,7.72867],[1.13685,7.74],[1.14302,7.75707],[1.1422,7.76879],[1.11267,7.77695],[1.10898,7.80301],[1.09966,7.80816],[1.08649,7.857],[1.08103,7.8615],[1.08231,7.87619],[1.06038,7.88017],[1.04683,7.88619],[1.03428,7.88017],[1.01218,7.88268],[0.97754,7.87013],[0.95997,7.86963],[0.95294,7.87415],[0.92783,7.87364],[0.91327,7.8636],[0.8968,7.83804],[0.92038,7.82727],[0.93685,7.8116],[0.94649,7.80678],[0.99108,7.79112],[1.00112,7.76541],[1.00513,7.72444],[1.01116,7.70958],[1.0445,7.6903],[1.07382,7.68066],[1.08627,7.67182],[1.12242,7.65897],[1.13895,7.65876]]]}},{"id":"125","type":"Feature","properties":{"adm3_pcode":"TG030406","canton":"Ganave/Fiata","centre_lon":1.63842,"centre_lat":6.32639},"geometry":{"type":"Polygon","coordinates":[[[1.65995,6.31624],[1.66027,6.32047],[1.65022,6.33134],[1.65238,6.35633],[1.63681,6.3617],[1.63251,6.35725],[1.62083,6.32169],[1.62083,6.31285],[1.62613,6.29926],[1.64326,6.29014],[1.64819,6.2973],[1.64326,6.30583],[1.65207,6.29988],[1.66767,6.31205],[1.66679,6.31556],[1.65995,6.31624]]]}},{"id":"126","type":"Feature","properties":{"adm3_pcode":"TG051901","canton":"Gando","centre_lon":0.78421,"centre_lat":10.29558},"geometry":{"type":"Polygon","coordinates":[[[0.77753,10.4435],[0.73542,10.42187],[0.7304,10.41433],[0.71748,10.40716],[0.6877,10.37953],[0.67045,10.33859],[0.66886,10.31298],[0.67102,10.2997],[0.68501,10.28679],[0.71228,10.2893],[0.73165,10.28463],[0.74528,10.27495],[0.76645,10.25199],[0.7747,10.23871],[0.7765,10.21252],[0.77255,10.19351],[0.77686,10.18023],[0.79408,10.17198],[0.80376,10.15368],[0.80879,10.15189],[0.81417,10.15476],[0.82248,10.16874],[0.83925,10.22745],[0.85707,10.24107],[0.86651,10.24422],[0.87699,10.2547],[0.88748,10.27357],[0.90166,10.28999],[0.8235,10.35101],[0.77434,10.38509],[0.77753,10.4435]]]}},{"id":"127","type":"Feature","properties":{"adm3_pcode":"TG030809","canton":"Gape-Centre","centre_lon":1.07264,"centre_lat":6.60209},"geometry":{"type":"Polygon","coordinates":[[[1.01382,6.69012],[1.01064,6.68371],[1.0025,6.67939],[0.99398,6.66562],[0.99442,6.66305],[1.00215,6.66137],[1.00733,6.65366],[1.00607,6.64722],[0.99327,6.62958],[0.98072,6.63294],[0.99126,6.61279],[0.98749,6.56692],[0.99559,6.55819],[1.00675,6.52983],[1.01422,6.52838],[1.02704,6.51425],[1.05786,6.52848],[1.08477,6.52243],[1.09601,6.52581],[1.11739,6.54136],[1.13182,6.55868],[1.151,6.55731],[1.16652,6.54485],[1.17421,6.55518],[1.17842,6.57794],[1.18565,6.5947],[1.18393,6.59727],[1.16805,6.59635],[1.14655,6.60743],[1.11725,6.63908],[1.1185,6.64852],[1.11591,6.65452],[1.06996,6.66164],[1.06606,6.67063],[1.03938,6.68769],[1.01382,6.69012]]]}},{"id":"128","type":"Feature","properties":{"adm3_pcode":"TG030808","canton":"Gape Kpodji","centre_lon":0.94512,"centre_lat":6.70899},"geometry":{"type":"Polygon","coordinates":[[[1.01382,6.69012],[1.0106,6.69487],[0.99729,6.69482],[0.99212,6.69994],[0.98861,6.71795],[0.95972,6.75087],[0.91888,6.76572],[0.91671,6.78514],[0.89698,6.76999],[0.90099,6.74346],[0.90008,6.70301],[0.90662,6.70284],[0.93064,6.68559],[0.93268,6.67286],[0.94667,6.66182],[0.95292,6.63988],[0.97666,6.63646],[0.99327,6.62958],[1.00607,6.64722],[1.00733,6.65366],[1.00215,6.66137],[0.99442,6.66305],[0.99398,6.66562],[1.0025,6.67939],[1.01064,6.68371],[1.01382,6.69012]]]}},{"id":"129","type":"Feature","properties":{"adm3_pcode":"TG040503","canton":"Gbadjahe","centre_lon":1.34766,"centre_lat":7.85296},"geometry":{"type":"Polygon","coordinates":[[[1.39067,7.79577],[1.39429,7.80338],[1.4081,7.81656],[1.42505,7.81593],[1.4489,7.82095],[1.45894,7.83978],[1.4671,7.8969],[1.46521,7.90129],[1.45141,7.90945],[1.42241,7.90774],[1.41913,7.87124],[1.38352,7.87439],[1.31981,7.87052],[1.28153,7.88965],[1.27693,7.88796],[1.27015,7.89087],[1.25488,7.87996],[1.24495,7.87827],[1.2418,7.87342],[1.2265,7.87653],[1.21856,7.85673],[1.233,7.85359],[1.24367,7.84543],[1.26375,7.84355],[1.2763,7.84669],[1.28446,7.85234],[1.28948,7.84732],[1.28948,7.83916],[1.28195,7.82911],[1.29011,7.82409],[1.30329,7.82284],[1.32337,7.83037],[1.33404,7.82723],[1.35538,7.81217],[1.39067,7.79577]]]}},{"id":"130","type":"Feature","properties":{"adm3_pcode":"TG040703","canton":"Gbaladze","centre_lon":0.7622,"centre_lat":7.21224},"geometry":{"type":"Polygon","coordinates":[[[0.82071,7.19618],[0.81074,7.19277],[0.78565,7.21012],[0.77824,7.22386],[0.75843,7.24365],[0.73785,7.21438],[0.74185,7.20973],[0.74133,7.19662],[0.74828,7.1812],[0.77013,7.18017],[0.79378,7.18634],[0.82103,7.18223],[0.82334,7.18557],[0.82071,7.19618]]]}},{"id":"131","type":"Feature","properties":{"adm3_pcode":"TG041203","canton":"Gbalave","centre_lon":0.59559,"centre_lat":6.868},"geometry":{"type":"Polygon","coordinates":[[[0.6298,6.88467],[0.61083,6.88298],[0.6042,6.88877],[0.58514,6.88456],[0.57547,6.87537],[0.5666,6.8755],[0.56708,6.85689],[0.5735,6.85205],[0.58161,6.8611],[0.58498,6.8611],[0.58814,6.85365],[0.61762,6.84825],[0.6251,6.87058],[0.62194,6.88058],[0.62752,6.87837],[0.6298,6.88467]]]}},{"id":"132","type":"Feature","properties":{"adm3_pcode":"TG030810","canton":"Gbatope","centre_lon":1.28365,"centre_lat":6.48732},"geometry":{"type":"Polygon","coordinates":[[[1.29785,6.62335],[1.29359,6.62663],[1.26855,6.63011],[1.23673,6.59528],[1.20907,6.59417],[1.20975,6.58807],[1.20457,6.57817],[1.21229,6.57106],[1.21638,6.55885],[1.2146,6.5381],[1.21826,6.51336],[1.21595,6.49812],[1.22413,6.49128],[1.24444,6.45058],[1.25131,6.44803],[1.26123,6.43305],[1.27928,6.42281],[1.28102,6.41766],[1.29004,6.4122],[1.28126,6.39936],[1.27407,6.39443],[1.28798,6.38784],[1.30754,6.38417],[1.32456,6.38441],[1.32356,6.39463],[1.34802,6.39428],[1.35406,6.38271],[1.35842,6.36127],[1.36316,6.3557],[1.37955,6.34862],[1.38006,6.36352],[1.37115,6.39804],[1.37068,6.41092],[1.36721,6.42249],[1.35214,6.43961],[1.34739,6.4499],[1.34688,6.47607],[1.34385,6.48336],[1.31841,6.51933],[1.30681,6.52358],[1.29719,6.57676],[1.29072,6.58747],[1.29785,6.62335]]]}},{"id":"133","type":"Feature","properties":{"adm3_pcode":"TG041002","canton":"Gbende","centre_lon":0.68045,"centre_lat":7.76183},"geometry":{"type":"Polygon","coordinates":[[[0.74251,7.78219],[0.73395,7.78838],[0.73027,7.80716],[0.72638,7.80012],[0.71767,7.79633],[0.70366,7.79557],[0.69155,7.8039],[0.67527,7.82169],[0.66543,7.82358],[0.65786,7.81488],[0.67414,7.80012],[0.67414,7.7933],[0.66922,7.78952],[0.65105,7.79255],[0.64461,7.78952],[0.63667,7.77362],[0.62379,7.76945],[0.61405,7.76029],[0.64575,7.7369],[0.65143,7.7282],[0.673,7.71949],[0.67906,7.70246],[0.68966,7.70132],[0.70669,7.71835],[0.71388,7.72176],[0.73584,7.72365],[0.74152,7.72706],[0.75287,7.72555],[0.75817,7.74523],[0.74,7.76794],[0.74251,7.78219]]]}},{"id":"134","type":"Feature","properties":{"adm3_pcode":"TG030811","canton":"Gblainvie","centre_lon":1.11178,"centre_lat":6.49711},"geometry":{"type":"Polygon","coordinates":[[[1.16606,6.54535],[1.151,6.55731],[1.13182,6.55868],[1.11739,6.54136],[1.09601,6.52581],[1.08477,6.52243],[1.05786,6.52848],[1.02704,6.51425],[1.05037,6.49934],[1.06182,6.47714],[1.07371,6.48515],[1.09209,6.4784],[1.11023,6.47762],[1.13142,6.46779],[1.15019,6.46751],[1.16361,6.44871],[1.17092,6.44803],[1.17132,6.45591],[1.17666,6.45523],[1.18274,6.44498],[1.19275,6.43668],[1.20176,6.43451],[1.2072,6.44859],[1.17055,6.50054],[1.1634,6.53457],[1.16606,6.54535]]]}},{"id":"135","type":"Feature","properties":{"adm3_pcode":"TG030704","canton":"Gboto","centre_lon":1.48256,"centre_lat":6.71664},"geometry":{"type":"Polygon","coordinates":[[[1.50618,6.70513],[1.48636,6.73297],[1.49033,6.73677],[1.48371,6.77917],[1.45548,6.76178],[1.45507,6.75577],[1.46886,6.73907],[1.47205,6.72765],[1.45522,6.67722],[1.45701,6.66712],[1.4787,6.66592],[1.51426,6.65819],[1.54805,6.66213],[1.54827,6.66961],[1.53521,6.67729],[1.53287,6.68371],[1.50618,6.70513]]]}},{"id":"136","type":"Feature","properties":{"adm3_pcode":"TG040903","canton":"Glei","centre_lon":1.24407,"centre_lat":7.28109},"geometry":{"type":"Polygon","coordinates":[[[1.14141,7.37244],[1.14141,7.36498],[1.13513,7.35996],[1.11881,7.35933],[1.11003,7.33925],[1.08053,7.32607],[1.07676,7.279],[1.0617,7.28088],[1.05668,7.27649],[1.05856,7.2608],[1.06547,7.25327],[1.06735,7.23444],[1.05919,7.21561],[1.03897,7.19298],[1.0615,7.18957],[1.09791,7.19414],[1.10285,7.19935],[1.11207,7.22453],[1.1179,7.23078],[1.15953,7.23911],[1.19099,7.23946],[1.21044,7.2313],[1.22049,7.22251],[1.23304,7.21875],[1.27446,7.23506],[1.32731,7.24244],[1.35063,7.2441],[1.36728,7.24119],[1.39688,7.22691],[1.41002,7.23946],[1.4094,7.25201],[1.42425,7.27831],[1.39651,7.28528],[1.38315,7.29453],[1.38135,7.30739],[1.37261,7.30944],[1.35898,7.30739],[1.35513,7.31073],[1.34793,7.30276],[1.34176,7.31098],[1.33019,7.31176],[1.33122,7.31561],[1.33559,7.31638],[1.33405,7.32152],[1.30346,7.32487],[1.28315,7.33721],[1.23869,7.35619],[1.22802,7.35306],[1.16526,7.37126],[1.14141,7.37244]]]}},{"id":"137","type":"Feature","properties":{"adm3_pcode":"TG030407","canton":"Glidji","centre_lon":1.60576,"centre_lat":6.27091},"geometry":{"type":"Polygon","coordinates":[[[1.62613,6.29926],[1.57522,6.29561],[1.55979,6.28203],[1.5651,6.2794],[1.5778,6.25553],[1.58301,6.25582],[1.58499,6.24269],[1.63893,6.25744],[1.64271,6.26853],[1.63991,6.28649],[1.63797,6.29159],[1.62613,6.29926]]]}},{"id":"138","type":"Feature","properties":{"adm3_pcode":"TG041104","canton":"Glitto","centre_lon":1.56283,"centre_lat":7.60219},"geometry":{"type":"Polygon","coordinates":[[[1.6309,7.67661],[1.57756,7.67535],[1.55685,7.67786],[1.53551,7.69606],[1.51731,7.69418],[1.51226,7.6901],[1.50142,7.67328],[1.4887,7.62389],[1.47074,7.59396],[1.46775,7.55804],[1.44604,7.49743],[1.44975,7.49271],[1.45088,7.4963],[1.46117,7.50112],[1.49073,7.50883],[1.52158,7.51124],[1.53154,7.52184],[1.53379,7.54402],[1.54439,7.54755],[1.58713,7.54048],[1.6032,7.52538],[1.60641,7.51895],[1.6048,7.50996],[1.61894,7.50578],[1.65461,7.51221],[1.65943,7.52088],[1.64947,7.54819],[1.65076,7.61343],[1.63694,7.64138],[1.63148,7.6613],[1.6309,7.67661]]]}},{"id":"139","type":"Feature","properties":{"adm3_pcode":"TG040904","canton":"Gnagna","centre_lon":1.16031,"centre_lat":7.50378},"geometry":{"type":"Polygon","coordinates":[[[1.17455,7.46554],[1.17646,7.47152],[1.1888,7.47204],[1.20371,7.47821],[1.21582,7.48801],[1.21181,7.50805],[1.22122,7.52363],[1.24158,7.54443],[1.22948,7.54852],[1.22177,7.54723],[1.18193,7.53502],[1.14594,7.51863],[1.11868,7.52764],[1.10774,7.50911],[1.11893,7.47805],[1.13447,7.48023],[1.14452,7.46192],[1.17455,7.46554]]]}},{"id":"140","type":"Feature","properties":{"adm3_pcode":"TG051704","canton":"Gnoaga","centre_lon":-0.09657,"centre_lat":11.11192},"geometry":{"type":"Polygon","coordinates":[[[-0.1107,11.09715],[-0.10095,11.09415],[-0.09951,11.09793],[-0.08958,11.10198],[-0.08937,11.11171],[-0.08249,11.12178],[-0.08542,11.12879],[-0.09444,11.12935],[-0.09708,11.11861],[-0.10377,11.11212],[-0.1107,11.09715]]]}},{"id":"141","type":"Feature","properties":{"adm3_pcode":"TG040203","canton":"Gobe/Eketo/Gbadi N'Kugna","centre_lon":0.75501,"centre_lat":7.45492},"geometry":{"type":"Polygon","coordinates":[[[0.80082,7.38985],[0.83964,7.40712],[0.84867,7.41803],[0.85049,7.43002],[0.85812,7.44367],[0.88142,7.46416],[0.88985,7.49589],[0.89775,7.49798],[0.89307,7.50433],[0.83161,7.51075],[0.8312,7.53237],[0.81697,7.52531],[0.78606,7.52228],[0.73535,7.52309],[0.71185,7.53003],[0.68902,7.52401],[0.66472,7.5228],[0.66331,7.51116],[0.65769,7.49951],[0.63011,7.47159],[0.6368,7.45814],[0.6356,7.45131],[0.62716,7.44488],[0.6356,7.43283],[0.64805,7.37539],[0.68139,7.38624],[0.69625,7.38503],[0.71232,7.3762],[0.71794,7.377],[0.72718,7.38543],[0.74244,7.38182],[0.80082,7.38985]]]}},{"id":"142","type":"Feature","properties":{"adm3_pcode":"TG010405","canton":"Goubi","centre_lon":1.5034,"centre_lat":8.63021},"geometry":{"type":"Polygon","coordinates":[[[1.44433,8.64511],[1.44711,8.64212],[1.45041,8.61188],[1.45759,8.602],[1.4567,8.59661],[1.45131,8.59481],[1.4561,8.58703],[1.4531,8.58403],[1.47735,8.57385],[1.49651,8.57176],[1.49681,8.57475],[1.52047,8.56966],[1.52526,8.55948],[1.52166,8.5532],[1.52705,8.54332],[1.54442,8.55948],[1.55744,8.60275],[1.55984,8.62789],[1.55325,8.65424],[1.53918,8.6728],[1.5269,8.68059],[1.49577,8.67819],[1.47541,8.68208],[1.44936,8.70723],[1.44705,8.71475],[1.4233,8.71731],[1.41371,8.7132],[1.41543,8.7084],[1.42262,8.70669],[1.42262,8.69608],[1.4305,8.69402],[1.43632,8.67964],[1.44556,8.67039],[1.4483,8.66286],[1.44433,8.64511]]]}},{"id":"143","type":"Feature","properties":{"adm3_pcode":"TG051705","canton":"Gouloungoussi","centre_lon":-0.12001,"centre_lat":11.11749},"geometry":{"type":"Polygon","coordinates":[[[-0.13171,11.13804],[-0.13493,11.12717],[-0.14197,11.11916],[-0.14229,11.10656],[-0.13984,11.10427],[-0.12479,11.10493],[-0.1107,11.09715],[-0.09351,11.12929],[-0.13171,11.13804]]]}},{"id":"144","type":"Feature","properties":{"adm3_pcode":"TG051506","canton":"Goundoga","centre_lon":0.16996,"centre_lat":10.7145},"geometry":{"type":"Polygon","coordinates":[[[0.16045,10.75791],[0.15304,10.74773],[0.15129,10.74272],[0.15879,10.73396],[0.15679,10.72645],[0.14403,10.72495],[0.14022,10.71978],[0.14437,10.71672],[0.14732,10.69035],[0.15733,10.66762],[0.17219,10.67484],[0.18154,10.69648],[0.19364,10.70172],[0.19559,10.71228],[0.17776,10.74631],[0.16045,10.75791]]]}},{"id":"145","type":"Feature","properties":{"adm3_pcode":"TG040704","canton":"Govie","centre_lon":0.74436,"centre_lat":7.15488},"geometry":{"type":"Polygon","coordinates":[[[0.85631,7.14483],[0.83825,7.16295],[0.78761,7.15369],[0.74314,7.16552],[0.71824,7.18155],[0.70874,7.16773],[0.7073,7.1593],[0.70298,7.15601],[0.7365,7.14058],[0.75686,7.14243],[0.80519,7.12824],[0.8418,7.13585],[0.85631,7.14483]]]}},{"id":"146","type":"Feature","properties":{"adm3_pcode":"TG020402","canton":"Guerin-Kouka","centre_lon":0.56844,"centre_lat":9.72919},"geometry":{"type":"Polygon","coordinates":[[[0.70982,9.64288],[0.69192,9.68798],[0.67578,9.68472],[0.67047,9.6859],[0.66811,9.69113],[0.67856,9.70209],[0.68776,9.70629],[0.68491,9.72119],[0.69094,9.74958],[0.68897,9.75769],[0.67779,9.77259],[0.66332,9.78246],[0.65368,9.78092],[0.64951,9.77478],[0.64644,9.7498],[0.63527,9.74213],[0.60853,9.75155],[0.59581,9.76624],[0.59559,9.77522],[0.61291,9.80065],[0.61433,9.80668],[0.60885,9.83977],[0.62025,9.85709],[0.62529,9.87199],[0.62244,9.88338],[0.60063,9.8892],[0.58792,9.88591],[0.58463,9.88137],[0.5705,9.8332],[0.56984,9.81654],[0.56051,9.80003],[0.558,9.783],[0.55077,9.76393],[0.52995,9.73763],[0.50222,9.73117],[0.43669,9.72788],[0.42222,9.72108],[0.39383,9.69796],[0.36896,9.69588],[0.34616,9.68426],[0.34726,9.67133],[0.36194,9.66212],[0.36655,9.65051],[0.39121,9.65799],[0.50003,9.6698],[0.5579,9.65613],[0.5729,9.64033],[0.60666,9.63991],[0.62464,9.63374],[0.62902,9.63418],[0.64633,9.64843],[0.66175,9.65645],[0.66687,9.65596],[0.67792,9.64658],[0.67708,9.642],[0.66646,9.62178],[0.65187,9.61532],[0.6452,9.60741],[0.64645,9.59699],[0.66417,9.56886],[0.67995,9.57114],[0.68742,9.59402],[0.70499,9.61382],[0.70739,9.6205],[0.70982,9.64288]]]}},{"id":"147","type":"Feature","properties":{"adm3_pcode":"TG030605","canton":"Hahotoe","centre_lon":1.38974,"centre_lat":6.39641},"geometry":{"type":"Polygon","coordinates":[[[1.36663,6.42316],[1.38006,6.36352],[1.38083,6.3445],[1.40157,6.34427],[1.41704,6.34826],[1.4226,6.35446],[1.4169,6.37823],[1.39525,6.42353],[1.39053,6.4451],[1.38838,6.44638],[1.37899,6.43004],[1.36663,6.42316]]]}},{"id":"148","type":"Feature","properties":{"adm3_pcode":"TG041204","canton":"Hanyigba","centre_lon":0.60118,"centre_lat":6.89852},"geometry":{"type":"Polygon","coordinates":[[[0.53765,6.87236],[0.54228,6.87015],[0.55326,6.87822],[0.5662,6.87899],[0.56652,6.8755],[0.57547,6.87537],[0.58514,6.88456],[0.6042,6.88877],[0.61083,6.88298],[0.62958,6.88429],[0.64061,6.89695],[0.65163,6.90008],[0.64847,6.90766],[0.62295,6.90979],[0.61214,6.91834],[0.59322,6.92459],[0.57052,6.90765],[0.55778,6.90723],[0.55153,6.88713],[0.53765,6.87236]]]}},{"id":"149","type":"Feature","properties":{"adm3_pcode":"TG020603","canton":"Helota","centre_lon":0.74516,"centre_lat":9.91362},"geometry":{"type":"Polygon","coordinates":[[[0.6669,9.95682],[0.66887,9.94882],[0.65643,9.93458],[0.65643,9.9293],[0.67775,9.90746],[0.68286,9.88747],[0.67968,9.87549],[0.68092,9.86524],[0.6883,9.85073],[0.70669,9.84783],[0.71741,9.85136],[0.73403,9.84456],[0.74262,9.84563],[0.75443,9.85583],[0.75711,9.86979],[0.7657,9.87837],[0.7697,9.88974],[0.80536,9.88586],[0.80865,9.88412],[0.81175,9.87462],[0.81642,9.87274],[0.83199,9.87328],[0.83746,9.87763],[0.82472,9.88987],[0.81793,9.91711],[0.81809,9.94509],[0.80961,9.96265],[0.78904,9.98005],[0.77504,9.97451],[0.75658,9.9737],[0.69134,9.98603],[0.67741,9.98386],[0.67465,9.95974],[0.6669,9.95682]]]}},{"id":"150","type":"Feature","properties":{"adm3_pcode":"TG040107","canton":"Hiheatro","centre_lon":1.04808,"centre_lat":7.58122},"geometry":{"type":"Polygon","coordinates":[[[1.03686,7.55936],[1.08747,7.52401],[1.08466,7.51557],[1.08547,7.49188],[1.08988,7.48465],[1.10153,7.48023],[1.11793,7.48002],[1.10774,7.50911],[1.12698,7.54339],[1.1424,7.55121],[1.14302,7.56766],[1.15269,7.58493],[1.15439,7.59772],[1.12644,7.59992],[1.0931,7.6188],[1.06458,7.60956],[1.0381,7.61707],[1.0337,7.59612],[1.031,7.59488],[1.02332,7.60173],[0.98801,7.61814],[0.998,7.64357],[0.94368,7.66299],[0.87265,7.68207],[0.88222,7.65777],[0.89307,7.65335],[0.90351,7.65736],[0.90351,7.62764],[0.90713,7.61559],[0.93042,7.58868],[0.97179,7.57261],[0.99308,7.57141],[1.02843,7.55936],[1.03686,7.55936]]]}},{"id":"151","type":"Feature","properties":{"adm3_pcode":"TG030204","canton":"Hompou","centre_lon":1.71718,"centre_lat":6.41889},"geometry":{"type":"Polygon","coordinates":[[[1.76085,6.42433],[1.74828,6.4243],[1.74012,6.43966],[1.72936,6.44844],[1.68245,6.43345],[1.67475,6.42353],[1.67587,6.40256],[1.68014,6.39065],[1.69513,6.39079],[1.69731,6.38697],[1.70288,6.38913],[1.7063,6.39687],[1.72217,6.39862],[1.73072,6.40809],[1.75563,6.40257],[1.76085,6.42433]]]}},{"id":"152","type":"Feature","properties":{"adm3_pcode":"TG040905","canton":"Houdou","centre_lon":1.17741,"centre_lat":7.60411},"geometry":{"type":"Polygon","coordinates":[[[1.21733,7.65392],[1.18148,7.66154],[1.16801,7.65538],[1.14038,7.65399],[1.14947,7.62756],[1.15461,7.59704],[1.15269,7.58493],[1.14302,7.56766],[1.14265,7.55182],[1.15487,7.55325],[1.1691,7.56017],[1.16972,7.56876],[1.18739,7.58097],[1.20024,7.60154],[1.22691,7.62885],[1.22531,7.63913],[1.21733,7.65392]]]}},{"id":"153","type":"Feature","properties":{"adm3_pcode":"TG040108","canton":"Imle","centre_lon":0.99325,"centre_lat":7.46235},"geometry":{"type":"Polygon","coordinates":[[[1.01965,7.41213],[1.01959,7.43645],[1.02764,7.4505],[1.02562,7.47536],[0.99977,7.50921],[0.99406,7.522],[0.98176,7.52271],[0.97702,7.51678],[0.96577,7.51477],[0.94689,7.53485],[0.94006,7.53445],[0.93404,7.52441],[0.93645,7.50754],[0.95934,7.47099],[0.96175,7.45452],[0.95573,7.43725],[0.94127,7.43645],[0.93605,7.4248],[0.94207,7.39427],[1.00594,7.42279],[1.01965,7.41213]]]}},{"id":"154","type":"Feature","properties":{"adm3_pcode":"TG010406","canton":"Kaboli","centre_lon":1.35914,"centre_lat":8.59858},"geometry":{"type":"Polygon","coordinates":[[[1.23755,8.48546],[1.25355,8.49031],[1.26572,8.50996],[1.28572,8.52484],[1.29445,8.52339],[1.31842,8.50974],[1.34132,8.50874],[1.34476,8.5007],[1.36161,8.48725],[1.37168,8.45967],[1.38227,8.45967],[1.39604,8.46476],[1.40263,8.47344],[1.41939,8.47404],[1.44364,8.46535],[1.47253,8.44425],[1.47613,8.43766],[1.48002,8.42239],[1.47673,8.40473],[1.47847,8.37764],[1.50068,8.40322],[1.51301,8.42815],[1.52479,8.43774],[1.59383,8.45528],[1.61959,8.47007],[1.64992,8.47812],[1.64916,8.49076],[1.6375,8.50892],[1.62862,8.64761],[1.63221,8.69539],[1.63187,8.81663],[1.6257,8.80875],[1.60173,8.80806],[1.58563,8.80121],[1.57728,8.75112],[1.57022,8.74676],[1.54043,8.73717],[1.46406,8.73683],[1.45961,8.71491],[1.44705,8.71475],[1.44936,8.70723],[1.47541,8.68208],[1.49577,8.67819],[1.5269,8.68059],[1.53918,8.6728],[1.55325,8.65424],[1.55984,8.62789],[1.55744,8.60275],[1.54442,8.55948],[1.52705,8.54332],[1.52166,8.5532],[1.52526,8.55948],[1.52047,8.56966],[1.49681,8.57475],[1.49651,8.57176],[1.47735,8.57385],[1.4531,8.58403],[1.4561,8.58703],[1.45131,8.59481],[1.4567,8.59661],[1.45759,8.602],[1.45041,8.61188],[1.44711,8.64212],[1.44433,8.64511],[1.44385,8.64299],[1.2535,8.63875],[1.26212,8.60056],[1.25707,8.58896],[1.25008,8.58442],[1.24265,8.56149],[1.25196,8.55557],[1.26354,8.55789],[1.26868,8.55549],[1.26868,8.5483],[1.25892,8.53956],[1.23597,8.53272],[1.23186,8.52895],[1.22707,8.51217],[1.23755,8.48546]]]}},{"id":"155","type":"Feature","properties":{"adm3_pcode":"TG020206","canton":"Kabou","centre_lon":0.78489,"centre_lat":9.5079},"geometry":{"type":"Polygon","coordinates":[[[0.82741,9.36504],[0.85522,9.38376],[0.85448,9.42682],[0.86618,9.46144],[0.8665,9.48653],[0.84195,9.52519],[0.84093,9.61084],[0.83169,9.62937],[0.82818,9.63067],[0.82443,9.64428],[0.81981,9.65061],[0.81217,9.65086],[0.79796,9.63139],[0.79781,9.60746],[0.78485,9.58224],[0.77601,9.58006],[0.75999,9.60359],[0.7496,9.60533],[0.72955,9.60236],[0.72971,9.56795],[0.71984,9.53821],[0.71967,9.51791],[0.71548,9.50456],[0.69909,9.48386],[0.68862,9.4804],[0.68742,9.47627],[0.69256,9.46564],[0.69575,9.41787],[0.70145,9.41361],[0.71274,9.41247],[0.73345,9.41624],[0.74055,9.40326],[0.75682,9.38762],[0.79323,9.36816],[0.82741,9.36504]]]}},{"id":"156","type":"Feature","properties":{"adm3_pcode":"TG010503","canton":"Kadambara","centre_lon":1.24476,"centre_lat":8.81928},"geometry":{"type":"Polygon","coordinates":[[[1.26868,8.65867],[1.26986,8.67402],[1.26272,8.68711],[1.25975,8.70347],[1.27343,8.71239],[1.27729,8.71953],[1.27238,8.73591],[1.27866,8.74352],[1.30616,8.76227],[1.3054,8.78188],[1.3134,8.79501],[1.32263,8.79739],[1.32663,8.80196],[1.32415,8.81605],[1.30607,8.85107],[1.28484,8.8624],[1.28199,8.87834],[1.28372,8.89844],[1.23534,8.89533],[1.20721,8.87946],[1.20359,8.89008],[1.18763,8.91252],[1.18897,8.97954],[1.15721,8.95654],[1.15494,8.94902],[1.1485,8.94309],[1.14367,8.90215],[1.14891,8.89167],[1.16367,8.8941],[1.16961,8.89207],[1.17226,8.89474],[1.17186,8.88648],[1.19774,8.86965],[1.19658,8.86345],[1.18189,8.86589],[1.18612,8.84969],[1.16828,8.82636],[1.16607,8.81622],[1.17131,8.78419],[1.17645,8.77353],[1.17483,8.75946],[1.17806,8.74277],[1.19805,8.7365],[1.20339,8.7268],[1.2125,8.68428],[1.23346,8.67369],[1.2391,8.67541],[1.25553,8.66817],[1.26287,8.6682],[1.26868,8.65867]]]}},{"id":"157","type":"Feature","properties":{"adm3_pcode":"TG020505","canton":"Kadjalla","centre_lon":0.93884,"centre_lat":9.80317},"geometry":{"type":"Polygon","coordinates":[[[1.0268,9.79944],[1.0094,9.80885],[0.99773,9.81103],[0.99197,9.8171],[0.99197,9.82161],[0.96598,9.8227],[0.96459,9.82831],[0.9568,9.835],[0.94809,9.81321],[0.94046,9.8059],[0.93595,9.80574],[0.91059,9.83624],[0.89487,9.84216],[0.83826,9.82965],[0.84522,9.81809],[0.85541,9.81312],[0.86091,9.80487],[0.85812,9.7865],[0.86148,9.77141],[0.86008,9.76421],[0.90214,9.76807],[0.9862,9.78621],[1.00398,9.78451],[1.01531,9.77054],[1.02002,9.77201],[1.02103,9.78605],[1.0268,9.79944]]]}},{"id":"158","type":"Feature","properties":{"adm3_pcode":"TG010203","canton":"Kagnigbara","centre_lon":0.64653,"centre_lat":8.90208},"geometry":{"type":"Polygon","coordinates":[[[0.61276,8.79991],[0.6491,8.80039],[0.65846,8.8044],[0.66516,8.79771],[0.70051,8.79432],[0.69807,8.83412],[0.71008,8.84964],[0.74211,8.86065],[0.7407,8.87004],[0.71784,8.89243],[0.71283,8.90694],[0.71283,8.94648],[0.70783,8.97852],[0.6932,9.01021],[0.69611,9.01245],[0.69106,9.01481],[0.68505,9.0128],[0.66504,8.9828],[0.64227,8.98152],[0.63381,8.9649],[0.63202,8.94738],[0.61358,8.92833],[0.587,8.91822],[0.57804,8.90586],[0.57904,8.8983],[0.59098,8.89128],[0.59248,8.88135],[0.58822,8.87851],[0.58946,8.86966],[0.60898,8.86315],[0.62049,8.85114],[0.62349,8.83162],[0.61276,8.79991]]]}},{"id":"159","type":"Feature","properties":{"adm3_pcode":"TG020207","canton":"Kalanga","centre_lon":0.67252,"centre_lat":9.27345},"geometry":{"type":"Polygon","coordinates":[[[0.63556,9.18579],[0.65585,9.18241],[0.70376,9.20964],[0.70983,9.21426],[0.71859,9.23323],[0.71628,9.25791],[0.70704,9.27638],[0.69512,9.31991],[0.68272,9.35176],[0.68523,9.36146],[0.67294,9.36814],[0.66601,9.35409],[0.65792,9.35403],[0.63788,9.28718],[0.63796,9.27535],[0.63323,9.26964],[0.63899,9.26258],[0.63666,9.25547],[0.63832,9.22093],[0.64414,9.20536],[0.63611,9.19442],[0.63556,9.18579]]]}},{"id":"160","type":"Feature","properties":{"adm3_pcode":"TG040705","canton":"Kame","centre_lon":0.85264,"centre_lat":7.22991},"geometry":{"type":"Polygon","coordinates":[[[0.92847,7.2418],[0.85692,7.24846],[0.82679,7.24284],[0.79586,7.25208],[0.77342,7.26691],[0.75843,7.24365],[0.77824,7.22386],[0.78565,7.21012],[0.81074,7.19277],[0.84365,7.20305],[0.86447,7.21822],[0.92205,7.21513],[0.93722,7.23544],[0.92847,7.2418]]]}},{"id":"161","type":"Feature","properties":{"adm3_pcode":"TG040504","canton":"Kamina","centre_lon":1.56811,"centre_lat":8.10137},"geometry":{"type":"Polygon","coordinates":[[[1.64114,8.3],[1.63444,8.29233],[1.62079,8.28951],[1.59059,8.26586],[1.58341,8.25548],[1.58341,8.24213],[1.56218,8.1839],[1.54848,8.17329],[1.52759,8.12158],[1.52108,8.1137],[1.50498,8.11267],[1.49848,8.10514],[1.49813,8.0976],[1.48101,8.05137],[1.47896,8.03561],[1.46765,8.0315],[1.4439,8.03901],[1.43443,8.02945],[1.40921,8.02437],[1.41222,8.00917],[1.4098,8.00602],[1.4018,8.00505],[1.40508,7.99479],[1.39854,7.9822],[1.40242,7.97469],[1.44847,7.96276],[1.48422,7.96396],[1.49105,7.95794],[1.49426,7.94308],[1.50149,7.93745],[1.5039,7.92862],[1.53041,7.90492],[1.63364,7.91737],[1.64114,8.3]]]}},{"id":"162","type":"Feature","properties":{"adm3_pcode":"TG041003","canton":"Kamina","centre_lon":0.9151,"centre_lat":7.93551},"geometry":{"type":"Polygon","coordinates":[[[1.08231,7.87619],[1.08038,7.89299],[1.04954,7.91323],[1.04407,7.94247],[1.03829,7.94794],[1.03847,7.9606],[1.02987,7.96431],[0.98899,7.97158],[0.96325,7.98097],[0.91903,7.96461],[0.88451,7.95946],[0.86816,8.02215],[0.8618,8.03184],[0.85317,8.03593],[0.83712,8.03874],[0.83353,8.01654],[0.83523,8.00661],[0.83159,7.99862],[0.83388,7.99392],[0.83014,7.97439],[0.83161,7.96818],[0.82593,7.9538],[0.80927,7.94244],[0.77456,7.93274],[0.7838,7.90143],[0.81268,7.89889],[0.81975,7.89313],[0.81922,7.88187],[0.80849,7.86511],[0.81032,7.85542],[0.82765,7.8375],[0.8967,7.8385],[0.91327,7.8636],[0.92783,7.87364],[0.95294,7.87415],[0.95997,7.86963],[0.97754,7.87013],[1.01218,7.88268],[1.03428,7.88017],[1.04683,7.88619],[1.06038,7.88017],[1.08231,7.87619]]]}},{"id":"163","type":"Feature","properties":{"adm3_pcode":"TG020604","canton":"Kande","centre_lon":1.07891,"centre_lat":9.97651},"geometry":{"type":"Polygon","coordinates":[[[1.15176,9.98598],[1.13481,10.00712],[1.13508,10.02667],[1.09518,10.04904],[1.06275,10.07348],[1.02652,10.07359],[1.0107,10.06079],[0.99842,10.0632],[0.95218,10.10046],[0.94343,10.09712],[0.93522,10.10192],[0.93136,10.10945],[0.92483,10.10995],[0.91669,10.10504],[0.91347,10.09639],[0.89058,10.10518],[0.96703,10.02997],[0.98485,10.02248],[1.01172,10.01781],[1.01845,9.99954],[1.01439,9.98017],[1.02224,9.94982],[1.03838,9.93091],[1.02873,9.91289],[1.00791,9.8986],[0.98463,9.88776],[0.96807,9.86175],[0.96677,9.84962],[0.97851,9.85178],[0.99118,9.86253],[0.99806,9.86437],[1.01019,9.86361],[1.02391,9.85594],[1.03469,9.8736],[1.036,9.89175],[1.04546,9.88964],[1.04734,9.89597],[1.0578,9.90719],[1.08382,9.92606],[1.13056,9.94288],[1.13981,9.97284],[1.15176,9.98598]]]}},{"id":"164","type":"Feature","properties":{"adm3_pcode":"TG010305","canton":"Kaniamboua","centre_lon":1.00263,"centre_lat":8.60415},"geometry":{"type":"Polygon","coordinates":[[[0.97224,8.63122],[0.96796,8.59491],[0.96972,8.57996],[0.98818,8.58084],[1.00752,8.57468],[1.02071,8.57996],[1.03819,8.60197],[1.01764,8.61865],[0.97224,8.63122]]]}},{"id":"165","type":"Feature","properties":{"adm3_pcode":"TG051603","canton":"Kantindi","centre_lon":0.26896,"centre_lat":10.91796},"geometry":{"type":"Polygon","coordinates":[[[0.31337,10.96475],[0.31429,10.97802],[0.30301,10.98038],[0.29424,10.98775],[0.29183,10.99893],[0.29424,11.01111],[0.28545,11.01088],[0.28365,10.96229],[0.27841,10.95968],[0.26664,10.96573],[0.24459,10.96834],[0.24172,10.96444],[0.24992,10.95768],[0.23954,10.94299],[0.23941,10.92091],[0.24428,10.89976],[0.26109,10.89874],[0.26444,10.87905],[0.26236,10.86986],[0.27278,10.86348],[0.28036,10.83047],[0.32601,10.82649],[0.32633,10.84615],[0.3025,10.84789],[0.29143,10.8686],[0.29779,10.89443],[0.29575,10.94094],[0.30148,10.95225],[0.31337,10.96475]]]}},{"id":"166","type":"Feature","properties":{"adm3_pcode":"TG020403","canton":"Katchamba","centre_lon":0.51457,"centre_lat":9.87407},"geometry":{"type":"Polygon","coordinates":[[[0.5251,9.93664],[0.52698,9.94336],[0.51972,9.9515],[0.51391,9.95034],[0.50636,9.94133],[0.50229,9.94133],[0.48603,9.95353],[0.46541,9.94394],[0.45611,9.94714],[0.45379,9.95266],[0.44711,9.95644],[0.44134,9.95688],[0.44089,9.93207],[0.44866,9.85806],[0.50628,9.85402],[0.54222,9.82333],[0.55384,9.81895],[0.56063,9.79988],[0.56984,9.81654],[0.5705,9.8332],[0.58457,9.88109],[0.52408,9.90154],[0.51507,9.91664],[0.51507,9.92478],[0.5251,9.93664]]]}},{"id":"167","type":"Feature","properties":{"adm3_pcode":"TG010108","canton":"Katchenke","centre_lon":0.69627,"centre_lat":8.25324},"geometry":{"type":"Polygon","coordinates":[[[0.64388,8.25845],[0.68045,8.22651],[0.67173,8.21062],[0.67018,8.18174],[0.69857,8.18746],[0.74993,8.16982],[0.77069,8.18056],[0.77798,8.19713],[0.77663,8.20618],[0.77227,8.21155],[0.77149,8.22127],[0.75266,8.2298],[0.74318,8.24594],[0.74541,8.29813],[0.73013,8.33133],[0.73021,8.30308],[0.72454,8.28326],[0.69313,8.28056],[0.68485,8.27583],[0.67553,8.26282],[0.64388,8.25845]]]}},{"id":"168","type":"Feature","properties":{"adm3_pcode":"TG040802","canton":"Katome","centre_lon":1.61528,"centre_lat":7.37258},"geometry":{"type":"Polygon","coordinates":[[[1.63492,7.40069],[1.62574,7.40066],[1.61652,7.3914],[1.60282,7.38505],[1.58233,7.35302],[1.61822,7.34498],[1.63597,7.34537],[1.63492,7.40069]]]}},{"id":"169","type":"Feature","properties":{"adm3_pcode":"TG040906","canton":"Katore","centre_lon":1.31636,"centre_lat":7.38361},"geometry":{"type":"Polygon","coordinates":[[[1.46645,7.2968],[1.43803,7.31924],[1.43212,7.36057],[1.41862,7.37345],[1.39369,7.38219],[1.33173,7.41471],[1.2978,7.43836],[1.2924,7.44762],[1.26232,7.45661],[1.25924,7.45867],[1.25667,7.47127],[1.22402,7.47101],[1.21605,7.48823],[1.20371,7.47821],[1.1888,7.47204],[1.17646,7.47152],[1.17467,7.46484],[1.18315,7.45199],[1.1942,7.44556],[1.19857,7.43836],[1.22042,7.42615],[1.23842,7.38811],[1.2433,7.38091],[1.25641,7.37191],[1.25667,7.348],[1.28315,7.33721],[1.30346,7.32487],[1.33405,7.32152],[1.33559,7.31638],[1.33122,7.31561],[1.33019,7.31176],[1.34176,7.31098],[1.34793,7.30276],[1.35513,7.31073],[1.35898,7.30739],[1.36695,7.30687],[1.36926,7.30944],[1.38135,7.30739],[1.38315,7.29453],[1.4072,7.2813],[1.42425,7.27831],[1.44587,7.29119],[1.46645,7.2968]]]}},{"id":"170","type":"Feature","properties":{"adm3_pcode":"TG010306","canton":"Kazaboua","centre_lon":1.1428,"centre_lat":8.42073},"geometry":{"type":"Polygon","coordinates":[[[1.07637,8.48456],[1.06496,8.47267],[1.06014,8.47498],[1.05434,8.46069],[1.04864,8.39263],[1.05536,8.39327],[1.06397,8.38836],[1.1145,8.37648],[1.13351,8.36814],[1.16154,8.36664],[1.17646,8.38082],[1.2196,8.36264],[1.23683,8.36131],[1.22895,8.37843],[1.2352,8.39597],[1.23537,8.41398],[1.22732,8.45398],[1.20283,8.45198],[1.1723,8.46199],[1.07637,8.48456]]]}},{"id":"171","type":"Feature","properties":{"adm3_pcode":"TG010504","canton":"Kemeni","centre_lon":1.2783,"centre_lat":9.19582},"geometry":{"type":"Polygon","coordinates":[[[1.22156,9.17078],[1.28216,9.14053],[1.30923,9.14313],[1.32885,9.14542],[1.33765,9.1537],[1.34056,9.18146],[1.32604,9.21216],[1.29999,9.22632],[1.28896,9.25243],[1.24902,9.24262],[1.22706,9.22926],[1.22577,9.19758],[1.21833,9.17854],[1.22156,9.17078]]]}},{"id":"172","type":"Feature","properties":{"adm3_pcode":"TG020302","canton":"Kemerida","centre_lon":1.34933,"centre_lat":9.6171},"geometry":{"type":"Polygon","coordinates":[[[1.36569,9.68355],[1.33932,9.67196],[1.33011,9.65434],[1.33332,9.63793],[1.32931,9.57706],[1.33667,9.56751],[1.33892,9.54984],[1.34253,9.54583],[1.36655,9.6115],[1.36655,9.64994],[1.36975,9.66155],[1.36569,9.68355]]]}},{"id":"173","type":"Feature","properties":{"adm3_pcode":"TG040204","canton":"Kessibo","centre_lon":0.61541,"centre_lat":7.64049},"geometry":{"type":"Polygon","coordinates":[[[0.64443,7.57663],[0.67536,7.5943],[0.6597,7.62081],[0.6616,7.63124],[0.65407,7.64692],[0.65166,7.6674],[0.65213,7.69169],[0.64443,7.70135],[0.6364,7.69492],[0.62596,7.70938],[0.61673,7.71111],[0.61592,7.70195],[0.60788,7.70677],[0.58981,7.70717],[0.57414,7.64853],[0.57334,7.63286],[0.57695,7.61639],[0.62636,7.58627],[0.63921,7.58265],[0.64443,7.57663]]]}},{"id":"174","type":"Feature","properties":{"adm3_pcode":"TG020303","canton":"Ketao","centre_lon":1.32054,"centre_lat":9.67276},"geometry":{"type":"Polygon","coordinates":[[[1.3661,9.7399],[1.33877,9.72331],[1.33121,9.71576],[1.31649,9.68747],[1.29863,9.67414],[1.30569,9.66355],[1.30409,9.63232],[1.3161,9.6111],[1.32251,9.60709],[1.33171,9.60589],[1.33332,9.63793],[1.33091,9.65755],[1.33932,9.67196],[1.36575,9.68357],[1.36335,9.69719],[1.3661,9.7399]]]}},{"id":"175","type":"Feature","properties":{"adm3_pcode":"TG030105","canton":"Keve","centre_lon":1.01955,"centre_lat":6.4783},"geometry":{"type":"Polygon","coordinates":[[[0.99669,6.52943],[0.9823,6.5462],[0.97265,6.54282],[0.972,6.53429],[0.98134,6.51005],[0.97906,6.48052],[0.96985,6.46607],[0.94551,6.45945],[0.93345,6.45255],[0.92263,6.44048],[0.90851,6.44221],[0.89888,6.43256],[0.94521,6.41486],[0.94931,6.41077],[0.96197,6.42386],[0.96909,6.44552],[1.00442,6.44806],[1.02421,6.43288],[1.03849,6.43489],[1.04431,6.44194],[1.05487,6.44757],[1.06591,6.4632],[1.06039,6.48256],[1.05037,6.49934],[1.0225,6.5164],[1.01422,6.52838],[0.99669,6.52943]]]}},{"id":"176","type":"Feature","properties":{"adm3_pcode":"TG020404","canton":"Kidjaboun","centre_lon":0.4416,"centre_lat":9.77106},"geometry":{"type":"Polygon","coordinates":[[[0.56051,9.80003],[0.55384,9.81895],[0.54222,9.82333],[0.51504,9.84854],[0.49926,9.85555],[0.47406,9.85446],[0.43964,9.85818],[0.37838,9.83616],[0.35257,9.84091],[0.34934,9.8275],[0.33838,9.81194],[0.33575,9.80076],[0.32633,9.78563],[0.33071,9.77336],[0.32874,9.76876],[0.32107,9.76525],[0.32435,9.75341],[0.31471,9.72448],[0.32085,9.71813],[0.33334,9.71747],[0.33838,9.71221],[0.34386,9.70103],[0.34638,9.6847],[0.36896,9.69588],[0.38879,9.69555],[0.42222,9.72108],[0.43669,9.72788],[0.52403,9.73478],[0.53587,9.74333],[0.55077,9.76393],[0.558,9.783],[0.56051,9.80003]]]}},{"id":"177","type":"Feature","properties":{"adm3_pcode":"TG030705","canton":"Kini-Kondji","centre_lon":1.54829,"centre_lat":6.58539},"geometry":{"type":"Polygon","coordinates":[[[1.54521,6.55461],[1.57554,6.56923],[1.56811,6.58663],[1.57439,6.60311],[1.56155,6.61516],[1.5291,6.61496],[1.52165,6.61042],[1.5198,6.6024],[1.51471,6.59852],[1.53323,6.58011],[1.53535,6.57572],[1.53343,6.56362],[1.53798,6.56426],[1.54521,6.55461]]]}},{"id":"178","type":"Feature","properties":{"adm3_pcode":"TG040205","canton":"Klabe Efoukpa","centre_lon":0.73731,"centre_lat":7.60213},"geometry":{"type":"Polygon","coordinates":[[[0.86482,7.6842],[0.8292,7.67825],[0.80992,7.63407],[0.80189,7.62885],[0.79265,7.64009],[0.78542,7.66058],[0.76534,7.65736],[0.73843,7.63166],[0.70991,7.61358],[0.67617,7.618],[0.6616,7.63124],[0.6597,7.62081],[0.67536,7.5943],[0.64443,7.57663],[0.64684,7.55936],[0.65367,7.55373],[0.65648,7.5465],[0.65648,7.52762],[0.66532,7.5224],[0.68902,7.52401],[0.71191,7.53003],[0.73441,7.54128],[0.74164,7.54811],[0.74726,7.56257],[0.74686,7.58185],[0.75289,7.58788],[0.781,7.58747],[0.79747,7.58225],[0.8043,7.59109],[0.8051,7.61157],[0.90323,7.63385],[0.90351,7.65736],[0.89307,7.65335],[0.88222,7.65777],[0.87265,7.68207],[0.86482,7.6842]]]}},{"id":"179","type":"Feature","properties":{"adm3_pcode":"TG010109","canton":"Koffiti","centre_lon":1.14081,"centre_lat":8.02097},"geometry":{"type":"Polygon","coordinates":[[[1.23476,8.03228],[1.251,8.05677],[1.25221,8.06912],[1.2481,8.08201],[1.23079,8.09166],[1.22266,8.08378],[1.20378,8.07732],[1.18762,8.0885],[1.18589,8.08527],[1.16824,8.0803],[1.16179,8.07186],[1.14762,8.06366],[1.127,8.06018],[1.12104,8.06564],[1.1198,8.07832],[1.10847,8.08241],[1.10379,8.08756],[1.08797,8.06972],[1.07594,8.04974],[1.07934,8.03384],[1.07707,7.99031],[1.09373,7.95246],[1.1418,7.96192],[1.16981,7.98539],[1.18571,7.98993],[1.19555,8.00053],[1.19745,8.01529],[1.21675,8.03346],[1.23476,8.03228]]]}},{"id":"180","type":"Feature","properties":{"adm3_pcode":"TG020506","canton":"Koka","centre_lon":1.14634,"centre_lat":9.78967},"geometry":{"type":"Polygon","coordinates":[[[1.14869,9.76782],[1.16385,9.78324],[1.16442,9.79406],[1.15464,9.81329],[1.15051,9.80183],[1.13957,9.80312],[1.1362,9.79419],[1.12451,9.7871],[1.10621,9.78336],[1.09776,9.77527],[1.1064,9.77393],[1.12383,9.76139],[1.13761,9.76231],[1.14869,9.76782]]]}},{"id":"181","type":"Feature","properties":{"adm3_pcode":"TG010505","canton":"Kolina","centre_lon":1.17894,"centre_lat":9.08327},"geometry":{"type":"Polygon","coordinates":[[[1.08635,9.09781],[1.11282,9.07426],[1.12034,9.06232],[1.14903,9.0619],[1.1657,9.05514],[1.17828,9.04061],[1.19919,9.04322],[1.21697,9.05644],[1.2313,9.05607],[1.26362,9.0802],[1.21827,9.09875],[1.18082,9.12879],[1.16933,9.13101],[1.11313,9.12331],[1.08635,9.09781]]]}},{"id":"182","type":"Feature","properties":{"adm3_pcode":"TG041105","canton":"Kolokope","centre_lon":1.29423,"centre_lat":7.76536},"geometry":{"type":"Polygon","coordinates":[[[1.34709,7.71963],[1.37421,7.74125],[1.39067,7.79577],[1.35538,7.81217],[1.33404,7.82723],[1.32337,7.83037],[1.30329,7.82284],[1.29011,7.82409],[1.28195,7.82911],[1.28948,7.83916],[1.28948,7.84732],[1.28446,7.85234],[1.2763,7.84669],[1.26375,7.84355],[1.25021,7.84482],[1.24711,7.839],[1.23437,7.83069],[1.18421,7.80262],[1.18265,7.7982],[1.19851,7.77325],[1.21332,7.75921],[1.23463,7.75714],[1.27284,7.74466],[1.28505,7.72439],[1.28011,7.70931],[1.29181,7.6984],[1.29571,7.68878],[1.31701,7.67544],[1.32171,7.6785],[1.33167,7.70035],[1.34709,7.71963]]]}},{"id":"183","type":"Feature","properties":{"adm3_pcode":"TG010506","canton":"Komah","centre_lon":1.16251,"centre_lat":8.99646},"geometry":{"type":"Polygon","coordinates":[[[1.18897,8.97954],[1.23273,9.01751],[1.25423,9.02915],[1.2604,9.03697],[1.25859,9.04181],[1.2313,9.05607],[1.21697,9.05644],[1.19919,9.04322],[1.16389,9.03808],[1.15463,9.01222],[1.09562,8.98854],[1.0863,8.97612],[1.08229,8.97491],[1.08257,8.96685],[1.08699,8.96364],[1.09486,8.96484],[1.12469,8.97513],[1.13433,8.94661],[1.13807,8.94087],[1.14664,8.94137],[1.15494,8.94902],[1.15721,8.95654],[1.18897,8.97954]]]}},{"id":"184","type":"Feature","properties":{"adm3_pcode":"TG051604","canton":"Korbongou","centre_lon":0.32088,"centre_lat":10.94541},"geometry":{"type":"Polygon","coordinates":[[[0.29785,10.91658],[0.29779,10.89443],[0.29143,10.8686],[0.3025,10.84789],[0.32633,10.84615],[0.32118,10.85272],[0.30991,10.89885],[0.31688,10.90971],[0.32487,10.91566],[0.32467,10.93575],[0.32795,10.94067],[0.33963,10.94067],[0.34558,10.9501],[0.36013,10.95886],[0.37266,10.97565],[0.38857,10.98477],[0.38775,11.00248],[0.38955,11.00461],[0.40185,11.00215],[0.40185,11.02085],[0.40858,11.02692],[0.3971,11.02987],[0.39236,11.03754],[0.35926,11.04474],[0.35663,11.03814],[0.36585,11.03158],[0.36175,11.0242],[0.34392,11.01621],[0.31542,10.9914],[0.31337,10.96475],[0.30148,10.95225],[0.29575,10.94094],[0.29453,10.92703],[0.29785,10.91658]]]}},{"id":"185","type":"Feature","properties":{"adm3_pcode":"TG041004","canton":"Kougnohou","centre_lon":0.81062,"centre_lat":7.6911},"geometry":{"type":"Polygon","coordinates":[[[0.87806,7.76796],[0.8687,7.76807],[0.85692,7.75236],[0.84728,7.70135],[0.83603,7.6905],[0.79868,7.69572],[0.77859,7.67725],[0.76809,7.6751],[0.75333,7.66411],[0.71159,7.65381],[0.65177,7.66653],[0.65407,7.64692],[0.66371,7.62724],[0.67617,7.618],[0.70991,7.61358],[0.73843,7.63166],[0.76534,7.65736],[0.78542,7.66058],[0.79747,7.63286],[0.80189,7.62885],[0.80992,7.63407],[0.8292,7.67825],[0.84406,7.68227],[0.85861,7.68209],[0.86482,7.6842],[0.86897,7.69171],[0.86977,7.72264],[0.87941,7.75718],[0.87806,7.76796]]]}},{"id":"186","type":"Feature","properties":{"adm3_pcode":"TG020405","canton":"Koulfiekou","centre_lon":0.41119,"centre_lat":9.93479},"geometry":{"type":"Polygon","coordinates":[[[0.44866,9.85806],[0.44089,9.93207],[0.44134,9.95688],[0.42619,9.95847],[0.42096,9.96399],[0.41806,9.97619],[0.42271,9.98635],[0.42242,9.9942],[0.41545,10.00901],[0.40786,10.02219],[0.40019,10.01665],[0.39099,10.02367],[0.37411,10.02454],[0.36271,10.03046],[0.35329,10.02871],[0.35745,10.00789],[0.35219,9.98619],[0.35351,9.9772],[0.38068,9.94454],[0.38266,9.93709],[0.37455,9.92766],[0.35723,9.9235],[0.3489,9.91057],[0.34627,9.88361],[0.3523,9.84098],[0.37838,9.83616],[0.41871,9.85238],[0.44866,9.85806]]]}},{"id":"187","type":"Feature","properties":{"adm3_pcode":"TG041205","canton":"Kouma","centre_lon":0.57994,"centre_lat":6.98502},"geometry":{"type":"Polygon","coordinates":[[[0.62515,6.96631],[0.62988,6.97906],[0.61302,6.99037],[0.61426,7.01854],[0.59949,7.03017],[0.57127,7.00559],[0.55749,6.99983],[0.53097,6.97865],[0.55708,6.96569],[0.57518,6.9515],[0.60809,6.94636],[0.63873,6.948],[0.64716,6.94163],[0.65231,6.95399],[0.6451,6.95993],[0.62515,6.96631]]]}},{"id":"188","type":"Feature","properties":{"adm3_pcode":"TG020705","canton":"Koumea","centre_lon":1.20418,"centre_lat":9.71372},"geometry":{"type":"Polygon","coordinates":[[[1.19918,9.67196],[1.23882,9.68918],[1.24943,9.70445],[1.24268,9.71102],[1.24174,9.71647],[1.23166,9.71703],[1.22127,9.73827],[1.19782,9.75176],[1.17195,9.72241],[1.15674,9.69518],[1.17916,9.68477],[1.18156,9.67637],[1.18637,9.67196],[1.19918,9.67196]]]}},{"id":"189","type":"Feature","properties":{"adm3_pcode":"TG020105","canton":"Koumonde","centre_lon":1.27996,"centre_lat":9.27993},"geometry":{"type":"Polygon","coordinates":[[[1.21667,9.2971],[1.22124,9.29181],[1.23908,9.29391],[1.24197,9.27593],[1.24813,9.26281],[1.26365,9.24776],[1.28894,9.25318],[1.31377,9.24574],[1.344,9.2524],[1.29255,9.305],[1.2932,9.31608],[1.2228,9.30518],[1.21667,9.2971]]]}},{"id":"190","type":"Feature","properties":{"adm3_pcode":"TG051902","canton":"Koumongou","centre_lon":0.50042,"centre_lat":10.15924},"geometry":{"type":"Polygon","coordinates":[[[0.56338,10.11601],[0.55585,10.1483],[0.57201,10.17773],[0.55334,10.17915],[0.55119,10.18741],[0.54616,10.18777],[0.54186,10.18346],[0.53576,10.18669],[0.52428,10.18633],[0.50885,10.20068],[0.5006,10.19924],[0.50275,10.20965],[0.49988,10.21288],[0.48571,10.21342],[0.47889,10.20086],[0.47315,10.19835],[0.46131,10.20552],[0.45342,10.20481],[0.42902,10.18723],[0.424,10.18543],[0.41862,10.19189],[0.41324,10.19153],[0.40696,10.18519],[0.40803,10.17664],[0.42167,10.17341],[0.48122,10.12605],[0.55764,10.10345],[0.56338,10.11601]]]}},{"id":"191","type":"Feature","properties":{"adm3_pcode":"TG051302","canton":"Koundjoare","centre_lon":0.64082,"centre_lat":10.9275},"geometry":{"type":"Polygon","coordinates":[[[0.59711,10.97912],[0.58827,10.96051],[0.57646,10.95263],[0.57646,10.94749],[0.57313,10.94476],[0.57718,10.90799],[0.61037,10.87178],[0.6773,10.85513],[0.70743,10.85874],[0.70591,10.94007],[0.73983,10.96914],[0.78843,10.96354],[0.78874,10.99685],[0.63914,10.99957],[0.59711,10.97912]]]}},{"id":"192","type":"Feature","properties":{"adm3_pcode":"TG051903","canton":"Kountoire","centre_lon":0.62817,"centre_lat":10.08976},"geometry":{"type":"Polygon","coordinates":[[[0.57201,10.17773],[0.55585,10.1483],[0.56338,10.11601],[0.57164,10.09843],[0.57487,10.07116],[0.56876,10.0543],[0.54293,10.04246],[0.54724,10.01986],[0.5537,10.02488],[0.56554,10.02739],[0.57522,10.02847],[0.58025,10.02524],[0.58778,10.02919],[0.5885,10.03421],[0.62904,10.0012],[0.63622,9.989],[0.64352,9.989],[0.67295,10.01583],[0.6779,10.02765],[0.67845,10.03836],[0.68697,10.0532],[0.68669,10.08206],[0.67264,10.10849],[0.67229,10.11622],[0.67571,10.14132],[0.68371,10.14359],[0.68834,10.15571],[0.69799,10.16711],[0.68716,10.17305],[0.68695,10.18239],[0.67586,10.18978],[0.66492,10.18992],[0.65882,10.18525],[0.65631,10.17772],[0.63478,10.1831],[0.60931,10.17485],[0.59352,10.17808],[0.57201,10.17773]]]}},{"id":"193","type":"Feature","properties":{"adm3_pcode":"TG051605","canton":"Kourientre","centre_lon":0.2335,"centre_lat":11.00655},"geometry":{"type":"Polygon","coordinates":[[[0.29123,11.05065],[0.26663,11.0568],[0.25925,11.03876],[0.24797,11.02871],[0.24162,11.03199],[0.2451,11.04142],[0.23752,11.04306],[0.23485,11.03384],[0.21189,11.0037],[0.21476,10.98484],[0.19979,10.9709],[0.20205,10.96044],[0.20512,10.9586],[0.2246,10.96373],[0.23394,10.96286],[0.25388,11.0094],[0.25879,11.01366],[0.27955,11.0156],[0.29123,11.05065]]]}},{"id":"194","type":"Feature","properties":{"adm3_pcode":"TG010407","canton":"Koussountou","centre_lon":1.4919,"centre_lat":8.84736},"geometry":{"type":"Polygon","coordinates":[[[1.41393,8.7126],[1.4233,8.71731],[1.45824,8.71354],[1.46406,8.73683],[1.54043,8.73717],[1.57728,8.75112],[1.58569,8.79968],[1.57451,8.80652],[1.56663,8.85824],[1.57759,8.87981],[1.59129,8.89693],[1.62567,8.92126],[1.62211,8.95516],[1.6293,8.99899],[1.59882,8.99557],[1.56173,8.98145],[1.54094,8.99249],[1.49265,8.99146],[1.48717,8.98803],[1.49437,8.9829],[1.50498,8.96372],[1.49711,8.94385],[1.50875,8.91337],[1.50738,8.90961],[1.46937,8.90139],[1.45361,8.90242],[1.44163,8.89556],[1.42553,8.89762],[1.42433,8.86457],[1.41782,8.8567],[1.41183,8.8305],[1.4019,8.80926],[1.40772,8.78837],[1.4084,8.73563],[1.41354,8.72741],[1.41393,8.7126]]]}},{"id":"195","type":"Feature","properties":{"adm3_pcode":"TG020406","canton":"Koutchitcheou","centre_lon":0.76723,"centre_lat":9.62667},"geometry":{"type":"Polygon","coordinates":[[[0.80632,9.64423],[0.80301,9.65707],[0.78854,9.66173],[0.7799,9.67353],[0.77199,9.67636],[0.77562,9.65848],[0.76524,9.64992],[0.75977,9.6387],[0.73825,9.62831],[0.73045,9.61667],[0.72955,9.60236],[0.7496,9.60533],[0.75999,9.60359],[0.77601,9.58006],[0.78485,9.58224],[0.79781,9.60746],[0.79796,9.63139],[0.80632,9.64423]]]}},{"id":"196","type":"Feature","properties":{"adm3_pcode":"TG020605","canton":"Koutougou","centre_lon":1.21473,"centre_lat":10.06006},"geometry":{"type":"Polygon","coordinates":[[[1.26734,10.01723],[1.31098,10.04241],[1.1574,10.12983],[1.14264,10.11563],[1.13607,10.10242],[1.13746,10.09316],[1.14559,10.07351],[1.15487,10.03556],[1.15039,10.02483],[1.14483,10.02238],[1.13508,10.02667],[1.13338,10.01402],[1.13587,10.00471],[1.15176,9.98598],[1.15914,9.99914],[1.17202,9.99378],[1.18812,9.99217],[1.20154,9.9825],[1.23804,9.98465],[1.2535,9.99238],[1.26029,10.01016],[1.26734,10.01723]]]}},{"id":"197","type":"Feature","properties":{"adm3_pcode":"TG030706","canton":"Kouve","centre_lon":1.40221,"centre_lat":6.72469},"geometry":{"type":"Polygon","coordinates":[[[1.47205,6.72765],[1.46886,6.73907],[1.45507,6.75577],[1.45548,6.76178],[1.46276,6.76781],[1.48371,6.77917],[1.47123,6.8301],[1.41037,6.84366],[1.40523,6.83681],[1.35101,6.81874],[1.33901,6.80923],[1.349,6.76229],[1.34775,6.75198],[1.33275,6.74463],[1.33327,6.71889],[1.33588,6.70731],[1.36523,6.65977],[1.37734,6.6332],[1.38019,6.61974],[1.49139,6.60829],[1.4905,6.61268],[1.49511,6.61329],[1.4584,6.66031],[1.4552,6.67607],[1.47205,6.72765]]]}},{"id":"198","type":"Feature","properties":{"adm3_pcode":"TG030812","canton":"Kovie","centre_lon":1.08879,"centre_lat":6.33318},"geometry":{"type":"Polygon","coordinates":[[[1.09808,6.37459],[1.07804,6.38754],[1.0673,6.32899],[1.06473,6.32662],[1.04632,6.32653],[1.05095,6.29615],[1.06717,6.27891],[1.07675,6.29153],[1.08461,6.29479],[1.09505,6.32113],[1.12712,6.34789],[1.11847,6.36914],[1.11123,6.376],[1.09808,6.37459]]]}},{"id":"199","type":"Feature","properties":{"adm3_pcode":"TG041206","canton":"Kpadape","centre_lon":0.59969,"centre_lat":6.80098},"geometry":{"type":"Polygon","coordinates":[[[0.56763,6.78669],[0.57175,6.77816],[0.57228,6.76526],[0.57649,6.76131],[0.58768,6.76276],[0.60742,6.75328],[0.62374,6.75394],[0.62887,6.74867],[0.63874,6.7621],[0.6448,6.76473],[0.64296,6.77329],[0.64822,6.785],[0.6265,6.78632],[0.61834,6.79843],[0.62024,6.80411],[0.62602,6.80585],[0.6312,6.81265],[0.6263,6.82702],[0.62672,6.83965],[0.63089,6.84635],[0.62023,6.85352],[0.61762,6.84825],[0.58814,6.85365],[0.58466,6.8412],[0.56868,6.81323],[0.57782,6.80762],[0.58125,6.79867],[0.56887,6.80328],[0.5665,6.79999],[0.57019,6.79169],[0.56763,6.78669]]]}},{"id":"200","type":"Feature","properties":{"adm3_pcode":"TG020507","canton":"Kpaha","centre_lon":1.1409,"centre_lat":9.91809},"geometry":{"type":"Polygon","coordinates":[[[1.19445,9.94287],[1.21469,9.98163],[1.20154,9.9825],[1.18812,9.99217],[1.17202,9.99378],[1.15914,9.99914],[1.13981,9.97284],[1.12801,9.93473],[1.11459,9.92024],[1.10541,9.91543],[1.11771,9.83951],[1.14088,9.85008],[1.14336,9.86089],[1.163,9.85344],[1.16596,9.9096],[1.17675,9.92693],[1.19445,9.94287]]]}},{"id":"201","type":"Feature","properties":{"adm3_pcode":"TG041005","canton":"Kpalave","centre_lon":0.83937,"centre_lat":7.83245},"geometry":{"type":"Polygon","coordinates":[[[0.82765,7.8375],[0.81032,7.85542],[0.80849,7.86511],[0.81922,7.88187],[0.81975,7.89313],[0.81268,7.89889],[0.7838,7.90143],[0.76868,7.88292],[0.76606,7.86616],[0.77235,7.86066],[0.79277,7.81273],[0.80744,7.79335],[0.81241,7.77738],[0.83363,7.77162],[0.84803,7.77843],[0.86008,7.78916],[0.8804,7.79159],[0.88343,7.81381],[0.89664,7.8385],[0.82765,7.8375]]]}},{"id":"202","type":"Feature","properties":{"adm3_pcode":"TG010507","canton":"Kpangalam","centre_lon":1.0394,"centre_lat":9.09584},"geometry":{"type":"Polygon","coordinates":[[[1.07068,9.22744],[1.04091,9.2136],[1.01788,9.21364],[0.99994,9.20609],[0.9933,9.20037],[0.98534,9.17571],[0.98763,9.10757],[1.00308,9.06884],[1.0002,9.0594],[1.02152,9.0445],[1.03398,9.02963],[1.03855,9.00154],[1.04934,8.96733],[1.06968,8.96392],[1.08274,8.96672],[1.08229,8.97491],[1.0863,8.97612],[1.09562,8.98854],[1.15463,9.01222],[1.16389,9.03808],[1.17828,9.04061],[1.1657,9.05514],[1.14903,9.0619],[1.12034,9.06232],[1.11282,9.07426],[1.06784,9.11566],[1.07068,9.22744]]]}},{"id":"203","type":"Feature","properties":{"adm3_pcode":"TG010508","canton":"Kparatao","centre_lon":1.2427,"centre_lat":8.94937},"geometry":{"type":"Polygon","coordinates":[[[1.20721,8.87946],[1.23534,8.89533],[1.28372,8.89844],[1.2968,8.94015],[1.29502,8.96781],[1.3084,8.97465],[1.35599,8.969],[1.36818,8.97227],[1.38008,8.99114],[1.37562,9.0035],[1.35538,9.02286],[1.32385,9.00215],[1.30229,8.97762],[1.27329,8.97873],[1.24168,8.96981],[1.23304,8.97407],[1.21869,9.00512],[1.18897,8.97954],[1.18763,8.91252],[1.20359,8.89008],[1.20721,8.87946]]]}},{"id":"204","type":"Feature","properties":{"adm3_pcode":"TG010509","canton":"Kpassouade","centre_lon":1.31354,"centre_lat":9.03948},"geometry":{"type":"Polygon","coordinates":[[[1.2604,9.03697],[1.28715,9.01997],[1.2919,9.0101],[1.31807,8.99602],[1.35538,9.02286],[1.35034,9.02938],[1.3551,9.03325],[1.36283,9.03354],[1.37715,9.0563],[1.31425,9.07558],[1.26393,9.08056],[1.25816,9.07367],[1.23116,9.05596],[1.25859,9.04181],[1.2604,9.03697]]]}},{"id":"205","type":"Feature","properties":{"adm3_pcode":"TG040109","canton":"Kpategan","centre_lon":1.04706,"centre_lat":7.36013},"geometry":{"type":"Polygon","coordinates":[[[1.01458,7.32051],[1.01724,7.30058],[1.01258,7.27784],[1.01422,7.27154],[1.02601,7.26524],[1.04025,7.26688],[1.04463,7.274],[1.05696,7.27673],[1.0617,7.28088],[1.07676,7.279],[1.08053,7.32607],[1.11003,7.33925],[1.117,7.35534],[1.11198,7.35772],[1.11037,7.36374],[1.11037,7.37057],[1.11647,7.38338],[1.11037,7.38503],[1.10796,7.39467],[1.09792,7.39869],[1.08747,7.39548],[1.08386,7.39829],[1.07784,7.40672],[1.07824,7.42199],[1.07261,7.44287],[1.02764,7.4505],[1.01959,7.43645],[1.01999,7.41275],[0.98344,7.36254],[0.97822,7.34366],[1.01458,7.32051]]]}},{"id":"206","type":"Feature","properties":{"adm3_pcode":"TG040605","canton":"Kpedome","centre_lon":1.1132,"centre_lat":7.0715},"geometry":{"type":"Polygon","coordinates":[[[0.95022,7.0734],[0.95384,7.06451],[0.967,7.05349],[0.95194,7.0339],[0.98646,7.01106],[1.04631,6.98877],[1.06881,7.00243],[1.07684,7.00122],[1.10054,6.98475],[1.13267,6.97993],[1.15316,6.96587],[1.17645,6.96587],[1.18449,6.97029],[1.1869,6.98074],[1.2122,7.01247],[1.25197,7.01729],[1.27406,7.05103],[1.27567,7.0924],[1.29535,7.11168],[1.30378,7.1165],[1.32788,7.12132],[1.33215,7.12558],[1.30379,7.1412],[1.2592,7.13879],[1.25157,7.14281],[1.20176,7.15325],[1.17967,7.15044],[1.17043,7.1396],[1.17003,7.13518],[1.15196,7.12514],[1.12753,7.14288],[1.09759,7.15209],[1.0779,7.16446],[1.07305,7.17904],[1.06647,7.17852],[1.04415,7.16554],[1.02846,7.14922],[1.00084,7.13792],[0.99331,7.13855],[0.98264,7.15173],[0.95682,7.14781],[0.95414,7.1326],[0.96127,7.12099],[0.96272,7.10457],[0.96734,7.09918],[0.95022,7.0734]]]}},{"id":"207","type":"Feature","properties":{"adm3_pcode":"TG040606","canton":"Kpegnon/Haito","centre_lon":0.99406,"centre_lat":7.18708},"geometry":{"type":"Polygon","coordinates":[[[0.98103,7.22517],[0.97782,7.29064],[0.973,7.30108],[0.96818,7.30229],[0.95258,7.29424],[0.93926,7.26333],[0.93105,7.25833],[0.92847,7.2418],[0.93722,7.23544],[0.9254,7.22284],[0.92406,7.21613],[0.92262,7.1959],[0.92632,7.18459],[0.92797,7.14737],[0.93787,7.11756],[0.9508,7.09566],[0.95022,7.0734],[0.96734,7.09918],[0.96272,7.10457],[0.96127,7.12099],[0.95414,7.1326],[0.95682,7.14781],[0.98264,7.15173],[0.99331,7.13855],[1.00084,7.13792],[1.02846,7.14922],[1.04415,7.16554],[1.06647,7.17852],[1.06107,7.19051],[1.03597,7.19427],[1.02803,7.2099],[1.01317,7.21432],[1.00634,7.22356],[0.98103,7.22517]]]}},{"id":"208","type":"Feature","properties":{"adm3_pcode":"TG040803","canton":"Kpekpleme","centre_lon":1.58717,"centre_lat":7.30071},"geometry":{"type":"Polygon","coordinates":[[[1.63597,7.34537],[1.61822,7.34498],[1.58233,7.35302],[1.57396,7.33242],[1.56239,7.32663],[1.55885,7.31539],[1.53668,7.29964],[1.51676,7.30735],[1.50391,7.30318],[1.48912,7.29097],[1.47457,7.28892],[1.48655,7.27777],[1.51908,7.27496],[1.53836,7.27456],[1.55483,7.2842],[1.56367,7.2842],[1.58335,7.27215],[1.5954,7.26893],[1.60825,7.25327],[1.63654,7.24792],[1.63597,7.34537]]]}},{"id":"209","type":"Feature","properties":{"adm3_pcode":"TG040706","canton":"Kpele-Centre","centre_lon":0.84874,"centre_lat":7.18043},"geometry":{"type":"Polygon","coordinates":[[[0.92406,7.21613],[0.86447,7.21822],[0.84365,7.20305],[0.82071,7.19618],[0.82334,7.18557],[0.82103,7.18223],[0.79378,7.18634],[0.77013,7.18017],[0.74571,7.18248],[0.74133,7.19662],[0.74185,7.20973],[0.73785,7.21438],[0.72591,7.20434],[0.7182,7.18146],[0.74314,7.16552],[0.78761,7.15369],[0.83825,7.16295],[0.85631,7.14483],[0.8599,7.14655],[0.87182,7.14182],[0.93167,7.14223],[0.92797,7.14737],[0.92632,7.18459],[0.92262,7.1959],[0.92406,7.21613]]]}},{"id":"210","type":"Feature","properties":{"adm3_pcode":"TG040707","canton":"Kpele-Dawlotou","centre_lon":0.84044,"centre_lat":7.01364},"geometry":{"type":"Polygon","coordinates":[[[0.92937,7.03581],[0.91131,7.05719],[0.89938,7.0613],[0.83707,7.06398],[0.79059,7.09225],[0.78072,7.10583],[0.74473,7.12207],[0.73198,7.10542],[0.72893,7.08988],[0.74027,7.08489],[0.76373,7.04794],[0.77723,7.04055],[0.77626,6.99428],[0.77498,6.98496],[0.77188,6.98355],[0.77587,6.97526],[0.77444,6.96847],[0.78595,6.96806],[0.79478,6.95554],[0.80528,6.94894],[0.8091,6.94248],[0.80921,6.93312],[0.83545,6.91382],[0.84273,6.91186],[0.85073,6.91466],[0.87809,6.93832],[0.8813,6.95921],[0.87448,6.95961],[0.87166,6.96242],[0.87448,6.96604],[0.90982,6.97327],[0.91866,6.97929],[0.92187,6.99978],[0.90701,7.01022],[0.9042,7.01705],[0.90781,7.02308],[0.92589,7.0291],[0.92937,7.03581]]]}},{"id":"211","type":"Feature","properties":{"adm3_pcode":"TG040708","canton":"Kpele-Dutoe","centre_lon":0.89667,"centre_lat":7.26152},"geometry":{"type":"Polygon","coordinates":[[[0.93105,7.25833],[0.9003,7.26654],[0.83844,7.25489],[0.82077,7.25851],[0.78261,7.28152],[0.77337,7.26694],[0.79586,7.25208],[0.82679,7.24284],[0.85692,7.24846],[0.89106,7.24726],[0.92841,7.24123],[0.93105,7.25833]]]}},{"id":"212","type":"Feature","properties":{"adm3_pcode":"TG040709","canton":"Kpele-Nord","centre_lon":0.86917,"centre_lat":7.28984},"geometry":{"type":"Polygon","coordinates":[[[0.95258,7.29424],[0.94649,7.29827],[0.94448,7.3059],[0.93213,7.31386],[0.92038,7.31474],[0.90431,7.32197],[0.8766,7.32277],[0.85973,7.31153],[0.84326,7.30912],[0.82131,7.29726],[0.81354,7.30189],[0.79519,7.30437],[0.78221,7.2818],[0.82077,7.25851],[0.83844,7.25489],[0.9003,7.26654],[0.93002,7.2577],[0.93926,7.26333],[0.95258,7.29424]]]}},{"id":"213","type":"Feature","properties":{"adm3_pcode":"TG051801","canton":"Kpendjaga / Papri","centre_lon":0.42425,"centre_lat":10.99375},"geometry":{"type":"Polygon","coordinates":[[[0.46663,10.96503],[0.45799,10.99551],[0.43606,11.02602],[0.39236,11.03754],[0.3971,11.02987],[0.40858,11.02692],[0.40185,11.02085],[0.40185,11.00215],[0.38955,11.00461],[0.38857,10.98477],[0.37266,10.97565],[0.35948,10.96036],[0.36221,10.954],[0.36948,10.95157],[0.37311,10.94673],[0.37977,10.94673],[0.38553,10.96399],[0.39401,10.97035],[0.44096,10.97513],[0.45881,10.97065],[0.46663,10.96503]]]}},{"id":"214","type":"Feature","properties":{"adm3_pcode":"TG040505","canton":"Kpessi","centre_lon":1.30251,"centre_lat":8.11729},"geometry":{"type":"Polygon","coordinates":[[[1.23475,8.03221],[1.27176,8.03287],[1.30066,8.00977],[1.31183,7.9952],[1.32692,7.98778],[1.34847,7.98972],[1.38751,7.99965],[1.40294,8.00007],[1.4018,8.00505],[1.4098,8.00602],[1.41222,8.00917],[1.40921,8.02437],[1.35498,8.02876],[1.30087,8.05445],[1.29779,8.05925],[1.29813,8.06541],[1.3019,8.06849],[1.32553,8.06438],[1.33683,8.06678],[1.34864,8.10942],[1.3459,8.16764],[1.33289,8.18613],[1.26018,8.24583],[1.24702,8.23902],[1.24288,8.22041],[1.24627,8.21048],[1.26033,8.1991],[1.26275,8.19352],[1.2642,8.16567],[1.25645,8.13248],[1.25548,8.10363],[1.24786,8.09969],[1.23381,8.09896],[1.23042,8.09557],[1.23042,8.09194],[1.2481,8.08201],[1.25221,8.06912],[1.251,8.05677],[1.23475,8.03221]]]}},{"id":"215","type":"Feature","properties":{"adm3_pcode":"TG040206","canton":"Kpete Bena","centre_lon":0.57935,"centre_lat":7.43886},"geometry":{"type":"Polygon","coordinates":[[[0.63011,7.47159],[0.60386,7.49027],[0.55285,7.48424],[0.51562,7.49134],[0.5155,7.47661],[0.50224,7.46376],[0.51269,7.45492],[0.51389,7.4489],[0.51951,7.45131],[0.52514,7.44649],[0.53478,7.40913],[0.54562,7.39869],[0.55165,7.39789],[0.56049,7.39065],[0.57856,7.38744],[0.59623,7.39226],[0.61471,7.4023],[0.62837,7.4015],[0.64243,7.39347],[0.6356,7.43283],[0.62716,7.44488],[0.6356,7.45131],[0.6368,7.45814],[0.63011,7.47159]]]}},{"id":"216","type":"Feature","properties":{"adm3_pcode":"TG030205","canton":"Kpetsou","centre_lon":1.58603,"centre_lat":6.54039},"geometry":{"type":"Polygon","coordinates":[[[1.57004,6.50813],[1.57787,6.50846],[1.58289,6.50303],[1.58638,6.51878],[1.61578,6.53843],[1.62443,6.55418],[1.61773,6.56477],[1.60643,6.56033],[1.59547,6.57423],[1.59204,6.57422],[1.55491,6.56038],[1.5645,6.55174],[1.5532,6.53773],[1.55301,6.5285],[1.56356,6.52458],[1.57004,6.50813]]]}},{"id":"217","type":"Feature","properties":{"adm3_pcode":"TG041207","canton":"Kpime","centre_lon":0.63286,"centre_lat":7.00834},"geometry":{"type":"Polygon","coordinates":[[[0.65703,6.9517],[0.69808,6.94944],[0.70521,6.95115],[0.70764,6.95828],[0.72889,6.95796],[0.75103,6.98125],[0.72915,6.97806],[0.72571,6.97208],[0.70917,6.97571],[0.67229,6.99442],[0.64316,7.01477],[0.63547,7.02582],[0.62138,7.02866],[0.61849,7.03637],[0.62234,7.05533],[0.60981,7.06819],[0.60109,7.07016],[0.59554,7.05988],[0.59965,7.02903],[0.61426,7.01854],[0.61302,6.99037],[0.62988,6.97906],[0.62515,6.96631],[0.6451,6.95993],[0.65703,6.9517]]]}},{"id":"218","type":"Feature","properties":{"adm3_pcode":"TG030813","canton":"Kpome","centre_lon":1.34205,"centre_lat":6.33911},"geometry":{"type":"Polygon","coordinates":[[[1.32214,6.39382],[1.32531,6.38519],[1.32251,6.37433],[1.31945,6.36729],[1.3109,6.36177],[1.30424,6.35153],[1.30405,6.34252],[1.29707,6.32887],[1.3063,6.32737],[1.3063,6.32473],[1.29555,6.32381],[1.2938,6.32095],[1.28942,6.29061],[1.30489,6.28693],[1.31628,6.2962],[1.32023,6.29621],[1.34222,6.28705],[1.35427,6.29588],[1.36727,6.28339],[1.37403,6.30011],[1.38577,6.30384],[1.38034,6.34803],[1.36316,6.3557],[1.35842,6.36127],[1.35406,6.38271],[1.34802,6.39428],[1.32214,6.39382]]]}},{"id":"219","type":"Feature","properties":{"adm3_pcode":"TG010408","canton":"Kri-Kri","centre_lon":1.45718,"centre_lat":9.20613},"geometry":{"type":"Polygon","coordinates":[[[1.41119,9.13189],[1.44163,9.14352],[1.45411,9.13071],[1.46594,9.13564],[1.47827,9.13598],[1.48615,9.14386],[1.49437,9.16646],[1.52632,9.19044],[1.46201,9.25473],[1.45297,9.27477],[1.44462,9.28428],[1.43714,9.27656],[1.43074,9.26315],[1.42057,9.2295],[1.41055,9.21909],[1.39655,9.19574],[1.39609,9.17719],[1.39079,9.15975],[1.41119,9.13189]]]}},{"id":"220","type":"Feature","properties":{"adm3_pcode":"TG020706","canton":"Lama","centre_lon":1.19489,"centre_lat":9.59102},"geometry":{"type":"Polygon","coordinates":[[[1.2627,9.56151],[1.23623,9.56587],[1.22534,9.56139],[1.22082,9.56401],[1.2154,9.5809],[1.21766,9.59022],[1.21381,9.59855],[1.2012,9.60363],[1.19748,9.61008],[1.21189,9.61809],[1.21029,9.62641],[1.2026,9.64083],[1.19619,9.64531],[1.19459,9.65364],[1.18466,9.65492],[1.17665,9.65236],[1.1717,9.6468],[1.17089,9.62994],[1.17665,9.62161],[1.17922,9.60399],[1.17377,9.59791],[1.17377,9.59182],[1.16704,9.58573],[1.16736,9.57772],[1.16192,9.57516],[1.16384,9.57036],[1.1616,9.56011],[1.14783,9.5505],[1.14783,9.54537],[1.14142,9.54345],[1.13982,9.52615],[1.15327,9.53096],[1.17153,9.53224],[1.17826,9.53832],[1.19331,9.54313],[1.20388,9.54089],[1.21498,9.53187],[1.22855,9.54729],[1.2593,9.55658],[1.2627,9.56151]]]}},{"id":"221","type":"Feature","properties":{"adm3_pcode":"TG020304","canton":"Lama-Dessi","centre_lon":1.26171,"centre_lat":9.72979},"geometry":{"type":"Polygon","coordinates":[[[1.24268,9.71102],[1.26244,9.69238],[1.27302,9.6891],[1.28187,9.69594],[1.29651,9.72132],[1.30029,9.74275],[1.26738,9.74822],[1.24923,9.76254],[1.24125,9.75161],[1.23026,9.74962],[1.22116,9.73848],[1.23166,9.71703],[1.24174,9.71647],[1.24268,9.71102]]]}},{"id":"222","type":"Feature","properties":{"adm3_pcode":"TG010510","canton":"Lama-Tessi","centre_lon":1.08032,"centre_lat":8.87051},"geometry":{"type":"Polygon","coordinates":[[[1.17754,8.74544],[1.17483,8.75946],[1.17645,8.77353],[1.17131,8.78419],[1.16607,8.81622],[1.16828,8.82636],[1.18612,8.84969],[1.18189,8.86589],[1.19406,8.863],[1.19805,8.86567],[1.19774,8.86965],[1.17186,8.88648],[1.17226,8.89474],[1.16961,8.89207],[1.16367,8.8941],[1.14916,8.89163],[1.1378,8.88118],[1.13035,8.87895],[1.1137,8.87621],[1.10277,8.87895],[1.09805,8.8869],[1.09926,8.90892],[1.08678,8.92068],[1.0198,8.92646],[0.99215,8.93843],[0.94064,8.96849],[0.91319,8.978],[0.87655,9.00199],[0.90305,8.91781],[0.92317,8.90978],[0.95221,8.90477],[0.96609,8.88742],[0.96059,8.8594],[0.95508,8.84738],[0.94507,8.83587],[0.93406,8.81135],[0.93206,8.80184],[0.93506,8.79233],[0.95108,8.78432],[0.96109,8.77581],[0.96259,8.7698],[0.9706,8.7703],[0.9736,8.78482],[0.98011,8.78782],[1.01564,8.78732],[1.03025,8.77355],[1.04067,8.7699],[1.06385,8.74561],[1.07796,8.74717],[1.09056,8.75536],[1.10394,8.75543],[1.11067,8.74881],[1.13153,8.7393],[1.14935,8.74456],[1.17754,8.74544]]]}},{"id":"223","type":"Feature","properties":{"adm3_pcode":"TG020707","canton":"Landa","centre_lon":1.27209,"centre_lat":9.66796},"geometry":{"type":"Polygon","coordinates":[[[1.30483,9.63036],[1.30569,9.66355],[1.29688,9.67677],[1.26244,9.69238],[1.24943,9.70445],[1.23882,9.68918],[1.2232,9.68317],[1.24643,9.66275],[1.27926,9.64994],[1.28887,9.63833],[1.30483,9.63036]]]}},{"id":"224","type":"Feature","properties":{"adm3_pcode":"TG020708","canton":"Landa-Pozenda/Kpinzinde","centre_lon":1.2857,"centre_lat":9.4942},"geometry":{"type":"Polygon","coordinates":[[[1.36536,9.4856],[1.27085,9.53822],[1.27621,9.55466],[1.26378,9.56139],[1.2593,9.55658],[1.22855,9.54729],[1.21509,9.53288],[1.21317,9.51943],[1.21958,9.49892],[1.22727,9.49124],[1.23335,9.47714],[1.25738,9.45824],[1.26145,9.43602],[1.29324,9.42927],[1.32458,9.43633],[1.32805,9.43859],[1.33019,9.46156],[1.33419,9.46276],[1.34821,9.45315],[1.37584,9.46116],[1.39821,9.45398],[1.38977,9.49717],[1.36536,9.4856]]]}},{"id":"225","type":"Feature","properties":{"adm3_pcode":"TG010110","canton":"Langabou","centre_lon":1.16452,"centre_lat":8.13942},"geometry":{"type":"Polygon","coordinates":[[[1.10707,8.09101],[1.10379,8.08756],[1.10847,8.08241],[1.1198,8.07832],[1.12104,8.06564],[1.127,8.06018],[1.14762,8.06366],[1.16179,8.07186],[1.16824,8.0803],[1.18589,8.08527],[1.18762,8.0885],[1.20378,8.07732],[1.22266,8.08378],[1.23381,8.09896],[1.24786,8.09969],[1.25548,8.10363],[1.25645,8.13248],[1.26372,8.15791],[1.26434,8.17714],[1.24855,8.17465],[1.2387,8.16633],[1.22848,8.16292],[1.22016,8.16633],[1.1948,8.15648],[1.16111,8.18866],[1.11871,8.19699],[1.09789,8.21629],[1.08502,8.21667],[1.07745,8.19169],[1.05777,8.16547],[1.03702,8.15026],[1.05133,8.14286],[1.06222,8.14486],[1.07594,8.13642],[1.08598,8.12425],[1.10091,8.11601],[1.10707,8.09101]]]}},{"id":"226","type":"Feature","properties":{"adm3_pcode":"TG010409","canton":"Larni","centre_lon":1.42174,"centre_lat":9.08615},"geometry":{"type":"Polygon","coordinates":[[[1.45411,9.13071],[1.44163,9.14352],[1.41115,9.13187],[1.41046,9.12023],[1.39745,9.099],[1.38991,9.06851],[1.37791,9.05779],[1.36374,9.03467],[1.3808,9.03118],[1.40984,9.03118],[1.42631,9.04225],[1.45355,9.04794],[1.47504,9.06353],[1.45738,9.0692],[1.45156,9.07845],[1.4495,9.08975],[1.45411,9.13071]]]}},{"id":"227","type":"Feature","properties":{"adm3_pcode":"TG020709","canton":"Lassa","centre_lon":1.23402,"centre_lat":9.60801},"geometry":{"type":"Polygon","coordinates":[[[1.27621,9.55466],[1.29047,9.58107],[1.29568,9.59989],[1.27239,9.60547],[1.25944,9.62367],[1.24763,9.62711],[1.25222,9.63548],[1.25042,9.64286],[1.21368,9.64975],[1.19653,9.65972],[1.19619,9.64531],[1.2026,9.64083],[1.21189,9.61809],[1.19748,9.61008],[1.2012,9.60363],[1.21381,9.59855],[1.21766,9.59022],[1.2154,9.5809],[1.22082,9.56401],[1.22534,9.56139],[1.23623,9.56587],[1.25065,9.56459],[1.27621,9.55466]]]}},{"id":"228","type":"Feature","properties":{"adm3_pcode":"TG041208","canton":"Lavie/ Apedome","centre_lon":0.65057,"centre_lat":7.03204},"geometry":{"type":"Polygon","coordinates":[[[0.67229,6.99442],[0.70917,6.97571],[0.72571,6.97208],[0.72915,6.97806],[0.74298,6.97822],[0.7541,6.98461],[0.75616,6.97474],[0.75904,6.98214],[0.76356,6.98307],[0.73292,7.0242],[0.70392,7.02512],[0.68603,7.02841],[0.68089,7.03253],[0.67019,7.04445],[0.65785,7.06605],[0.65984,7.08365],[0.64387,7.08104],[0.63263,7.07268],[0.62716,7.07236],[0.6144,7.0922],[0.61046,7.0804],[0.60114,7.07011],[0.60981,7.06819],[0.62234,7.05533],[0.61849,7.03637],[0.62138,7.02866],[0.63547,7.02582],[0.64316,7.01477],[0.67229,6.99442]]]}},{"id":"229","type":"Feature","properties":{"adm3_pcode":"TG030903","canton":"Legbassito","centre_lon":1.14797,"centre_lat":6.26679},"geometry":{"type":"Polygon","coordinates":[[[1.17191,6.29727],[1.16546,6.30065],[1.16708,6.29542],[1.15939,6.28345],[1.14643,6.27215],[1.1253,6.26879],[1.10838,6.2594],[1.11465,6.2589],[1.12373,6.2526],[1.12403,6.24598],[1.13725,6.24713],[1.14251,6.23943],[1.16597,6.23293],[1.16331,6.23691],[1.16499,6.23862],[1.16567,6.23935],[1.16031,6.244],[1.16261,6.24639],[1.15138,6.2512],[1.15606,6.25673],[1.15988,6.25245],[1.16197,6.2564],[1.16485,6.25501],[1.17742,6.26983],[1.1899,6.26765],[1.19238,6.2697],[1.17435,6.2896],[1.17977,6.29861],[1.17191,6.29727]]]}},{"id":"230","type":"Feature","properties":{"adm3_pcode":"TG020508","canton":"Leon","centre_lon":0.93049,"centre_lat":9.68605},"geometry":{"type":"Polygon","coordinates":[[[1.01358,9.72718],[0.97123,9.71279],[0.91228,9.69824],[0.86503,9.70556],[0.86422,9.69901],[0.87869,9.67354],[0.87064,9.6645],[0.88259,9.66032],[0.89593,9.66277],[0.89929,9.65853],[0.91267,9.65435],[0.91559,9.64537],[0.9461,9.64745],[0.97667,9.641],[0.98278,9.65571],[0.99156,9.70309],[1.01358,9.72718]]]}},{"id":"231","type":"Feature","properties":{"adm3_pcode":"TG051404","canton":"Loko","centre_lon":0.22896,"centre_lat":10.51113},"geometry":{"type":"Polygon","coordinates":[[[0.21371,10.50269],[0.21979,10.47901],[0.21587,10.45209],[0.21717,10.42919],[0.22625,10.43591],[0.22404,10.46209],[0.2336,10.49248],[0.22593,10.49571],[0.22371,10.50015],[0.22795,10.50177],[0.23643,10.49834],[0.24168,10.51045],[0.26227,10.52418],[0.277,10.52882],[0.28427,10.52942],[0.29356,10.53225],[0.31564,10.53622],[0.31591,10.53671],[0.31421,10.54335],[0.30187,10.54392],[0.29441,10.54938],[0.29728,10.55397],[0.29584,10.55856],[0.28867,10.55827],[0.28551,10.56229],[0.27546,10.56516],[0.30022,10.58562],[0.27566,10.59161],[0.25346,10.58702],[0.2427,10.59222],[0.21578,10.56625],[0.18734,10.54968],[0.19276,10.54586],[0.21523,10.55042],[0.22263,10.54467],[0.22269,10.5374],[0.20718,10.52104],[0.20871,10.51403],[0.19188,10.50783],[0.19315,10.50251],[0.19853,10.5028],[0.21166,10.51284],[0.21534,10.51167],[0.21371,10.50269]]]}},{"id":"232","type":"Feature","properties":{"adm3_pcode":"TG051507","canton":"Loko","centre_lon":0.25196,"centre_lat":10.59528},"geometry":{"type":"Polygon","coordinates":[[[0.24332,10.62919],[0.23639,10.60884],[0.1958,10.58069],[0.19392,10.57504],[0.20846,10.56269],[0.21578,10.56625],[0.2427,10.59222],[0.25346,10.58702],[0.27566,10.59161],[0.28896,10.58838],[0.2838,10.62102],[0.28035,10.62409],[0.25888,10.62467],[0.24332,10.62919]]]}},{"id":"233","type":"Feature","properties":{"adm3_pcode":"TG051508","canton":"Lokpano","centre_lon":0.11914,"centre_lat":10.59489},"geometry":{"type":"Polygon","coordinates":[[[0.10997,10.54293],[0.11316,10.55192],[0.16012,10.60293],[0.1498,10.60803],[0.14949,10.61481],[0.15599,10.62674],[0.15373,10.63302],[0.12275,10.64726],[0.09646,10.63104],[0.08815,10.62999],[0.08481,10.62076],[0.08761,10.60916],[0.08241,10.58998],[0.0744,10.58192],[0.05464,10.57568],[0.07173,10.55453],[0.10997,10.54293]]]}},{"id":"234","type":"Feature","properties":{"adm3_pcode":"TG030501","canton":"Lome Commune","centre_lon":1.24556,"centre_lat":6.15666},"geometry":{"type":"Polygon","coordinates":[[[1.20433,6.2063],[1.20027,6.19819],[1.1942,6.20145],[1.18853,6.19874],[1.18883,6.19546],[1.18417,6.19856],[1.17535,6.18815],[1.18077,6.18374],[1.17698,6.17852],[1.17903,6.17731],[1.17738,6.15487],[1.19165,6.15502],[1.19177,6.10931],[1.2037,6.10997],[1.28686,6.14237],[1.3154,6.1506],[1.3097,6.16621],[1.30232,6.16383],[1.29738,6.18093],[1.27568,6.18903],[1.27565,6.19845],[1.23088,6.20416],[1.21696,6.20413],[1.20856,6.20078],[1.20858,6.2046],[1.20433,6.2063]]]}},{"id":"235","type":"Feature","properties":{"adm3_pcode":"TG051606","canton":"Lotogou/Warkambou","centre_lon":-0.00793,"centre_lat":10.83047},"geometry":{"type":"Polygon","coordinates":[[[-0.00429,10.7757],[-0.01831,10.75435],[-0.01337,10.75197],[0.00456,10.75635],[0.02556,10.75159],[0.04598,10.7542],[0.05947,10.76107],[0.06521,10.76763],[0.06131,10.77501],[0.04306,10.78444],[0.0447,10.78814],[0.06329,10.79521],[0.073,10.81827],[0.06541,10.84041],[0.06028,10.84492],[0.05044,10.84205],[0.03917,10.82914],[0.01272,10.82996],[0.01252,10.83877],[0.02605,10.84882],[0.02789,10.85681],[0.024,10.85825],[0.02027,10.85147],[0.01072,10.85441],[-0.00093,10.85168],[0.00159,10.86071],[0.00936,10.86449],[0.00064,10.87435],[-0.01491,10.90903],[-0.03174,10.87015],[-0.03396,10.85026],[-0.02646,10.82539],[-0.0282,10.81821],[-0.03429,10.80769],[-0.04554,10.79981],[-0.04846,10.78993],[-0.0534,10.78495],[-0.05898,10.7846],[-0.06759,10.76898],[-0.07348,10.76966],[-0.07555,10.76516],[-0.07292,10.75989],[-0.0056,10.78587],[-0.00429,10.7757]]]}},{"id":"236","type":"Feature","properties":{"adm3_pcode":"TG051607","canton":"Louanga","centre_lon":0.33237,"centre_lat":10.88962},"geometry":{"type":"Polygon","coordinates":[[[0.32601,10.82649],[0.38478,10.83312],[0.37141,10.86584],[0.36567,10.87609],[0.35398,10.88593],[0.35173,10.89331],[0.35665,10.91689],[0.37355,10.94695],[0.36221,10.954],[0.36013,10.95886],[0.34558,10.9501],[0.33963,10.94067],[0.32795,10.94067],[0.32467,10.93575],[0.32487,10.91566],[0.31688,10.90971],[0.30991,10.89885],[0.32118,10.85272],[0.32631,10.84698],[0.32601,10.82649]]]}},{"id":"237","type":"Feature","properties":{"adm3_pcode":"TG010111","canton":"M'Poti","centre_lon":0.80185,"centre_lat":8.30457},"geometry":{"type":"Polygon","coordinates":[[[0.8618,8.37174],[0.8645,8.3722],[0.86405,8.37771],[0.77185,8.41271],[0.77235,8.38897],[0.73814,8.36934],[0.72329,8.37429],[0.7136,8.36308],[0.71472,8.35733],[0.72197,8.35269],[0.71986,8.34297],[0.7302,8.33165],[0.74541,8.29813],[0.74318,8.24594],[0.75266,8.2298],[0.77149,8.22127],[0.77798,8.19713],[0.78448,8.20054],[0.78448,8.21653],[0.81621,8.2141],[0.83535,8.2204],[0.84768,8.21821],[0.86285,8.22028],[0.86122,8.311],[0.86501,8.36276],[0.8618,8.37174]]]}},{"id":"238","type":"Feature","properties":{"adm3_pcode":"TG051509","canton":"Mamproug","centre_lon":-0.03167,"centre_lat":10.66942},"geometry":{"type":"Polygon","coordinates":[[[0.01165,10.60304],[0.01814,10.62933],[0.01705,10.64384],[0.00017,10.68994],[0.00794,10.70488],[0.00026,10.70592],[-0.02806,10.72187],[-0.07586,10.72746],[-0.07435,10.72384],[-0.08798,10.71499],[-0.08717,10.70846],[-0.07118,10.67569],[-0.06824,10.65126],[-0.06398,10.64138],[-0.05433,10.63154],[-0.02093,10.61952],[0.01165,10.60304]]]}},{"id":"239","type":"Feature","properties":{"adm3_pcode":"TG051303","canton":"Mandouri","centre_lon":0.8034,"centre_lat":10.88564},"geometry":{"type":"Polygon","coordinates":[[[0.7588,10.77996],[0.7677,10.78413],[0.77338,10.77609],[0.78,10.77561],[0.79041,10.78791],[0.81029,10.79501],[0.80934,10.80921],[0.81454,10.81867],[0.81833,10.81631],[0.82543,10.81772],[0.83631,10.82813],[0.8505,10.83523],[0.87737,10.82532],[0.88503,10.86148],[0.90078,10.88692],[0.89018,10.92023],[0.89957,10.94476],[0.91229,10.99654],[0.78874,10.99685],[0.78843,10.96354],[0.73983,10.96914],[0.70591,10.94007],[0.70713,10.85891],[0.73438,10.84377],[0.73559,10.8253],[0.74498,10.8253],[0.75739,10.81167],[0.7586,10.80289],[0.74922,10.79017],[0.7588,10.77996]]]}},{"id":"240","type":"Feature","properties":{"adm3_pcode":"TG020208","canton":"Manga","centre_lon":0.70454,"centre_lat":9.56552},"geometry":{"type":"Polygon","coordinates":[[[0.72939,9.56901],[0.73045,9.61667],[0.73845,9.6286],[0.72063,9.63477],[0.70982,9.64288],[0.70499,9.61382],[0.68742,9.59402],[0.67871,9.56014],[0.66494,9.55664],[0.65462,9.54859],[0.66209,9.54292],[0.67187,9.52776],[0.67765,9.50492],[0.69915,9.48416],[0.71548,9.50456],[0.71967,9.51791],[0.71984,9.53821],[0.72939,9.56901]]]}},{"id":"241","type":"Feature","properties":{"adm3_pcode":"TG051405","canton":"Mango","centre_lon":0.43617,"centre_lat":10.3598},"geometry":{"type":"Polygon","coordinates":[[[0.59071,10.33571],[0.56751,10.34617],[0.55818,10.3842],[0.54024,10.39603],[0.51154,10.42832],[0.51477,10.43442],[0.52984,10.44196],[0.53271,10.45559],[0.52804,10.4599],[0.51289,10.463],[0.51208,10.4486],[0.50132,10.44501],[0.49773,10.43317],[0.48768,10.42599],[0.47871,10.4242],[0.46795,10.42743],[0.44657,10.43895],[0.43709,10.41128],[0.40875,10.38438],[0.28838,10.37774],[0.28946,10.37236],[0.30632,10.36339],[0.31457,10.33361],[0.32534,10.33504],[0.33215,10.32894],[0.33143,10.3189],[0.32031,10.3128],[0.31744,10.30885],[0.31888,10.30526],[0.38453,10.30849],[0.39207,10.3049],[0.39314,10.30132],[0.36982,10.28015],[0.37413,10.27333],[0.37894,10.27196],[0.40136,10.27779],[0.40885,10.28627],[0.41284,10.29825],[0.42832,10.30824],[0.45028,10.30973],[0.46526,10.30774],[0.48422,10.28627],[0.49471,10.2678],[0.50769,10.26531],[0.52039,10.25634],[0.53414,10.28517],[0.56966,10.31136],[0.59071,10.33571]]]}},{"id":"242","type":"Feature","properties":{"adm3_pcode":"TG020509","canton":"Massedena","centre_lon":1.25455,"centre_lat":9.97132},"geometry":{"type":"Polygon","coordinates":[[[1.30102,9.98],[1.34156,10.02498],[1.31098,10.04241],[1.2926,10.03293],[1.27894,10.02113],[1.26734,10.01723],[1.26029,10.01016],[1.2535,9.99238],[1.23804,9.98465],[1.21469,9.98163],[1.2058,9.96263],[1.20072,9.95811],[1.21897,9.93965],[1.22969,9.95151],[1.25182,9.94994],[1.25751,9.94547],[1.26043,9.9303],[1.26902,9.91516],[1.27699,9.90958],[1.2872,9.91019],[1.30102,9.98]]]}},{"id":"243","type":"Feature","properties":{"adm3_pcode":"TG030814","canton":"Mission-Tove","centre_lon":1.12642,"centre_lat":6.30097},"geometry":{"type":"Polygon","coordinates":[[[1.17976,6.29861],[1.16158,6.30954],[1.13685,6.31872],[1.13713,6.33623],[1.12695,6.34766],[1.09505,6.32113],[1.08461,6.29479],[1.07573,6.29024],[1.08096,6.27976],[1.08702,6.27557],[1.08902,6.26728],[1.0948,6.26424],[1.09801,6.25395],[1.09984,6.25864],[1.10838,6.2594],[1.1253,6.26879],[1.14643,6.27215],[1.15939,6.28345],[1.16708,6.29542],[1.16546,6.30065],[1.17191,6.29727],[1.17976,6.29861]]]}},{"id":"244","type":"Feature","properties":{"adm3_pcode":"TG051904","canton":"Mogou","centre_lon":0.65547,"centre_lat":10.45218},"geometry":{"type":"Polygon","coordinates":[[[0.78117,10.47424],[0.76197,10.47317],[0.75013,10.46349],[0.74044,10.46205],[0.73542,10.46958],[0.72501,10.47568],[0.71174,10.47748],[0.69559,10.48681],[0.69093,10.48501],[0.68698,10.49039],[0.67909,10.49362],[0.68411,10.50187],[0.6816,10.50905],[0.67012,10.51874],[0.63747,10.5356],[0.62453,10.55953],[0.61523,10.55928],[0.60626,10.5643],[0.59155,10.56645],[0.58635,10.57632],[0.57271,10.56843],[0.56446,10.55121],[0.56051,10.51138],[0.56984,10.50385],[0.56302,10.49847],[0.55405,10.49954],[0.53935,10.50743],[0.53253,10.506],[0.52894,10.4834],[0.52571,10.47981],[0.51925,10.4816],[0.51459,10.47766],[0.51289,10.463],[0.52804,10.4599],[0.53271,10.45559],[0.52984,10.44196],[0.51477,10.43442],[0.51154,10.42832],[0.54024,10.39603],[0.55818,10.3842],[0.56751,10.34617],[0.60088,10.33253],[0.64931,10.32751],[0.66151,10.33612],[0.67191,10.33899],[0.6877,10.37953],[0.70313,10.39496],[0.72752,10.41182],[0.73542,10.42187],[0.75443,10.4294],[0.77847,10.44411],[0.78117,10.47424]]]}},{"id":"245","type":"Feature","properties":{"adm3_pcode":"TG030606","canton":"Mome-Hounkpati","centre_lon":1.5548,"centre_lat":6.50291},"geometry":{"type":"Polygon","coordinates":[[[1.55116,6.45176],[1.56224,6.44091],[1.56627,6.44374],[1.56273,6.45322],[1.56453,6.47019],[1.56132,6.48583],[1.57285,6.50394],[1.56535,6.51513],[1.56356,6.52458],[1.55301,6.5285],[1.55167,6.53311],[1.5645,6.55174],[1.55517,6.56052],[1.54328,6.55496],[1.54151,6.5604],[1.53569,6.56426],[1.52944,6.55391],[1.51819,6.55553],[1.50901,6.55011],[1.51379,6.54098],[1.51102,6.52568],[1.51808,6.51427],[1.53514,6.51415],[1.53762,6.50431],[1.54486,6.49396],[1.54453,6.48517],[1.54079,6.48126],[1.54872,6.46698],[1.55116,6.45176]]]}},{"id":"246","type":"Feature","properties":{"adm3_pcode":"TG040506","canton":"Moretan","centre_lon":1.40609,"centre_lat":8.1994},"geometry":{"type":"Polygon","coordinates":[[[1.4439,8.03901],[1.43101,8.06027],[1.43409,8.0726],[1.43204,8.07705],[1.43991,8.10103],[1.45087,8.11678],[1.46594,8.12294],[1.47348,8.13048],[1.4878,8.17801],[1.5078,8.21664],[1.51164,8.235],[1.50287,8.25637],[1.48904,8.31541],[1.48301,8.31952],[1.47232,8.33815],[1.47313,8.37186],[1.46937,8.36816],[1.44642,8.36199],[1.40498,8.36268],[1.38888,8.35891],[1.38478,8.35514],[1.35738,8.35103],[1.33854,8.35959],[1.32005,8.35788],[1.3108,8.3661],[1.28786,8.36644],[1.27758,8.37261],[1.2447,8.37295],[1.22895,8.37843],[1.23683,8.36131],[1.22963,8.35001],[1.22929,8.30137],[1.24008,8.27505],[1.25149,8.26554],[1.2599,8.24603],[1.33289,8.18613],[1.3459,8.16764],[1.34864,8.10942],[1.33683,8.06678],[1.32553,8.06438],[1.3019,8.06849],[1.29813,8.06541],[1.29779,8.05925],[1.30087,8.05445],[1.35498,8.02876],[1.40532,8.02329],[1.43443,8.02945],[1.4439,8.03901]]]}},{"id":"247","type":"Feature","properties":{"adm3_pcode":"TG051706","canton":"Nadjoundi","centre_lon":0.19407,"centre_lat":10.99867},"geometry":{"type":"Polygon","coordinates":[[[0.17622,11.00821],[0.17704,10.97439],[0.1992,10.96616],[0.20287,10.97582],[0.21476,10.98484],[0.21189,11.0037],[0.21921,11.01359],[0.21127,11.03015],[0.19282,11.0324],[0.1892,11.04005],[0.1715,11.02113],[0.17622,11.00821]]]}},{"id":"248","type":"Feature","properties":{"adm3_pcode":"TG020606","canton":"Nadoba","centre_lon":1.05557,"centre_lat":10.14075},"geometry":{"type":"Polygon","coordinates":[[[0.99396,10.21754],[0.9907,10.20266],[0.98637,10.19831],[0.98092,10.19828],[0.97761,10.2042],[0.97107,10.2047],[0.96565,10.1998],[0.96019,10.20247],[0.95477,10.19704],[0.97857,10.13889],[0.9781,10.12648],[0.96731,10.10968],[0.95218,10.10046],[1.00233,10.0624],[1.0107,10.06079],[1.02652,10.07359],[1.03992,10.07174],[1.07447,10.07609],[1.08306,10.08526],[1.09472,10.10735],[1.13493,10.14261],[0.99999,10.22002],[0.99677,10.21519],[0.99396,10.21754]]]}},{"id":"249","type":"Feature","properties":{"adm3_pcode":"TG051406","canton":"Nagbeni","centre_lon":0.44481,"centre_lat":10.62432},"geometry":{"type":"Polygon","coordinates":[[[0.34677,10.68526],[0.3185,10.67235],[0.30671,10.67273],[0.302,10.66372],[0.3195,10.65845],[0.32056,10.64902],[0.33564,10.63768],[0.33565,10.6316],[0.34233,10.6252],[0.34233,10.61735],[0.35018,10.61533],[0.36616,10.59272],[0.38626,10.58784],[0.44969,10.58812],[0.44969,10.56803],[0.48212,10.56315],[0.48557,10.56488],[0.48729,10.57205],[0.48901,10.60908],[0.49475,10.62343],[0.53809,10.61855],[0.54613,10.62056],[0.55619,10.66814],[0.53865,10.67705],[0.52205,10.64053],[0.51119,10.63528],[0.49011,10.63231],[0.47135,10.63448],[0.45818,10.62828],[0.44081,10.62564],[0.43507,10.6382],[0.4143,10.65402],[0.37856,10.66107],[0.3767,10.68045],[0.37344,10.68324],[0.35112,10.682],[0.34677,10.68526]]]}},{"id":"250","type":"Feature","properties":{"adm3_pcode":"TG051802","canton":"Naki-Est","centre_lon":0.36685,"centre_lat":10.72785},"geometry":{"type":"Polygon","coordinates":[[[0.40961,10.82214],[0.3861,10.82816],[0.38544,10.83303],[0.37173,10.83356],[0.337,10.82703],[0.3308,10.81796],[0.32362,10.81632],[0.32137,10.80361],[0.33192,10.79101],[0.33438,10.76763],[0.34832,10.75697],[0.34525,10.75308],[0.33049,10.75738],[0.32741,10.75554],[0.33008,10.73668],[0.32577,10.71597],[0.33459,10.69609],[0.35112,10.682],[0.37344,10.68324],[0.3767,10.68045],[0.37856,10.66107],[0.4143,10.65402],[0.43507,10.6382],[0.44081,10.62564],[0.45818,10.62828],[0.47135,10.63448],[0.49011,10.63231],[0.51119,10.63528],[0.52205,10.64053],[0.53849,10.67674],[0.49806,10.68469],[0.46536,10.70262],[0.45833,10.70165],[0.44816,10.71061],[0.43754,10.70607],[0.42636,10.7099],[0.41326,10.7198],[0.40048,10.73897],[0.39792,10.75207],[0.40048,10.77955],[0.41773,10.78114],[0.44057,10.7702],[0.47178,10.78535],[0.46621,10.82799],[0.42115,10.82871],[0.40961,10.82214]]]}},{"id":"251","type":"Feature","properties":{"adm3_pcode":"TG051608","canton":"Naki-Ouest","centre_lon":0.06218,"centre_lat":10.91793},"geometry":{"type":"Polygon","coordinates":[[[0.07506,10.87236],[0.0773,10.88141],[0.09575,10.89167],[0.12007,10.88388],[0.12056,10.92242],[0.11605,10.94271],[0.11974,10.94579],[0.12315,10.96383],[0.10436,10.9585],[0.0937,10.94558],[0.08653,10.94476],[0.08448,10.93984],[0.08058,10.93943],[0.07238,10.94415],[0.06787,10.96014],[0.06295,10.96178],[0.02584,10.95768],[0.00657,10.96157],[-0.01167,10.95645],[-0.01372,10.94394],[0.00042,10.92037],[0.01743,10.91135],[0.03568,10.91353],[0.04057,10.90864],[0.03935,10.90397],[0.02767,10.89924],[0.0023,10.89765],[1e-05,10.89044],[0.0281,10.88182],[0.0363,10.88367],[0.05024,10.87854],[0.06623,10.87752],[0.07506,10.87236]]]}},{"id":"252","type":"Feature","properties":{"adm3_pcode":"TG051905","canton":"Nali","centre_lon":0.49014,"centre_lat":10.05286},"geometry":{"type":"Polygon","coordinates":[[[0.43673,10.1605],[0.42095,10.1544],[0.40301,10.1526],[0.38794,10.14077],[0.384,10.12893],[0.37467,10.13646],[0.35719,10.12629],[0.3474,10.09556],[0.34955,10.08731],[0.35852,10.08085],[0.38579,10.0769],[0.41341,10.06004],[0.41485,10.05251],[0.40789,10.01947],[0.42242,9.9942],[0.42271,9.98635],[0.41806,9.97619],[0.42096,9.96399],[0.42619,9.95847],[0.44711,9.95644],[0.46134,9.94453],[0.48603,9.95353],[0.49765,9.94627],[0.49619,9.95237],[0.50781,9.95382],[0.50287,9.96573],[0.51827,9.9878],[0.51856,10.01075],[0.52408,10.02034],[0.54209,10.04212],[0.56876,10.0543],[0.57487,10.07116],[0.57164,10.09843],[0.56338,10.11601],[0.55764,10.10345],[0.48122,10.12605],[0.43673,10.1605]]]}},{"id":"253","type":"Feature","properties":{"adm3_pcode":"TG051609","canton":"Namare","centre_lon":0.07232,"centre_lat":10.9707},"geometry":{"type":"Polygon","coordinates":[[[0.00686,10.96153],[0.02584,10.95768],[0.06295,10.96178],[0.06787,10.96014],[0.07238,10.94415],[0.08058,10.93943],[0.08448,10.93984],[0.08653,10.94476],[0.0937,10.94558],[0.10436,10.9585],[0.12315,10.96383],[0.12917,10.97121],[0.13704,10.97179],[0.12117,10.99318],[0.1033,10.99121],[0.0905,10.99596],[0.08624,11.00121],[0.0723,11.00089],[0.02949,10.99318],[0.03212,10.98449],[0.02982,10.9776],[0.01785,10.97235],[0.00686,10.96153]]]}},{"id":"254","type":"Feature","properties":{"adm3_pcode":"TG020407","canton":"Namon","centre_lon":0.80803,"centre_lat":9.69565},"geometry":{"type":"Polygon","coordinates":[[[0.83169,9.62937],[0.85551,9.64311],[0.87869,9.67354],[0.86422,9.69901],[0.86447,9.71629],[0.87167,9.7284],[0.86825,9.74021],[0.85964,9.74442],[0.8567,9.75623],[0.86069,9.76428],[0.84934,9.76008],[0.83882,9.74921],[0.79288,9.75418],[0.74127,9.74357],[0.73908,9.71676],[0.75065,9.69214],[0.76299,9.67812],[0.7799,9.67353],[0.78854,9.66173],[0.80301,9.65707],[0.80632,9.64423],[0.81217,9.65086],[0.81981,9.65061],[0.82818,9.63067],[0.83169,9.62937]]]}},{"id":"255","type":"Feature","properties":{"adm3_pcode":"TG051803","canton":"Namoundjoga","centre_lon":0.44563,"centre_lat":10.89843},"geometry":{"type":"Polygon","coordinates":[[[0.38084,10.83796],[0.3861,10.82816],[0.40961,10.82214],[0.42115,10.82871],[0.46584,10.82835],[0.4627,10.84991],[0.48692,10.85015],[0.49152,10.85524],[0.50218,10.84846],[0.5109,10.84991],[0.51575,10.84652],[0.52786,10.84918],[0.53421,10.8465],[0.53815,10.85437],[0.53648,10.863],[0.54072,10.86482],[0.54133,10.87148],[0.54103,10.87693],[0.53376,10.88571],[0.53982,10.89328],[0.5383,10.89752],[0.5406,10.89943],[0.51287,10.90115],[0.48707,10.93963],[0.47172,10.91469],[0.46022,10.90798],[0.44585,10.90446],[0.43562,10.9083],[0.43307,10.92267],[0.43626,10.93449],[0.42093,10.93769],[0.42061,10.9444],[0.42252,10.95111],[0.44332,10.97468],[0.39401,10.97035],[0.38553,10.96399],[0.38159,10.94794],[0.37355,10.94695],[0.36362,10.93267],[0.35665,10.91689],[0.35173,10.89331],[0.35398,10.88593],[0.36567,10.87609],[0.37141,10.86584],[0.38084,10.83796]]]}},{"id":"256","type":"Feature","properties":{"adm3_pcode":"TG020408","canton":"Nampoch","centre_lon":0.66274,"centre_lat":9.81838},"geometry":{"type":"Polygon","coordinates":[[[0.70669,9.84783],[0.69103,9.84966],[0.68437,9.8543],[0.67676,9.88101],[0.66599,9.8828],[0.65905,9.87703],[0.65422,9.87791],[0.64568,9.8915],[0.64129,9.89457],[0.63406,9.89369],[0.62617,9.88352],[0.62244,9.88338],[0.62442,9.86695],[0.60885,9.83977],[0.61433,9.80668],[0.59559,9.77522],[0.59581,9.76624],[0.60107,9.759],[0.60853,9.75155],[0.62387,9.74432],[0.63527,9.74213],[0.64228,9.74585],[0.64644,9.7498],[0.64951,9.77478],[0.65368,9.78092],[0.68381,9.78695],[0.6985,9.80843],[0.71954,9.8218],[0.72173,9.82531],[0.71954,9.83188],[0.70669,9.84783]]]}},{"id":"257","type":"Feature","properties":{"adm3_pcode":"TG051510","canton":"Nandoga","centre_lon":0.2295,"centre_lat":10.63442},"geometry":{"type":"Polygon","coordinates":[[[0.19125,10.65273],[0.1933,10.61593],[0.20302,10.60052],[0.19211,10.59731],[0.19804,10.58234],[0.23639,10.60884],[0.24332,10.62919],[0.25888,10.62467],[0.27095,10.62478],[0.26571,10.63607],[0.25124,10.64503],[0.2388,10.65825],[0.21117,10.66718],[0.21179,10.67681],[0.21835,10.67845],[0.2182,10.68848],[0.21148,10.68899],[0.19753,10.68863],[0.20189,10.66663],[0.19125,10.65273]]]}},{"id":"258","type":"Feature","properties":{"adm3_pcode":"TG020409","canton":"Nandouta","centre_lon":0.39242,"centre_lat":9.51763},"geometry":{"type":"Polygon","coordinates":[[[0.50454,9.56507],[0.48267,9.58008],[0.48134,9.60015],[0.47331,9.60282],[0.45458,9.60082],[0.40441,9.61219],[0.38502,9.6055],[0.36801,9.60613],[0.37714,9.58904],[0.37612,9.58493],[0.37132,9.57774],[0.35146,9.56849],[0.32475,9.57466],[0.28296,9.57329],[0.25694,9.56267],[0.24598,9.5702],[0.2381,9.57055],[0.23502,9.56712],[0.22988,9.54178],[0.23673,9.5202],[0.24495,9.51575],[0.28776,9.51712],[0.30557,9.50308],[0.30488,9.49794],[0.28981,9.48561],[0.27611,9.48321],[0.26276,9.47226],[0.24769,9.47397],[0.23502,9.48048],[0.22577,9.47808],[0.22714,9.45513],[0.24358,9.43869],[0.24529,9.42979],[0.25351,9.42979],[0.25967,9.42328],[0.27235,9.42226],[0.31344,9.44075],[0.33125,9.4452],[0.34427,9.46815],[0.34084,9.48287],[0.35386,9.49143],[0.38125,9.48904],[0.38571,9.48527],[0.41721,9.49589],[0.42372,9.49623],[0.43365,9.49143],[0.44769,9.49383],[0.46037,9.4863],[0.48434,9.47842],[0.49427,9.46849],[0.4953,9.4863],[0.50386,9.48869],[0.50009,9.51815],[0.49358,9.53767],[0.50454,9.5476],[0.50454,9.56507]]]}},{"id":"259","type":"Feature","properties":{"adm3_pcode":"TG051610","canton":"Nanergou","centre_lon":0.14448,"centre_lat":10.92672},"geometry":{"type":"Polygon","coordinates":[[[0.12007,10.88388],[0.12958,10.8808],[0.13532,10.88387],[0.15753,10.87379],[0.16761,10.89074],[0.17007,10.92108],[0.16617,10.94445],[0.16843,10.96126],[0.176,10.97184],[0.14844,10.98556],[0.13839,10.97264],[0.12527,10.96834],[0.11974,10.94579],[0.11605,10.94271],[0.12056,10.92242],[0.12007,10.88388]]]}},{"id":"260","type":"Feature","properties":{"adm3_pcode":"TG051511","canton":"Nano","centre_lon":0.09592,"centre_lat":10.69653},"geometry":{"type":"Polygon","coordinates":[[[0.06512,10.73065],[0.03983,10.73388],[0.03556,10.72502],[0.0327,10.70772],[0.06662,10.67186],[0.0801,10.67786],[0.12367,10.67851],[0.13855,10.65903],[0.14315,10.65775],[0.15733,10.66762],[0.14732,10.69035],[0.14437,10.71672],[0.14018,10.71983],[0.12294,10.70466],[0.10604,10.72192],[0.1017,10.73096],[0.06512,10.73065]]]}},{"id":"261","type":"Feature","properties":{"adm3_pcode":"TG020410","canton":"Natchibore","centre_lon":0.78173,"centre_lat":9.81733},"geometry":{"type":"Polygon","coordinates":[[[0.74127,9.74357],[0.79288,9.75418],[0.83882,9.74921],[0.84934,9.76008],[0.86047,9.76425],[0.85812,9.7865],[0.86091,9.80487],[0.85541,9.81312],[0.84522,9.81809],[0.83677,9.83495],[0.8487,9.85245],[0.84428,9.86143],[0.8497,9.87703],[0.84648,9.88133],[0.84057,9.88347],[0.83199,9.87328],[0.81642,9.87274],[0.81175,9.87462],[0.80865,9.88412],[0.80536,9.88586],[0.7697,9.88974],[0.7657,9.87837],[0.75711,9.86979],[0.75443,9.85583],[0.74262,9.84563],[0.73403,9.84456],[0.71741,9.85136],[0.70669,9.84783],[0.72173,9.82531],[0.7144,9.81868],[0.72232,9.81334],[0.7275,9.80282],[0.74027,9.78992],[0.74127,9.74357]]]}},{"id":"262","type":"Feature","properties":{"adm3_pcode":"TG020411","canton":"Natchitikpi","centre_lon":0.71328,"centre_lat":9.72403},"geometry":{"type":"Polygon","coordinates":[[[0.74811,9.69759],[0.73908,9.71676],[0.7416,9.72686],[0.74027,9.78992],[0.7275,9.80282],[0.72232,9.81334],[0.7144,9.81868],[0.6985,9.80843],[0.68381,9.78695],[0.6631,9.78242],[0.68458,9.76514],[0.69094,9.74958],[0.68491,9.72119],[0.68776,9.70629],[0.67856,9.70209],[0.66811,9.69113],[0.67047,9.6859],[0.67578,9.68472],[0.69192,9.68798],[0.69438,9.68596],[0.70958,9.64306],[0.72063,9.63477],[0.73825,9.62831],[0.75977,9.6387],[0.76524,9.64992],[0.77562,9.65848],[0.77197,9.67643],[0.76299,9.67812],[0.74811,9.69759]]]}},{"id":"263","type":"Feature","properties":{"adm3_pcode":"TG051611","canton":"Natigou","centre_lon":0.26403,"centre_lat":10.98732},"geometry":{"type":"Polygon","coordinates":[[[0.2861,10.97571],[0.28283,10.99403],[0.28381,11.0076],[0.28749,11.01122],[0.27964,11.01594],[0.25879,11.01366],[0.25388,11.0094],[0.2403,10.98258],[0.23419,10.96426],[0.24186,10.96464],[0.24459,10.96834],[0.25707,10.96797],[0.27841,10.95968],[0.28365,10.96229],[0.2861,10.97571]]]}},{"id":"264","type":"Feature","properties":{"adm3_pcode":"TG020412","canton":"Naware","centre_lon":0.47224,"centre_lat":9.61018},"geometry":{"type":"Polygon","coordinates":[[[0.67995,9.57114],[0.66417,9.56886],[0.64645,9.59699],[0.6452,9.60741],[0.6477,9.61157],[0.66646,9.62178],[0.67708,9.642],[0.67792,9.64658],[0.66687,9.65596],[0.66175,9.65645],[0.64633,9.64843],[0.62902,9.63418],[0.62464,9.63374],[0.60666,9.63991],[0.5729,9.64033],[0.5579,9.65613],[0.50003,9.6698],[0.39121,9.65799],[0.36618,9.65144],[0.3596,9.63025],[0.36027,9.61955],[0.36696,9.60617],[0.38502,9.6055],[0.40441,9.61219],[0.45458,9.60082],[0.47331,9.60282],[0.48134,9.60015],[0.48267,9.58008],[0.4994,9.57005],[0.51612,9.59747],[0.54287,9.62356],[0.55625,9.62289],[0.56896,9.61821],[0.57699,9.61152],[0.57832,9.5667],[0.59371,9.55533],[0.61311,9.55934],[0.6547,9.54835],[0.66494,9.55664],[0.67871,9.56014],[0.67995,9.57114]]]}},{"id":"265","type":"Feature","properties":{"adm3_pcode":"TG051804","canton":"Nayega","centre_lon":0.41588,"centre_lat":10.74266},"geometry":{"type":"Polygon","coordinates":[[[0.44057,10.7702],[0.41773,10.78114],[0.40048,10.77955],[0.3992,10.77603],[0.39792,10.75207],[0.40495,10.72971],[0.42636,10.7099],[0.43754,10.70607],[0.44816,10.71061],[0.43399,10.72793],[0.43108,10.74635],[0.4306,10.7587],[0.44057,10.7702]]]}},{"id":"266","type":"Feature","properties":{"adm3_pcode":"TG020510","canton":"Niamtougou","centre_lon":1.02574,"centre_lat":9.70937},"geometry":{"type":"Polygon","coordinates":[[[1.16136,9.70192],[1.17195,9.72241],[1.18196,9.73242],[1.19197,9.74323],[1.19195,9.74352],[1.15442,9.76485],[1.15177,9.77002],[1.13761,9.76231],[1.12383,9.76139],[1.1064,9.77393],[1.09776,9.77527],[1.07775,9.76958],[1.05878,9.77219],[1.05198,9.77811],[1.03083,9.75014],[1.02682,9.73884],[1.0034,9.71831],[0.99156,9.70309],[0.98278,9.65571],[0.97727,9.64204],[0.98158,9.63923],[1.00304,9.64691],[1.00944,9.68247],[1.03795,9.69561],[1.04852,9.70425],[1.08408,9.74397],[1.10164,9.75898],[1.10812,9.75528],[1.1235,9.72293],[1.13087,9.71652],[1.16136,9.70192]]]}},{"id":"267","type":"Feature","properties":{"adm3_pcode":"TG051612","canton":"Nioukpourma","centre_lon":0.13685,"centre_lat":10.83805},"geometry":{"type":"Polygon","coordinates":[[[0.10723,10.80474],[0.12896,10.79531],[0.1203,10.78513],[0.14967,10.7826],[0.16431,10.78578],[0.16668,10.79367],[0.16566,10.81725],[0.17109,10.83252],[0.15753,10.87379],[0.13532,10.88387],[0.12958,10.8808],[0.09575,10.89167],[0.0773,10.88141],[0.07484,10.8728],[0.09001,10.84738],[0.1019,10.84369],[0.10498,10.83652],[0.11359,10.82934],[0.1142,10.81376],[0.10723,10.80474]]]}},{"id":"268","type":"Feature","properties":{"adm3_pcode":"TG030106","canton":"Noepe","centre_lon":1.03945,"centre_lat":6.27779},"geometry":{"type":"Polygon","coordinates":[[[1.04652,6.25076],[1.06706,6.27901],[1.05095,6.29615],[1.04708,6.32155],[1.00243,6.30665],[1.02562,6.24348],[1.04144,6.23358],[1.04652,6.25076]]]}},{"id":"269","type":"Feature","properties":{"adm3_pcode":"TG040607","canton":"Notse","centre_lon":1.05356,"centre_lat":6.92658},"geometry":{"type":"Polygon","coordinates":[[[1.25313,7.01952],[1.24353,7.01488],[1.23068,7.01608],[1.2122,7.01247],[1.1869,6.98074],[1.18449,6.97029],[1.17645,6.96587],[1.15316,6.96587],[1.13267,6.97993],[1.10054,6.98475],[1.07684,7.00122],[1.06881,7.00243],[1.04631,6.98877],[0.98646,7.01106],[0.95194,7.0339],[0.94627,7.027],[0.93788,7.03062],[0.93784,7.0356],[0.92937,7.03581],[0.92589,7.0291],[0.90781,7.02308],[0.9042,7.01705],[0.90701,7.01022],[0.92187,6.99978],[0.91545,6.96765],[0.90179,6.93712],[0.9038,6.92547],[0.91986,6.9094],[0.92147,6.90338],[0.92067,6.89494],[0.91022,6.88932],[0.90272,6.87905],[0.90344,6.87014],[0.89233,6.82611],[0.93475,6.82225],[0.94086,6.84988],[0.94792,6.85985],[0.95274,6.86081],[0.9602,6.8558],[0.97639,6.8571],[1.01812,6.86469],[1.03348,6.87107],[1.06003,6.85811],[1.09246,6.82792],[1.09761,6.81652],[1.10298,6.81974],[1.11603,6.84334],[1.13611,6.84936],[1.14817,6.84434],[1.16122,6.85288],[1.17176,6.882],[1.18331,6.88802],[1.19084,6.88501],[1.19687,6.89455],[1.19436,6.91112],[1.2044,6.92769],[1.22699,6.93723],[1.24169,6.93244],[1.23954,6.96032],[1.24858,6.98141],[1.25313,7.01952]]]}},{"id":"270","type":"Feature","properties":{"adm3_pcode":"TG040507","canton":"Nyamassila","centre_lon":1.20082,"centre_lat":7.96452},"geometry":{"type":"Polygon","coordinates":[[[1.20788,7.89705],[1.21976,7.90516],[1.22969,7.90225],[1.23623,7.90371],[1.24313,7.9203],[1.23974,7.93266],[1.23441,7.93871],[1.23369,7.94768],[1.24846,7.95373],[1.25815,7.97214],[1.28529,7.98959],[1.28577,7.99564],[1.28093,8.00218],[1.24483,8.00558],[1.23635,8.01042],[1.23272,8.01454],[1.23476,8.03228],[1.21675,8.03346],[1.19745,8.01529],[1.19555,8.00053],[1.18571,7.98993],[1.16981,7.98539],[1.15429,7.97252],[1.12184,7.91757],[1.12955,7.90247],[1.13758,7.90086],[1.15686,7.91275],[1.17293,7.91243],[1.19317,7.89604],[1.20788,7.89705]]]}},{"id":"271","type":"Feature","properties":{"adm3_pcode":"TG051805","canton":"Ogaro","centre_lon":0.47819,"centre_lat":10.77398},"geometry":{"type":"Polygon","coordinates":[[[0.4627,10.84991],[0.47178,10.78535],[0.43956,10.7696],[0.4306,10.7587],[0.43108,10.74635],[0.43399,10.72793],[0.44816,10.71376],[0.44816,10.70916],[0.45833,10.70165],[0.46536,10.70262],[0.48247,10.69297],[0.48135,10.70916],[0.50802,10.70794],[0.5118,10.73082],[0.50817,10.7608],[0.50938,10.77957],[0.53058,10.79592],[0.52967,10.8147],[0.52271,10.8259],[0.52846,10.83044],[0.53724,10.82621],[0.53633,10.83681],[0.52755,10.84437],[0.5303,10.84796],[0.52786,10.84918],[0.51575,10.84652],[0.5109,10.84991],[0.50218,10.84846],[0.49152,10.85524],[0.48692,10.85015],[0.4627,10.84991]]]}},{"id":"272","type":"Feature","properties":{"adm3_pcode":"TG040907","canton":"Ogou","centre_lon":1.26142,"centre_lat":7.6274},"geometry":{"type":"Polygon","coordinates":[[[1.29455,7.6499],[1.28604,7.665],[1.2629,7.67978],[1.22852,7.68203],[1.19317,7.67721],[1.17582,7.68267],[1.17293,7.69231],[1.18032,7.70613],[1.18161,7.71995],[1.1755,7.73634],[1.16618,7.73891],[1.15911,7.73473],[1.15301,7.7222],[1.14112,7.71095],[1.11662,7.71228],[1.1175,7.70449],[1.13566,7.66966],[1.14038,7.65399],[1.16801,7.65538],[1.18148,7.66154],[1.21608,7.65438],[1.22531,7.63913],[1.22691,7.62885],[1.20024,7.60154],[1.18739,7.58097],[1.16972,7.56876],[1.1691,7.56017],[1.15487,7.55325],[1.1313,7.5475],[1.11999,7.53414],[1.11896,7.52768],[1.14594,7.51863],[1.18193,7.53502],[1.22948,7.54852],[1.27287,7.53149],[1.29761,7.53888],[1.33735,7.5344],[1.3381,7.54145],[1.34902,7.5453],[1.35127,7.55398],[1.34838,7.55944],[1.33231,7.55719],[1.30693,7.57101],[1.30725,7.5829],[1.31914,7.59415],[1.314,7.60089],[1.30693,7.60346],[1.29825,7.59704],[1.287,7.6025],[1.28443,7.6086],[1.28411,7.61214],[1.29375,7.61792],[1.29793,7.63014],[1.29986,7.63817],[1.29439,7.64427],[1.29455,7.6499]]]}},{"id":"273","type":"Feature","properties":{"adm3_pcode":"TG040207","canton":"Okou","centre_lon":0.84133,"centre_lat":7.56759},"geometry":{"type":"Polygon","coordinates":[[[0.93075,7.53591],[0.89026,7.55494],[0.8774,7.56578],[0.88704,7.57301],[0.89186,7.58788],[0.9019,7.59551],[0.91788,7.60162],[0.90713,7.61559],[0.90323,7.63385],[0.8051,7.61157],[0.8043,7.59109],[0.79935,7.58338],[0.80229,7.5694],[0.80992,7.55494],[0.82157,7.55012],[0.83041,7.53967],[0.83161,7.51075],[0.88503,7.50473],[0.89628,7.51437],[0.91275,7.51798],[0.93075,7.53591]]]}},{"id":"274","type":"Feature","properties":{"adm3_pcode":"TG040110","canton":"Okpahoe","centre_lon":1.01006,"centre_lat":7.61968},"geometry":{"type":"Polygon","coordinates":[[[0.998,7.64357],[0.98801,7.61814],[1.02332,7.60173],[1.031,7.59488],[1.0337,7.59612],[1.0381,7.61707],[1.01919,7.62844],[1.01437,7.63607],[0.998,7.64357]]]}},{"id":"275","type":"Feature","properties":{"adm3_pcode":"TG020607","canton":"Ossacre","centre_lon":0.74346,"centre_lat":10.0688},"geometry":{"type":"Polygon","coordinates":[[[0.67598,9.98324],[0.69134,9.98603],[0.75658,9.9737],[0.77504,9.97451],[0.80701,9.98716],[0.84582,10.01954],[0.86076,10.02689],[0.8621,10.03415],[0.85714,10.04724],[0.82784,10.04982],[0.81492,10.05457],[0.80473,10.06659],[0.79388,10.07273],[0.78472,10.08821],[0.78495,10.10514],[0.77259,10.12785],[0.74394,10.13768],[0.70474,10.16803],[0.69799,10.16711],[0.68834,10.15571],[0.68371,10.14359],[0.67571,10.14132],[0.67229,10.11622],[0.67264,10.10849],[0.68669,10.08206],[0.68697,10.0532],[0.67845,10.03836],[0.6779,10.02765],[0.67295,10.01583],[0.64352,9.989],[0.67598,9.98324]]]}},{"id":"276","type":"Feature","properties":{"adm3_pcode":"TG040111","canton":"Otadi","centre_lon":0.93865,"centre_lat":7.72002},"geometry":{"type":"Polygon","coordinates":[[[1.15439,7.59772],[1.14947,7.62756],[1.13895,7.65876],[1.12242,7.65897],[1.08627,7.67182],[1.07382,7.68066],[1.0445,7.6903],[1.01116,7.70958],[1.00513,7.72444],[1.00112,7.76541],[0.99108,7.79112],[0.94649,7.80678],[0.93685,7.8116],[0.92038,7.82727],[0.89628,7.83791],[0.88343,7.81381],[0.8778,7.77003],[0.87941,7.75718],[0.87218,7.7371],[0.86897,7.69171],[0.86455,7.68428],[0.94368,7.66299],[0.99067,7.64692],[1.01437,7.63607],[1.02843,7.62121],[1.03968,7.61639],[1.06458,7.60956],[1.0931,7.6188],[1.12644,7.59992],[1.15439,7.59772]]]}},{"id":"277","type":"Feature","properties":{"adm3_pcode":"TG040112","canton":"Ouma-Amlame","centre_lon":0.91995,"centre_lat":7.46055},"geometry":{"type":"Polygon","coordinates":[[[0.94234,7.39438],[0.93605,7.4248],[0.94127,7.43645],[0.95573,7.43725],[0.96175,7.45452],[0.95934,7.47099],[0.93926,7.49951],[0.93404,7.52441],[0.93691,7.53106],[0.93075,7.53591],[0.91275,7.51798],[0.89628,7.51437],[0.88606,7.50536],[0.89307,7.50433],[0.89775,7.49798],[0.88985,7.49589],[0.88142,7.46416],[0.8762,7.45693],[0.85531,7.43926],[0.84848,7.41676],[0.87138,7.41596],[0.90351,7.38945],[0.91757,7.39347],[0.94006,7.39226],[0.94234,7.39438]]]}},{"id":"278","type":"Feature","properties":{"adm3_pcode":"TG040208","canton":"Ounabe","centre_lon":0.9456,"centre_lat":7.55895},"geometry":{"type":"Polygon","coordinates":[[[0.93691,7.53106],[0.94006,7.53445],[0.94689,7.53485],[0.96577,7.51477],[0.97702,7.51678],[0.99027,7.52883],[0.99148,7.53365],[1.00754,7.54168],[1.00787,7.5682],[0.95372,7.57783],[0.93042,7.58868],[0.91788,7.60162],[0.9019,7.59551],[0.89186,7.58788],[0.88704,7.57301],[0.87821,7.56377],[0.93691,7.53106]]]}},{"id":"279","type":"Feature","properties":{"adm3_pcode":"TG040908","canton":"Ountivou","centre_lon":1.55546,"centre_lat":7.41821},"geometry":{"type":"Polygon","coordinates":[[[1.48912,7.29097],[1.51676,7.30735],[1.53668,7.29964],[1.55885,7.31539],[1.56239,7.32663],[1.57396,7.33242],[1.58859,7.36529],[1.60282,7.38505],[1.61652,7.3914],[1.62574,7.40066],[1.63492,7.40069],[1.64401,7.48569],[1.64818,7.49244],[1.65429,7.49437],[1.6755,7.49437],[1.67711,7.50112],[1.66875,7.51815],[1.65925,7.52129],[1.65461,7.51221],[1.61894,7.50578],[1.6048,7.50996],[1.60641,7.51895],[1.6032,7.52538],[1.58713,7.54048],[1.54439,7.54755],[1.53379,7.54402],[1.53154,7.52184],[1.52158,7.51124],[1.49073,7.50883],[1.45088,7.4963],[1.44903,7.47483],[1.46245,7.46995],[1.46984,7.45549],[1.47113,7.44617],[1.46534,7.424],[1.47402,7.42464],[1.47563,7.41982],[1.46824,7.40536],[1.4602,7.39733],[1.44092,7.39508],[1.44028,7.37194],[1.4316,7.3668],[1.43803,7.31924],[1.44349,7.31314],[1.45841,7.30565],[1.47274,7.28872],[1.48912,7.29097]]]}},{"id":"280","type":"Feature","properties":{"adm3_pcode":"TG010112","canton":"Pagala Gare","centre_lon":0.99439,"centre_lat":8.17803},"geometry":{"type":"Polygon","coordinates":[[[0.95436,8.2497],[0.95014,8.22251],[0.92705,8.22507],[0.92148,8.17233],[0.91502,8.1517],[0.92123,8.14152],[0.92943,8.14003],[0.93664,8.14375],[0.9431,8.15543],[0.9509,8.16074],[0.95588,8.14727],[0.94818,8.11717],[0.96134,8.10946],[0.96664,8.09053],[0.97459,8.0822],[0.9853,8.08159],[0.98206,8.08986],[0.98433,8.09289],[0.98925,8.09289],[1.00402,8.10803],[1.02219,8.13567],[1.05777,8.16547],[1.07745,8.19169],[1.08478,8.21589],[1.06876,8.2154],[1.05019,8.227],[1.04733,8.23543],[1.03065,8.22826],[1.01373,8.22536],[0.99229,8.22357],[0.96913,8.22683],[0.96571,8.23412],[0.98079,8.26569],[0.97343,8.26902],[0.96324,8.27118],[0.96251,8.26368],[0.95436,8.2497]]]}},{"id":"281","type":"Feature","properties":{"adm3_pcode":"TG010113","canton":"Pagala Village","centre_lon":0.88833,"centre_lat":8.18624},"geometry":{"type":"Polygon","coordinates":[[[0.92148,8.17233],[0.92705,8.22507],[0.86237,8.24903],[0.86285,8.22028],[0.8471,8.2181],[0.84807,8.2009],[0.85824,8.17328],[0.86039,8.14531],[0.86619,8.14706],[0.87831,8.14494],[0.88194,8.1401],[0.89284,8.1398],[0.8998,8.13162],[0.90102,8.11739],[0.90943,8.11285],[0.92104,8.11633],[0.93371,8.12914],[0.94468,8.12346],[0.94818,8.11717],[0.95398,8.13478],[0.95588,8.14727],[0.9509,8.16074],[0.9431,8.15543],[0.93664,8.14375],[0.92943,8.14003],[0.92123,8.14152],[0.91502,8.1517],[0.92148,8.17233]]]}},{"id":"282","type":"Feature","properties":{"adm3_pcode":"TG020305","canton":"Pagouda","centre_lon":1.33449,"centre_lat":9.75878},"geometry":{"type":"Polygon","coordinates":[[[1.36592,9.80745],[1.3494,9.81228],[1.33955,9.82195],[1.334,9.8428],[1.30542,9.82431],[1.27873,9.85227],[1.26758,9.84247],[1.24859,9.79702],[1.26713,9.79064],[1.28648,9.76734],[1.30209,9.76562],[1.30252,9.75194],[1.29651,9.72132],[1.28187,9.69594],[1.27302,9.6891],[1.29863,9.67414],[1.31649,9.68747],[1.33121,9.71576],[1.33877,9.72331],[1.36608,9.73965],[1.36592,9.80745]]]}},{"id":"283","type":"Feature","properties":{"adm3_pcode":"TG041106","canton":"Pallakoko","centre_lon":1.1158,"centre_lat":7.87431},"geometry":{"type":"Polygon","coordinates":[[[1.11064,7.79814],[1.13951,7.78389],[1.14947,7.78486],[1.1604,7.79739],[1.15975,7.82278],[1.14915,7.86841],[1.14947,7.88222],[1.14272,7.89427],[1.12955,7.90247],[1.12184,7.91757],[1.14856,7.96607],[1.12515,7.95776],[1.07442,7.94905],[1.05928,7.94981],[1.03847,7.9606],[1.03829,7.94794],[1.04407,7.94247],[1.04954,7.91323],[1.08038,7.89299],[1.08103,7.8615],[1.08649,7.857],[1.09966,7.80816],[1.10545,7.80687],[1.11064,7.79814]]]}},{"id":"284","type":"Feature","properties":{"adm3_pcode":"TG051613","canton":"Pana","centre_lon":0.27472,"centre_lat":10.76569},"geometry":{"type":"Polygon","coordinates":[[[0.32663,10.726],[0.33008,10.73668],[0.32741,10.75554],[0.33049,10.75738],[0.34525,10.75308],[0.34832,10.75697],[0.33438,10.76763],[0.33256,10.7789],[0.32485,10.77573],[0.30783,10.78537],[0.30353,10.80382],[0.28692,10.80689],[0.27913,10.80115],[0.26519,10.80402],[0.24402,10.80006],[0.23795,10.80506],[0.23475,10.81315],[0.20409,10.81364],[0.19641,10.80454],[0.18637,10.80023],[0.18432,10.78547],[0.18001,10.78157],[0.204,10.7785],[0.21274,10.78091],[0.21425,10.75369],[0.23946,10.74631],[0.24179,10.73508],[0.2533,10.73227],[0.26786,10.7374],[0.28877,10.7212],[0.32663,10.726]]]}},{"id":"285","type":"Feature","properties":{"adm3_pcode":"TG020306","canton":"Pessare","centre_lon":1.2312,"centre_lat":9.80708},"geometry":{"type":"Polygon","coordinates":[[[1.22127,9.73827],[1.23026,9.74962],[1.24125,9.75161],[1.24923,9.76254],[1.24296,9.76768],[1.26058,9.79133],[1.24859,9.79702],[1.26758,9.84247],[1.27873,9.85227],[1.25399,9.87244],[1.21327,9.81951],[1.20863,9.80365],[1.18844,9.78087],[1.18995,9.76936],[1.19782,9.75176],[1.22127,9.73827]]]}},{"id":"286","type":"Feature","properties":{"adm3_pcode":"TG020608","canton":"Pesside","centre_lon":0.85508,"centre_lat":10.07548},"geometry":{"type":"Polygon","coordinates":[[[1.03167,9.93752],[1.02224,9.94982],[1.01439,9.98017],[1.01845,9.99954],[1.01172,10.01781],[0.98485,10.02248],[0.96703,10.02997],[0.8889,10.10541],[0.88613,10.11348],[0.87794,10.11613],[0.87782,10.13502],[0.87182,10.13552],[0.86696,10.12901],[0.86423,10.13115],[0.87334,10.1528],[0.86734,10.15438],[0.86612,10.17434],[0.85789,10.18239],[0.84401,10.22115],[0.83897,10.22653],[0.82248,10.16874],[0.81417,10.15476],[0.80879,10.15189],[0.80376,10.15368],[0.79408,10.17198],[0.78116,10.17951],[0.76789,10.17485],[0.75425,10.18238],[0.73308,10.16839],[0.73883,10.16014],[0.73811,10.15296],[0.74394,10.13768],[0.77259,10.12785],[0.78495,10.10514],[0.78472,10.08821],[0.78931,10.07823],[0.81492,10.05457],[0.82784,10.04982],[0.85687,10.04731],[0.86581,10.05386],[0.89383,10.03228],[0.90019,10.01885],[0.92021,9.99445],[0.9356,9.98522],[0.95524,9.96461],[0.9621,9.927],[0.98897,9.91991],[1.00256,9.91999],[1.01854,9.92665],[1.03167,9.93752]]]}},{"id":"287","type":"Feature","properties":{"adm3_pcode":"TG020307","canton":"Pitikita","centre_lon":1.26936,"centre_lat":9.76648},"geometry":{"type":"Polygon","coordinates":[[[1.30029,9.74275],[1.30209,9.76562],[1.28648,9.76734],[1.26713,9.79064],[1.26058,9.79133],[1.24296,9.76768],[1.26738,9.74822],[1.30029,9.74275]]]}},{"id":"288","type":"Feature","properties":{"adm3_pcode":"TG051512","canton":"Pligou","centre_lon":0.26587,"centre_lat":10.68198},"geometry":{"type":"Polygon","coordinates":[[[0.3195,10.65845],[0.28226,10.67111],[0.27633,10.69658],[0.25949,10.72244],[0.25156,10.72028],[0.25617,10.71553],[0.23707,10.70758],[0.24585,10.68921],[0.27442,10.64973],[0.28499,10.64367],[0.3027,10.64193],[0.32151,10.64831],[0.3195,10.65845]]]}},{"id":"289","type":"Feature","properties":{"adm3_pcode":"TG051806","canton":"Pogno","centre_lon":0.56639,"centre_lat":10.9621},"geometry":{"type":"Polygon","coordinates":[[[0.5406,10.89943],[0.54617,10.90418],[0.55072,10.90297],[0.56465,10.90963],[0.56949,10.91508],[0.57718,10.90799],[0.57313,10.94476],[0.57646,10.94749],[0.57646,10.95263],[0.58827,10.96051],[0.59711,10.97912],[0.59099,10.97595],[0.57555,10.97868],[0.55072,10.96717],[0.50075,10.93658],[0.50923,10.95263],[0.50984,10.97777],[0.50711,10.98473],[0.49136,10.98685],[0.50272,11.00427],[0.50393,11.01274],[0.43606,11.02602],[0.45799,10.99551],[0.46663,10.96503],[0.4791,10.95551],[0.49538,10.92372],[0.51287,10.90115],[0.5406,10.89943]]]}},{"id":"290","type":"Feature","properties":{"adm3_pcode":"TG051614","canton":"Poissongui","centre_lon":0.2094,"centre_lat":11.04224},"geometry":{"type":"Polygon","coordinates":[[[0.21921,11.01359],[0.23485,11.03384],[0.23752,11.04306],[0.2451,11.04142],[0.24162,11.03199],[0.24797,11.02871],[0.25925,11.03876],[0.26654,11.05658],[0.19036,11.07177],[0.18175,11.06849],[0.17806,11.04634],[0.18237,11.04122],[0.18913,11.04019],[0.19282,11.0324],[0.21127,11.03015],[0.21921,11.01359]]]}},{"id":"291","type":"Feature","properties":{"adm3_pcode":"TG020511","canton":"Pouda","centre_lon":1.2604,"centre_lat":9.90468},"geometry":{"type":"Polygon","coordinates":[[[1.27864,9.85237],[1.28708,9.86237],[1.27541,9.87275],[1.28047,9.87817],[1.2872,9.91019],[1.27699,9.90958],[1.26902,9.91516],[1.26043,9.9303],[1.25751,9.94547],[1.25182,9.94994],[1.22969,9.95151],[1.21913,9.93983],[1.23791,9.89415],[1.25254,9.87371],[1.27864,9.85237]]]}},{"id":"292","type":"Feature","properties":{"adm3_pcode":"TG020710","canton":"Pya","centre_lon":1.11911,"centre_lat":9.64964},"geometry":{"type":"Polygon","coordinates":[[[1.18236,9.67563],[1.17916,9.68477],[1.15698,9.69548],[1.13117,9.69625],[1.10266,9.66581],[1.09369,9.66101],[1.08026,9.66009],[1.07991,9.63154],[1.06518,9.60623],[1.07063,9.60239],[1.086,9.61392],[1.08984,9.62513],[1.09529,9.62385],[1.11355,9.62962],[1.12316,9.64115],[1.15391,9.64243],[1.1648,9.66037],[1.17473,9.66549],[1.18236,9.67563]]]}},{"id":"293","type":"Feature","properties":{"adm3_pcode":"TG051407","canton":"Sadori","centre_lon":0.43698,"centre_lat":10.24804},"geometry":{"type":"Polygon","coordinates":[[[0.52039,10.25634],[0.50769,10.26531],[0.49471,10.2678],[0.48422,10.28627],[0.46526,10.30774],[0.42832,10.30824],[0.41284,10.29825],[0.40885,10.28627],[0.40136,10.27779],[0.37894,10.27196],[0.37341,10.26365],[0.36193,10.25791],[0.35942,10.25324],[0.35834,10.22203],[0.37054,10.20911],[0.40821,10.18436],[0.41324,10.19153],[0.41862,10.19189],[0.424,10.18543],[0.45342,10.20481],[0.46131,10.20552],[0.47315,10.19835],[0.47889,10.20086],[0.48571,10.21342],[0.49324,10.21342],[0.50221,10.21808],[0.50401,10.23315],[0.52039,10.25634]]]}},{"id":"294","type":"Feature","properties":{"adm3_pcode":"TG030304","canton":"Sagbado","centre_lon":1.12613,"centre_lat":6.18971},"geometry":{"type":"Polygon","coordinates":[[[1.17861,6.17693],[1.11983,6.22421],[1.09071,6.22344],[1.09103,6.18989],[1.08521,6.1824],[1.08588,6.16247],[1.09117,6.15879],[1.10657,6.15694],[1.17738,6.15487],[1.17861,6.17693]]]}},{"id":"295","type":"Feature","properties":{"adm3_pcode":"TG051906","canton":"Sagbiebou","centre_lon":0.64175,"centre_lat":10.24535},"geometry":{"type":"Polygon","coordinates":[[[0.73952,10.14051],[0.74277,10.14507],[0.73811,10.15296],[0.73883,10.16014],[0.73308,10.16839],[0.73667,10.1727],[0.75425,10.18238],[0.76789,10.17485],[0.77752,10.18001],[0.77255,10.19351],[0.7765,10.21252],[0.7747,10.23871],[0.75282,10.26741],[0.73165,10.28463],[0.71228,10.2893],[0.68501,10.28679],[0.67783,10.29145],[0.67102,10.2997],[0.66958,10.30724],[0.67045,10.33859],[0.64931,10.32751],[0.62204,10.3311],[0.61559,10.3293],[0.59071,10.33571],[0.56966,10.31136],[0.53414,10.28517],[0.51979,10.25468],[0.50401,10.23315],[0.50472,10.22239],[0.49335,10.21347],[0.50275,10.20965],[0.5006,10.19924],[0.50885,10.20068],[0.52428,10.18633],[0.53576,10.18669],[0.54186,10.18346],[0.54616,10.18777],[0.55119,10.18741],[0.55334,10.17915],[0.59352,10.17808],[0.60931,10.17485],[0.63478,10.1831],[0.65631,10.17772],[0.65882,10.18525],[0.66492,10.18992],[0.67586,10.18978],[0.68695,10.18239],[0.68716,10.17305],[0.69039,10.16983],[0.69685,10.16695],[0.70474,10.16803],[0.73952,10.14051]]]}},{"id":"296","type":"Feature","properties":{"adm3_pcode":"TG010204","canton":"Saiboude","centre_lon":0.56789,"centre_lat":8.5681},"geometry":{"type":"Polygon","coordinates":[[[0.61728,8.51354],[0.6305,8.5243],[0.64206,8.52841],[0.60293,8.5662],[0.57081,8.5856],[0.51996,8.60835],[0.47379,8.62241],[0.45624,8.62241],[0.47284,8.59788],[0.49136,8.59788],[0.50337,8.57886],[0.51338,8.56935],[0.51888,8.56785],[0.5329,8.57385],[0.5369,8.55934],[0.55842,8.55033],[0.57844,8.52681],[0.58545,8.5218],[0.61728,8.51354]]]}},{"id":"297","type":"Feature","properties":{"adm3_pcode":"TG040804","canton":"Saligbe","centre_lon":1.58249,"centre_lat":7.24242},"geometry":{"type":"Polygon","coordinates":[[[1.63654,7.24792],[1.61347,7.25086],[1.5954,7.26893],[1.58335,7.27215],[1.56367,7.2842],[1.55483,7.2842],[1.54399,7.27978],[1.53274,7.26733],[1.52752,7.23801],[1.55081,7.2127],[1.56809,7.2115],[1.57451,7.20386],[1.59018,7.19703],[1.61789,7.20788],[1.63757,7.20587],[1.63654,7.24792]]]}},{"id":"298","type":"Feature","properties":{"adm3_pcode":"TG051707","canton":"Sam-Naba","centre_lon":0.14259,"centre_lat":11.05451},"geometry":{"type":"Polygon","coordinates":[[[0.19031,11.07229],[0.10077,11.09295],[0.08856,11.08675],[0.08271,11.07556],[0.08435,11.06822],[0.09212,11.06181],[0.11171,11.05163],[0.13705,11.04376],[0.14718,11.03364],[0.15938,11.01043],[0.16742,11.01043],[0.17264,11.01444],[0.1715,11.02113],[0.1892,11.04005],[0.18237,11.04122],[0.17806,11.04634],[0.18175,11.06849],[0.19031,11.07229]]]}},{"id":"299","type":"Feature","properties":{"adm3_pcode":"TG020209","canton":"Sanda-Afohou","centre_lon":0.94465,"centre_lat":9.47696},"geometry":{"type":"Polygon","coordinates":[[[0.9309,9.61991],[0.92586,9.60379],[0.92787,9.58676],[0.94296,9.53621],[0.93923,9.52246],[0.93212,9.51485],[0.92461,9.4954],[0.91467,9.4835],[0.9061,9.48109],[0.90235,9.47113],[0.92721,9.37993],[0.92373,9.32587],[0.95641,9.36014],[0.95653,9.35764],[0.95653,9.36325],[0.95413,9.37085],[0.95773,9.38607],[0.97135,9.40329],[0.98383,9.45176],[0.97895,9.45214],[0.97575,9.45894],[0.98816,9.48537],[0.98456,9.48937],[0.98696,9.49618],[0.98176,9.50139],[0.99017,9.5178],[0.99777,9.52101],[1.00698,9.53502],[1.01059,9.56906],[1.00778,9.59348],[0.97455,9.60549],[0.96654,9.6107],[0.95893,9.62271],[0.93931,9.62391],[0.9309,9.61991]]]}},{"id":"300","type":"Feature","properties":{"adm3_pcode":"TG020210","canton":"Sanda-Kagbanda","centre_lon":0.89276,"centre_lat":9.49096},"geometry":{"type":"Polygon","coordinates":[[[0.91691,9.6455],[0.91267,9.65435],[0.89929,9.65853],[0.89593,9.66277],[0.88259,9.66032],[0.87064,9.6645],[0.85551,9.64311],[0.8308,9.62876],[0.84093,9.61084],[0.84195,9.52519],[0.8665,9.48653],[0.86618,9.46144],[0.85448,9.42682],[0.85522,9.38376],[0.84477,9.37802],[0.8759,9.35312],[0.9007,9.34948],[0.91218,9.34293],[0.92324,9.32595],[0.92736,9.35343],[0.92721,9.37993],[0.90235,9.47113],[0.9061,9.48109],[0.91467,9.4835],[0.92461,9.4954],[0.93212,9.51485],[0.93923,9.52246],[0.94296,9.53621],[0.92787,9.58676],[0.92586,9.60379],[0.93101,9.61991],[0.91328,9.63353],[0.91691,9.6455]]]}},{"id":"301","type":"Feature","properties":{"adm3_pcode":"TG051615","canton":"Sanfatoute","centre_lon":0.31167,"centre_lat":11.01496},"geometry":{"type":"Polygon","coordinates":[[[0.2803,11.01831],[0.28185,11.01398],[0.29424,11.01111],[0.29183,10.99893],[0.29424,10.98775],[0.30301,10.98038],[0.31429,10.97802],[0.31542,10.9914],[0.32157,10.99899],[0.34392,11.01621],[0.36175,11.0242],[0.36585,11.03158],[0.35663,11.03814],[0.35926,11.04474],[0.29102,11.05044],[0.2803,11.01831]]]}},{"id":"302","type":"Feature","properties":{"adm3_pcode":"TG051513","canton":"Sangou","centre_lon":0.06243,"centre_lat":10.59149},"geometry":{"type":"Polygon","coordinates":[[[0.05496,10.57575],[0.0744,10.58192],[0.08368,10.593],[0.05832,10.60368],[0.04703,10.60221],[0.03765,10.59402],[0.04841,10.58748],[0.05496,10.57575]]]}},{"id":"303","type":"Feature","properties":{"adm3_pcode":"TG020711","canton":"Sarakawa","centre_lon":1.01117,"centre_lat":9.61632},"geometry":{"type":"Polygon","coordinates":[[[1.01046,9.57],[1.05109,9.57452],[1.0541,9.58562],[1.04852,9.59983],[1.05941,9.61648],[1.07012,9.61595],[1.07991,9.63154],[1.08026,9.66009],[1.05717,9.66229],[1.03635,9.64563],[1.00175,9.63955],[0.98158,9.63923],[0.9461,9.64745],[0.91691,9.6455],[0.91328,9.63353],[0.93005,9.6199],[0.93931,9.62391],[0.95893,9.62271],[0.96654,9.6107],[0.97455,9.60549],[1.00778,9.59348],[1.01046,9.57]]]}},{"id":"304","type":"Feature","properties":{"adm3_pcode":"TG030707","canton":"Sedome","centre_lon":1.58427,"centre_lat":6.77619},"geometry":{"type":"Polygon","coordinates":[[[1.59751,6.80834],[1.57961,6.80032],[1.55335,6.76969],[1.54255,6.7701],[1.52765,6.76353],[1.52632,6.75858],[1.53466,6.75455],[1.53318,6.74273],[1.5445,6.74723],[1.5658,6.74695],[1.62588,6.75983],[1.62208,6.76462],[1.60833,6.77042],[1.61342,6.79138],[1.60893,6.79995],[1.59862,6.80061],[1.59751,6.80834]]]}},{"id":"305","type":"Feature","properties":{"adm3_pcode":"TG041006","canton":"Seregbene","centre_lon":0.71439,"centre_lat":7.87096},"geometry":{"type":"Polygon","coordinates":[[[0.77456,7.93274],[0.73435,7.94727],[0.71265,7.95186],[0.70953,7.96459],[0.70139,7.96326],[0.69288,7.95967],[0.68969,7.95152],[0.69056,7.94266],[0.70007,7.92106],[0.68493,7.90213],[0.67868,7.89702],[0.66619,7.89399],[0.63625,7.89355],[0.66278,7.87052],[0.69231,7.8603],[0.70896,7.82964],[0.72713,7.81299],[0.73243,7.80314],[0.73395,7.78838],[0.75325,7.7774],[0.77066,7.78043],[0.77483,7.7827],[0.7771,7.78952],[0.79375,7.7933],[0.79966,7.80453],[0.79277,7.81273],[0.77235,7.86066],[0.76606,7.86616],[0.76868,7.88292],[0.7838,7.90143],[0.77456,7.93274]]]}},{"id":"306","type":"Feature","properties":{"adm3_pcode":"TG010307","canton":"Sessaro","centre_lon":1.20115,"centre_lat":8.5966},"geometry":{"type":"Polygon","coordinates":[[[1.19171,8.66449],[1.18145,8.65846],[1.17391,8.64458],[1.16322,8.64183],[1.1566,8.62847],[1.15067,8.62623],[1.14329,8.6151],[1.14045,8.58698],[1.14866,8.5811],[1.17693,8.5731],[1.19113,8.55689],[1.19418,8.54064],[1.21948,8.53262],[1.22934,8.52289],[1.23597,8.53272],[1.25207,8.53614],[1.26868,8.5483],[1.26868,8.55549],[1.26354,8.55789],[1.25196,8.55557],[1.24265,8.56149],[1.25008,8.58442],[1.25707,8.58896],[1.26212,8.60056],[1.2535,8.63149],[1.25344,8.6396],[1.25912,8.64583],[1.19171,8.66449]]]}},{"id":"307","type":"Feature","properties":{"adm3_pcode":"TG030607","canton":"Sevagan","centre_lon":1.42208,"centre_lat":6.31843},"geometry":{"type":"Polygon","coordinates":[[[1.45221,6.32606],[1.43982,6.34787],[1.43051,6.34921],[1.43273,6.36466],[1.42924,6.37329],[1.41629,6.37957],[1.42246,6.35755],[1.4204,6.3509],[1.40157,6.34427],[1.38083,6.3445],[1.38577,6.30384],[1.40421,6.26812],[1.40552,6.25701],[1.43074,6.27451],[1.43421,6.28559],[1.44065,6.29237],[1.45779,6.29806],[1.46714,6.2926],[1.47727,6.29949],[1.45221,6.32606]]]}},{"id":"308","type":"Feature","properties":{"adm3_pcode":"TG020512","canton":"Siou","centre_lon":1.20031,"centre_lat":9.85111},"geometry":{"type":"Polygon","coordinates":[[[1.25399,9.87244],[1.23791,9.89415],[1.21913,9.93983],[1.2009,9.95766],[1.19445,9.94287],[1.17675,9.92693],[1.16596,9.9096],[1.16163,9.83939],[1.15413,9.81596],[1.16442,9.79406],[1.16385,9.78324],[1.15177,9.77002],[1.15442,9.76485],[1.1919,9.74345],[1.19803,9.75141],[1.18995,9.76936],[1.18844,9.78087],[1.20863,9.80365],[1.21327,9.81951],[1.25399,9.87244]]]}},{"id":"309","type":"Feature","properties":{"adm3_pcode":"TG020308","canton":"Sirka","centre_lon":1.30838,"centre_lat":9.54203},"geometry":{"type":"Polygon","coordinates":[[[1.35934,9.50779],[1.33892,9.54984],[1.33667,9.56751],[1.32931,9.57706],[1.33051,9.60014],[1.29608,9.59909],[1.27085,9.53822],[1.36095,9.48657],[1.35854,9.49018],[1.35934,9.50779]]]}},{"id":"310","type":"Feature","properties":{"adm3_pcode":"TG051514","canton":"Sissiak","centre_lon":0.10915,"centre_lat":10.74645},"geometry":{"type":"Polygon","coordinates":[[[0.16431,10.78578],[0.14967,10.7826],[0.1203,10.78513],[0.10249,10.75483],[0.09759,10.75129],[0.07039,10.75129],[0.06447,10.74517],[0.06216,10.73122],[0.1017,10.73096],[0.10604,10.72192],[0.12146,10.70586],[0.1266,10.70566],[0.14403,10.72495],[0.15679,10.72645],[0.15879,10.73396],[0.15129,10.74272],[0.15304,10.74773],[0.17844,10.78151],[0.16431,10.78578]]]}},{"id":"311","type":"Feature","properties":{"adm3_pcode":"TG040113","canton":"Sodo","centre_lon":0.82649,"centre_lat":7.32819},"geometry":{"type":"Polygon","coordinates":[[[0.86868,7.31834],[0.84414,7.33453],[0.82981,7.358],[0.82545,7.36049],[0.80676,7.36049],[0.79866,7.35509],[0.80094,7.33723],[0.79699,7.31646],[0.79805,7.30395],[0.81354,7.30189],[0.82131,7.29726],[0.84326,7.30912],[0.85973,7.31153],[0.86868,7.31834]]]}},{"id":"312","type":"Feature","properties":{"adm3_pcode":"TG020309","canton":"Sola","centre_lon":1.32892,"centre_lat":9.93542},"geometry":{"type":"Polygon","coordinates":[[[1.34156,10.02498],[1.30102,9.98],[1.28507,9.89979],[1.32948,9.87626],[1.35638,9.86847],[1.36391,9.88579],[1.36615,10.00226],[1.36411,10.01214],[1.34156,10.02498]]]}},{"id":"313","type":"Feature","properties":{"adm3_pcode":"TG020712","canton":"Somdina","centre_lon":1.27061,"centre_lat":9.63953},"geometry":{"type":"Polygon","coordinates":[[[1.29629,9.59906],[1.32491,9.59869],[1.33051,9.60014],[1.33041,9.606],[1.3161,9.6111],[1.30483,9.63036],[1.28887,9.63833],[1.27926,9.64994],[1.24643,9.66275],[1.22336,9.68279],[1.1953,9.67196],[1.1926,9.65983],[1.19998,9.65967],[1.21368,9.64975],[1.25042,9.64286],[1.25222,9.63548],[1.24763,9.62711],[1.25944,9.62367],[1.27239,9.60547],[1.29629,9.59906]]]}},{"id":"314","type":"Feature","properties":{"adm3_pcode":"TG010308","canton":"Sotouboua","centre_lon":0.87444,"centre_lat":8.55752},"geometry":{"type":"Polygon","coordinates":[[[0.65614,8.46244],[0.7281,8.47625],[0.76539,8.49502],[0.81844,8.49853],[0.86199,8.49452],[0.88551,8.49602],[0.94507,8.4755],[0.95558,8.478],[0.9701,8.49803],[1.0204,8.49623],[1.03056,8.51038],[1.05476,8.57077],[1.06629,8.58275],[1.07816,8.58747],[1.04968,8.59463],[1.03819,8.60197],[1.02071,8.57996],[1.00752,8.57468],[0.98818,8.58084],[0.96972,8.57996],[0.96796,8.59491],[0.97224,8.63122],[0.94932,8.64192],[0.94282,8.64343],[0.89985,8.6243],[0.85634,8.63431],[0.8322,8.65093],[0.80017,8.65043],[0.74462,8.59688],[0.68255,8.54282],[0.6305,8.5243],[0.61699,8.51329],[0.62449,8.50929],[0.6285,8.50028],[0.64451,8.49127],[0.65614,8.46244]]]}},{"id":"315","type":"Feature","properties":{"adm3_pcode":"TG020106","canton":"Soudou","centre_lon":1.34651,"centre_lat":9.35685},"geometry":{"type":"Polygon","coordinates":[[[1.344,9.2524],[1.36022,9.25174],[1.36783,9.26616],[1.37143,9.26976],[1.37704,9.26976],[1.37824,9.28618],[1.38427,9.30438],[1.413,9.32446],[1.40306,9.35505],[1.39826,9.45395],[1.37584,9.46116],[1.34821,9.45315],[1.3394,9.46156],[1.33019,9.46156],[1.32819,9.43633],[1.31858,9.4095],[1.31537,9.38868],[1.30496,9.37627],[1.29495,9.37467],[1.28734,9.35224],[1.30056,9.34544],[1.29375,9.32542],[1.29255,9.305],[1.344,9.2524]]]}},{"id":"316","type":"Feature","properties":{"adm3_pcode":"TG010309","canton":"Tabinde","centre_lon":1.13123,"centre_lat":8.51936},"geometry":{"type":"Polygon","coordinates":[[[1.07816,8.58747],[1.06629,8.58275],[1.05476,8.57077],[1.03056,8.51038],[1.0204,8.49623],[1.1723,8.46199],[1.20283,8.45198],[1.22732,8.45398],[1.22946,8.46593],[1.23803,8.48169],[1.22707,8.51217],[1.22934,8.52289],[1.21948,8.53262],[1.19555,8.54021],[1.17731,8.53456],[1.14327,8.53957],[1.10774,8.55959],[1.09823,8.5726],[1.07816,8.58747]]]}},{"id":"317","type":"Feature","properties":{"adm3_pcode":"TG030708","canton":"Tabligbo","centre_lon":1.48389,"centre_lat":6.57494},"geometry":{"type":"Polygon","coordinates":[[[1.53343,6.56362],[1.53535,6.57572],[1.53323,6.58011],[1.51471,6.59852],[1.5198,6.6024],[1.52165,6.61042],[1.51294,6.60946],[1.50642,6.61313],[1.49835,6.60818],[1.49296,6.61357],[1.4898,6.61127],[1.49139,6.60829],[1.4863,6.60687],[1.47574,6.61035],[1.45881,6.61054],[1.45952,6.59823],[1.47404,6.59118],[1.48268,6.58295],[1.48058,6.57942],[1.46617,6.57727],[1.47333,6.53633],[1.49547,6.53657],[1.4924,6.56769],[1.50389,6.57808],[1.51152,6.57411],[1.50917,6.56515],[1.51624,6.55461],[1.52944,6.55391],[1.53546,6.56125],[1.53343,6.56362]]]}},{"id":"318","type":"Feature","properties":{"adm3_pcode":"TG040805","canton":"Tado","centre_lon":1.56925,"centre_lat":7.141},"geometry":{"type":"Polygon","coordinates":[[[1.63607,7.20597],[1.61789,7.20788],[1.59018,7.19703],[1.57451,7.20386],[1.56809,7.2115],[1.55753,7.21136],[1.53957,7.19623],[1.53756,7.1894],[1.52631,7.18659],[1.51788,7.15767],[1.51306,7.14924],[1.49739,7.13879],[1.49659,7.13397],[1.46198,7.12355],[1.46446,7.10666],[1.47008,7.10184],[1.47691,7.10144],[1.48494,7.10545],[1.49538,7.10505],[1.52591,7.08176],[1.55764,7.07131],[1.56849,7.07372],[1.57451,7.0934],[1.59018,7.10063],[1.61468,7.10425],[1.62553,7.11831],[1.63275,7.11951],[1.63757,7.12554],[1.63607,7.20597]]]}},{"id":"319","type":"Feature","properties":{"adm3_pcode":"TG051907","canton":"Takpamba","centre_lon":0.5886,"centre_lat":9.95923},"geometry":{"type":"Polygon","coordinates":[[[0.54724,10.01986],[0.54209,10.04212],[0.51856,10.01075],[0.51827,9.9878],[0.50287,9.96573],[0.50781,9.95382],[0.49619,9.95237],[0.49939,9.94162],[0.50636,9.94133],[0.51391,9.95034],[0.51972,9.9515],[0.52698,9.94336],[0.52495,9.9361],[0.51507,9.92478],[0.51507,9.91664],[0.52408,9.90154],[0.58457,9.88109],[0.58792,9.88591],[0.60063,9.8892],[0.62617,9.88352],[0.63406,9.89369],[0.64129,9.89457],[0.65422,9.87791],[0.65905,9.87703],[0.66599,9.8828],[0.67245,9.88316],[0.67963,9.87635],[0.68286,9.88747],[0.67775,9.90746],[0.65607,9.93176],[0.66887,9.94882],[0.66663,9.95679],[0.67465,9.95974],[0.67772,9.98281],[0.6538,9.98864],[0.63622,9.989],[0.62904,10.0012],[0.5885,10.03421],[0.58778,10.02919],[0.58025,10.02524],[0.57522,10.02847],[0.56554,10.02739],[0.5537,10.02488],[0.54724,10.01986]]]}},{"id":"320","type":"Feature","properties":{"adm3_pcode":"TG051304","canton":"Tambigou","centre_lon":0.77557,"centre_lat":10.74462},"geometry":{"type":"Polygon","coordinates":[[[0.71777,10.71743],[0.72843,10.69328],[0.72773,10.65717],[0.74351,10.65489],[0.75407,10.66476],[0.76735,10.66081],[0.76986,10.66548],[0.76304,10.67409],[0.77345,10.67696],[0.77309,10.68629],[0.78098,10.69956],[0.79841,10.69593],[0.80491,10.68324],[0.81205,10.6803],[0.81502,10.70464],[0.83678,10.75479],[0.86801,10.79501],[0.87369,10.80637],[0.87747,10.8253],[0.8505,10.83523],[0.83631,10.82813],[0.82543,10.81772],[0.81833,10.81631],[0.81454,10.81867],[0.80934,10.80921],[0.81029,10.79501],[0.79041,10.78791],[0.78,10.77561],[0.77574,10.77467],[0.7677,10.78413],[0.76344,10.78413],[0.75398,10.77514],[0.74452,10.77183],[0.73174,10.75811],[0.72937,10.75148],[0.7237,10.7529],[0.71281,10.73776],[0.71777,10.71743]]]}},{"id":"321","type":"Feature","properties":{"adm3_pcode":"TG051807","canton":"Tambonga","centre_lon":0.45331,"centre_lat":10.93914},"geometry":{"type":"Polygon","coordinates":[[[0.44332,10.97468],[0.42252,10.95111],[0.42029,10.94152],[0.42093,10.93769],[0.43626,10.93449],[0.43307,10.91373],[0.43562,10.9083],[0.44585,10.90446],[0.46022,10.90798],[0.47172,10.91469],[0.48707,10.93963],[0.47547,10.96005],[0.45881,10.97065],[0.44332,10.97468]]]}},{"id":"322","type":"Feature","properties":{"adm3_pcode":"TG051616","canton":"Tami","centre_lon":0.04152,"centre_lat":10.86863},"geometry":{"type":"Polygon","coordinates":[[[0.06329,10.79521],[0.07341,10.80077],[0.09309,10.80536],[0.10723,10.80474],[0.1142,10.81376],[0.11359,10.82934],[0.10498,10.83652],[0.1019,10.84369],[0.09001,10.84738],[0.08427,10.86009],[0.06889,10.87649],[0.05024,10.87854],[0.0363,10.88367],[0.0281,10.88182],[1e-05,10.89044],[0.0023,10.89765],[0.02767,10.89924],[0.03935,10.90397],[0.04057,10.90864],[0.03873,10.91309],[0.01743,10.91135],[0.00672,10.91549],[0.00042,10.92037],[-0.01371,10.94392],[-0.01575,10.93241],[-0.01382,10.90469],[0.00064,10.87435],[0.00936,10.86449],[0.00159,10.86071],[-0.00093,10.85168],[0.01072,10.85441],[0.02027,10.85147],[0.024,10.85825],[0.02789,10.85681],[0.02605,10.84882],[0.01067,10.83529],[0.01272,10.82996],[0.02379,10.8277],[0.03917,10.82914],[0.05044,10.84205],[0.06028,10.84492],[0.06541,10.84041],[0.073,10.81827],[0.06329,10.79521]]]}},{"id":"323","type":"Feature","properties":{"adm3_pcode":"TG051515","canton":"Tamongue","centre_lon":0.17202,"centre_lat":10.51013},"geometry":{"type":"Polygon","coordinates":[[[0.18335,10.41276],[0.18524,10.42518],[0.19176,10.4275],[0.20705,10.42586],[0.21717,10.42919],[0.21587,10.45209],[0.21974,10.48482],[0.21371,10.50269],[0.21534,10.51167],[0.21166,10.51284],[0.19853,10.5028],[0.19166,10.50443],[0.19188,10.50783],[0.20871,10.51403],[0.20718,10.52104],[0.22316,10.53959],[0.22263,10.54467],[0.21523,10.55042],[0.1881,10.54678],[0.18734,10.54968],[0.20846,10.56269],[0.19392,10.57504],[0.19804,10.58234],[0.18806,10.60491],[0.16869,10.60812],[0.16356,10.60711],[0.11316,10.55192],[0.10982,10.54245],[0.13159,10.53102],[0.14153,10.51416],[0.15366,10.47213],[0.15481,10.45397],[0.16766,10.44004],[0.16602,10.43131],[0.16952,10.42286],[0.18335,10.41276]]]}},{"id":"324","type":"Feature","properties":{"adm3_pcode":"TG051516","canton":"Tampialime","centre_lon":0.06672,"centre_lat":10.7525},"geometry":{"type":"Polygon","coordinates":[[[-0.07292,10.75989],[-0.0776,10.75225],[-0.074,10.73503],[-0.07586,10.72746],[-0.02806,10.72187],[0.00026,10.70592],[0.04145,10.69954],[0.0327,10.70772],[0.03983,10.73388],[0.06216,10.73122],[0.06447,10.74517],[0.07039,10.75129],[0.09759,10.75129],[0.12896,10.79531],[0.10518,10.80576],[0.09309,10.80536],[0.07341,10.80077],[0.04942,10.79039],[0.0447,10.78814],[0.04409,10.78178],[0.05721,10.77829],[0.06521,10.76763],[0.05947,10.76107],[0.03966,10.75307],[0.02556,10.75159],[0.00456,10.75635],[-0.01337,10.75197],[-0.01831,10.75435],[-0.00429,10.7757],[-0.0056,10.78587],[-0.07292,10.75989]]]}},{"id":"325","type":"Feature","properties":{"adm3_pcode":"TG010511","canton":"Tchalo","centre_lon":0.99545,"centre_lat":8.96791},"geometry":{"type":"Polygon","coordinates":[[[1.03855,9.00154],[1.03398,9.02963],[1.02152,9.0445],[1.00023,9.05932],[0.98362,9.05249],[0.96656,9.0268],[0.94961,9.01553],[0.87327,9.00413],[0.91319,8.978],[0.94064,8.96849],[0.99215,8.93843],[1.0198,8.92646],[1.08678,8.92068],[1.09926,8.90892],[1.09805,8.8869],[1.10277,8.87895],[1.1137,8.87621],[1.1378,8.88118],[1.14916,8.89163],[1.14367,8.90215],[1.1485,8.94309],[1.13807,8.94087],[1.12469,8.97513],[1.08699,8.96364],[1.08274,8.96672],[1.06968,8.96392],[1.04934,8.96733],[1.03855,9.00154]]]}},{"id":"326","type":"Feature","properties":{"adm3_pcode":"TG010114","canton":"Tchaloude","centre_lon":1.15149,"centre_lat":8.31564},"geometry":{"type":"Polygon","coordinates":[[[1.07575,8.28514],[1.06042,8.26215],[1.08255,8.26045],[1.10744,8.24932],[1.1264,8.25166],[1.12999,8.25618],[1.13991,8.25937],[1.1421,8.27333],[1.14887,8.27471],[1.14885,8.27966],[1.15916,8.29591],[1.16502,8.29998],[1.17495,8.30003],[1.18299,8.32031],[1.19242,8.3334],[1.2082,8.33978],[1.23083,8.34138],[1.22963,8.35001],[1.23537,8.35972],[1.2196,8.36264],[1.17646,8.38082],[1.16154,8.36664],[1.13569,8.36807],[1.13414,8.34115],[1.1266,8.32135],[1.11764,8.31098],[1.1101,8.28505],[1.10491,8.27845],[1.07575,8.28514]]]}},{"id":"327","type":"Feature","properties":{"adm3_pcode":"TG010410","canton":"Tchamba","centre_lon":1.45484,"centre_lat":8.99231},"geometry":{"type":"Polygon","coordinates":[[[1.41762,9.03836],[1.40984,9.03118],[1.3808,9.03118],[1.36374,9.03467],[1.35034,9.02938],[1.35242,9.02432],[1.37562,9.0035],[1.38272,8.98392],[1.4156,8.97776],[1.43649,8.9555],[1.43786,8.91817],[1.42553,8.89762],[1.44163,8.89556],[1.45361,8.90242],[1.46937,8.90139],[1.50738,8.90961],[1.50738,8.92159],[1.49711,8.94385],[1.50498,8.96372],[1.49437,8.9829],[1.48717,8.98803],[1.49265,8.99146],[1.54094,8.99249],[1.56173,8.98145],[1.59882,8.99557],[1.62999,8.99899],[1.62451,9.04214],[1.6156,9.06269],[1.61766,9.0716],[1.60909,9.08906],[1.58992,9.06954],[1.55841,9.06441],[1.47504,9.06353],[1.45355,9.04794],[1.41762,9.03836]]]}},{"id":"328","type":"Feature","properties":{"adm3_pcode":"TG051908","canton":"Tchamonga","centre_lon":0.73957,"centre_lat":10.58583},"geometry":{"type":"Polygon","coordinates":[[[0.79841,10.69593],[0.78636,10.70028],[0.77775,10.69705],[0.77309,10.68629],[0.77345,10.67696],[0.76304,10.67409],[0.76986,10.66548],[0.76735,10.66081],[0.75407,10.66476],[0.74351,10.65489],[0.70743,10.65794],[0.69272,10.64144],[0.68914,10.64682],[0.68555,10.64574],[0.68053,10.62027],[0.66617,10.60664],[0.66904,10.59049],[0.67945,10.57578],[0.67945,10.5582],[0.6755,10.55462],[0.66689,10.55174],[0.65326,10.55462],[0.64142,10.55282],[0.62453,10.55953],[0.63747,10.5356],[0.67012,10.51874],[0.6816,10.50905],[0.68411,10.50187],[0.67909,10.49362],[0.68698,10.49039],[0.69093,10.48501],[0.69559,10.48681],[0.71174,10.47748],[0.72501,10.47568],[0.73542,10.46958],[0.74044,10.46205],[0.75013,10.46349],[0.76197,10.47317],[0.78134,10.47425],[0.78349,10.51264],[0.80143,10.55892],[0.80646,10.58116],[0.81205,10.6803],[0.80491,10.68324],[0.79841,10.69593]]]}},{"id":"329","type":"Feature","properties":{"adm3_pcode":"TG051408","canton":"Tchanaga","centre_lon":0.50644,"centre_lat":10.53345},"geometry":{"type":"Polygon","coordinates":[[[0.67437,10.61443],[0.62446,10.60787],[0.61931,10.61241],[0.60568,10.61605],[0.57994,10.61363],[0.57055,10.6215],[0.55602,10.61998],[0.55571,10.63119],[0.54804,10.62935],[0.54613,10.62056],[0.53809,10.61855],[0.49475,10.62343],[0.48901,10.60908],[0.48958,10.58698],[0.48557,10.56488],[0.48212,10.56315],[0.44996,10.56794],[0.44965,10.45183],[0.44657,10.43895],[0.46795,10.42743],[0.47871,10.4242],[0.48768,10.42599],[0.49773,10.43317],[0.50132,10.44501],[0.51208,10.4486],[0.51459,10.47766],[0.51925,10.4816],[0.52571,10.47981],[0.52894,10.4834],[0.53253,10.506],[0.53935,10.50743],[0.55405,10.49954],[0.56302,10.49847],[0.56984,10.50385],[0.56051,10.51138],[0.56446,10.55121],[0.57271,10.56843],[0.58635,10.57632],[0.59155,10.56645],[0.60626,10.5643],[0.61523,10.55928],[0.6285,10.55964],[0.64142,10.55282],[0.65326,10.55462],[0.66689,10.55174],[0.6755,10.55462],[0.67945,10.5582],[0.67945,10.57578],[0.66904,10.59049],[0.66617,10.60664],[0.67437,10.61443]]]}},{"id":"330","type":"Feature","properties":{"adm3_pcode":"TG020713","canton":"Tchare","centre_lon":1.17871,"centre_lat":9.6601},"geometry":{"type":"Polygon","coordinates":[[[1.19474,9.65343],[1.19653,9.65972],[1.1926,9.65983],[1.1953,9.67196],[1.18637,9.67196],[1.18236,9.67563],[1.17473,9.66549],[1.1648,9.66037],[1.15615,9.64499],[1.17153,9.64659],[1.17665,9.65236],[1.18466,9.65492],[1.19474,9.65343]]]}},{"id":"331","type":"Feature","properties":{"adm3_pcode":"TG010115","canton":"Tchare-Baou","centre_lon":1.04355,"centre_lat":8.04823},"geometry":{"type":"Polygon","coordinates":[[[1.07594,8.04974],[1.08797,8.06972],[1.10709,8.09092],[1.10091,8.11601],[1.08598,8.12425],[1.07594,8.13642],[1.06222,8.14486],[1.05133,8.14286],[1.03695,8.15005],[1.02219,8.13567],[1.00402,8.10803],[0.98925,8.09289],[0.98206,8.08986],[0.98812,8.07359],[1.00515,8.06904],[1.00818,8.06564],[1.00742,8.05883],[1.01462,8.05239],[1.01007,8.04671],[1.00932,8.03536],[1.01386,8.02968],[1.01197,8.024],[1.01424,8.01946],[1.02635,8.01567],[1.03165,8.00962],[1.03203,8.00545],[1.0237,7.99485],[1.02635,7.98539],[1.03392,7.97971],[1.03316,7.96268],[1.05928,7.94981],[1.07442,7.94905],[1.09449,7.95246],[1.09465,7.95272],[1.07707,7.99031],[1.07934,8.03384],[1.07594,8.04974]]]}},{"id":"332","type":"Feature","properties":{"adm3_pcode":"TG010310","canton":"Tchebebe","centre_lon":0.83497,"centre_lat":8.43131},"geometry":{"type":"Polygon","coordinates":[[[0.71444,8.36405],[0.72329,8.37429],[0.73814,8.36934],[0.77235,8.38897],[0.77185,8.41271],[0.86405,8.37771],[0.86491,8.3812],[0.88294,8.3876],[0.88793,8.38492],[0.89514,8.38766],[0.90211,8.38255],[0.90903,8.38397],[0.91944,8.38043],[0.92529,8.38496],[0.93207,8.38454],[0.94429,8.37876],[0.99717,8.38353],[0.99911,8.39407],[1.0134,8.42091],[1.01109,8.43192],[1.01591,8.4744],[1.01099,8.4978],[0.9701,8.49803],[0.95558,8.478],[0.94507,8.4755],[0.88551,8.49602],[0.86199,8.49452],[0.81844,8.49853],[0.76539,8.49502],[0.7281,8.47625],[0.65602,8.46424],[0.65853,8.43071],[0.66453,8.4197],[0.68555,8.40968],[0.69757,8.39767],[0.70808,8.39617],[0.70858,8.38766],[0.71408,8.38416],[0.71444,8.36405]]]}},{"id":"333","type":"Feature","properties":{"adm3_pcode":"TG030709","canton":"Tchekpo","centre_lon":1.37781,"centre_lat":6.52252},"geometry":{"type":"Polygon","coordinates":[[[1.44769,6.52435],[1.43096,6.53934],[1.42265,6.53306],[1.40831,6.53231],[1.39944,6.53482],[1.38735,6.54368],[1.3789,6.57397],[1.3714,6.58472],[1.35775,6.59302],[1.36933,6.61242],[1.3508,6.60951],[1.3216,6.61499],[1.29785,6.62335],[1.29072,6.58747],[1.29719,6.57676],[1.30681,6.52358],[1.31841,6.51933],[1.34385,6.48336],[1.34688,6.47607],[1.34739,6.4499],[1.35214,6.43961],[1.36663,6.42316],[1.38284,6.43391],[1.3888,6.44724],[1.3845,6.45152],[1.38447,6.45967],[1.39301,6.47215],[1.40457,6.48119],[1.414,6.4838],[1.44769,6.52435]]]}},{"id":"334","type":"Feature","properties":{"adm3_pcode":"TG010116","canton":"Tchifama","centre_lon":0.81582,"centre_lat":8.17655},"geometry":{"type":"Polygon","coordinates":[[[0.85799,8.13207],[0.86039,8.14531],[0.85824,8.17328],[0.84807,8.2009],[0.84768,8.21821],[0.83535,8.2204],[0.81621,8.2141],[0.78448,8.21653],[0.78448,8.20054],[0.77745,8.19666],[0.77067,8.18043],[0.7852,8.17292],[0.78666,8.15984],[0.81375,8.1433],[0.82442,8.14537],[0.8339,8.1361],[0.85799,8.13207]]]}},{"id":"335","type":"Feature","properties":{"adm3_pcode":"TG020714","canton":"Tchitchao","centre_lon":1.09326,"centre_lat":9.59823},"geometry":{"type":"Polygon","coordinates":[[[1.07012,9.61595],[1.05941,9.61648],[1.04852,9.59983],[1.05045,9.59022],[1.05365,9.58573],[1.07095,9.58125],[1.1001,9.5569],[1.11387,9.55338],[1.11964,9.55658],[1.12476,9.56555],[1.13565,9.59566],[1.15231,9.62161],[1.14934,9.64223],[1.12316,9.64115],[1.11355,9.62962],[1.09529,9.62385],[1.08984,9.62513],[1.086,9.61392],[1.07063,9.60239],[1.06518,9.60623],[1.07012,9.61595]]]}},{"id":"336","type":"Feature","properties":{"adm3_pcode":"TG020513","canton":"Tchore","centre_lon":0.94207,"centre_lat":9.8443},"geometry":{"type":"Polygon","coordinates":[[[1.04281,9.84926],[1.04936,9.88391],[1.04021,9.89204],[1.036,9.89175],[1.03411,9.88798],[1.03469,9.8736],[1.02391,9.85594],[1.01019,9.86361],[0.99806,9.86437],[0.99118,9.86253],[0.97851,9.85178],[0.95115,9.84644],[0.94578,9.84697],[0.92968,9.85878],[0.91035,9.85288],[0.90488,9.85562],[0.89715,9.86772],[0.86774,9.87149],[0.85798,9.86567],[0.85233,9.85392],[0.83677,9.83495],[0.83908,9.82963],[0.89487,9.84216],[0.91059,9.83624],[0.93595,9.80574],[0.94046,9.8059],[0.94809,9.81321],[0.9568,9.835],[0.96459,9.82831],[0.96598,9.8227],[0.99197,9.82161],[0.99197,9.8171],[0.99773,9.81103],[1.0094,9.80885],[1.0268,9.79944],[1.04281,9.84926]]]}},{"id":"337","type":"Feature","properties":{"adm3_pcode":"TG040114","canton":"Temedja","centre_lon":1.06774,"centre_lat":7.46316},"geometry":{"type":"Polygon","coordinates":[[[1.11647,7.38338],[1.12122,7.39708],[1.12081,7.41476],[1.1184,7.43845],[1.10876,7.46777],[1.10334,7.48053],[1.08988,7.48465],[1.08547,7.49188],[1.08466,7.51557],[1.08747,7.52401],[1.06404,7.53968],[1.0626,7.52531],[1.0517,7.49779],[1.06,7.48247],[1.05845,7.47988],[1.05196,7.48039],[1.02783,7.49475],[1.02642,7.45091],[1.07261,7.44287],[1.07824,7.42199],[1.07784,7.40672],[1.08386,7.39829],[1.08747,7.39548],[1.09792,7.39869],[1.10796,7.39467],[1.11037,7.38503],[1.11647,7.38338]]]}},{"id":"338","type":"Feature","properties":{"adm3_pcode":"TG020514","canton":"Tenega","centre_lon":1.14313,"centre_lat":9.83437},"geometry":{"type":"Polygon","coordinates":[[[1.15051,9.80183],[1.16293,9.85346],[1.14336,9.86089],[1.14088,9.85008],[1.12662,9.84291],[1.12657,9.82675],[1.12022,9.82009],[1.12026,9.81318],[1.14005,9.80292],[1.15051,9.80183]]]}},{"id":"339","type":"Feature","properties":{"adm3_pcode":"TG051708","canton":"Timbou","centre_lon":0.11192,"centre_lat":11.03486},"geometry":{"type":"Polygon","coordinates":[[[0.11171,11.05163],[0.08435,11.06822],[0.08387,11.08135],[0.10077,11.09295],[0.07463,11.10013],[0.05979,11.0692],[0.04682,11.05104],[0.05081,11.04861],[0.07328,11.0496],[0.08247,11.01925],[0.09296,11.01187],[0.08652,11.00099],[0.0905,10.99596],[0.1033,10.99121],[0.12117,10.99318],[0.13704,10.97179],[0.14844,10.98556],[0.176,10.97184],[0.17622,11.00821],[0.17264,11.01444],[0.16742,11.01043],[0.15938,11.01043],[0.14718,11.03364],[0.13705,11.04376],[0.11171,11.05163]]]}},{"id":"340","type":"Feature","properties":{"adm3_pcode":"TG010205","canton":"Tindjassi","centre_lon":0.51379,"centre_lat":8.65769},"geometry":{"type":"Polygon","coordinates":[[[0.45624,8.62241],[0.47379,8.62241],[0.51996,8.60835],[0.57081,8.5856],[0.60293,8.5662],[0.64206,8.52841],[0.68255,8.54282],[0.71574,8.57173],[0.69807,8.58236],[0.64001,8.59988],[0.60347,8.6199],[0.59096,8.64443],[0.59096,8.67346],[0.57444,8.69097],[0.54441,8.69548],[0.49736,8.67846],[0.47884,8.67996],[0.46433,8.69548],[0.44931,8.75103],[0.43628,8.78531],[0.42679,8.78407],[0.41878,8.79408],[0.39626,8.79358],[0.38575,8.78657],[0.38425,8.77956],[0.39576,8.76004],[0.38625,8.75754],[0.38475,8.75204],[0.37674,8.74903],[0.38775,8.72451],[0.4343,8.66295],[0.45624,8.62241]]]}},{"id":"341","type":"Feature","properties":{"adm3_pcode":"TG010117","canton":"Tintchro","centre_lon":0.77148,"centre_lat":8.04501},"geometry":{"type":"Polygon","coordinates":[[[0.83712,8.03874],[0.82773,8.03987],[0.81744,8.04744],[0.81865,8.05803],[0.83106,8.08256],[0.83379,8.09437],[0.84711,8.11587],[0.85257,8.11951],[0.85799,8.13207],[0.8339,8.1361],[0.82442,8.14537],[0.81375,8.1433],[0.80281,8.14768],[0.78721,8.1598],[0.75783,8.14409],[0.75322,8.14458],[0.74741,8.15306],[0.73627,8.14748],[0.73457,8.14215],[0.75613,8.14022],[0.74571,8.1344],[0.74571,8.13053],[0.75032,8.12834],[0.75977,8.13343],[0.76098,8.12229],[0.73505,8.12738],[0.71737,8.11066],[0.71592,8.09661],[0.7038,8.09443],[0.70501,8.09225],[0.69605,8.09346],[0.69314,8.09855],[0.68903,8.09758],[0.68927,8.08643],[0.6837,8.0702],[0.68806,8.06512],[0.71543,8.05979],[0.71785,8.04864],[0.73166,8.04089],[0.73348,8.03689],[0.72597,8.03011],[0.72209,8.01121],[0.72282,8.00225],[0.73372,7.98311],[0.73324,7.9756],[0.7095,7.9647],[0.71265,7.95186],[0.71729,7.95001],[0.73435,7.94727],[0.77307,7.93235],[0.80927,7.94244],[0.82063,7.9485],[0.82593,7.9538],[0.83161,7.96818],[0.83014,7.97439],[0.83388,7.99392],[0.83159,7.99862],[0.83523,8.00661],[0.83353,8.01654],[0.83712,8.03874]]]}},{"id":"342","type":"Feature","properties":{"adm3_pcode":"TG010311","canton":"Titigbe","centre_lon":1.09397,"centre_lat":8.5971},"geometry":{"type":"Polygon","coordinates":[[[1.19555,8.54021],[1.19113,8.55689],[1.17693,8.5731],[1.14866,8.5811],[1.14045,8.58698],[1.14329,8.6151],[1.15067,8.62623],[1.1566,8.62847],[1.16323,8.64182],[1.15874,8.64846],[1.13421,8.64908],[1.12902,8.64535],[1.11119,8.64379],[1.10374,8.64745],[1.09037,8.6459],[1.08069,8.65029],[1.06137,8.64945],[1.03753,8.65969],[1.02566,8.65593],[1.00914,8.62115],[1.01764,8.61865],[1.04968,8.59463],[1.08171,8.58662],[1.09823,8.5726],[1.10774,8.55959],[1.14327,8.53957],[1.17731,8.53456],[1.19555,8.54021]]]}},{"id":"343","type":"Feature","properties":{"adm3_pcode":"TG051617","canton":"Toaga","centre_lon":0.24743,"centre_lat":10.89012},"geometry":{"type":"Polygon","coordinates":[[[0.24186,10.96464],[0.23419,10.96426],[0.23229,10.94353],[0.22696,10.93431],[0.22737,10.89658],[0.23434,10.88572],[0.23536,10.87137],[0.22429,10.86583],[0.22101,10.86173],[0.22183,10.85456],[0.25115,10.84041],[0.26078,10.82401],[0.27698,10.82627],[0.28025,10.83092],[0.27278,10.86348],[0.26236,10.86986],[0.26444,10.87905],[0.26109,10.89874],[0.24428,10.89976],[0.23941,10.92091],[0.23954,10.94299],[0.24992,10.95768],[0.24186,10.96464]]]}},{"id":"344","type":"Feature","properties":{"adm3_pcode":"TG030904","canton":"Togblekope","centre_lon":1.21845,"centre_lat":6.26304},"geometry":{"type":"Polygon","coordinates":[[[1.20608,6.28085],[1.18877,6.29851],[1.17977,6.29861],[1.17435,6.2896],[1.19238,6.2697],[1.19489,6.2505],[1.19882,6.24964],[1.20074,6.25847],[1.20042,6.25158],[1.20793,6.24952],[1.20951,6.2536],[1.22225,6.2568],[1.24157,6.22739],[1.24829,6.23322],[1.25316,6.25678],[1.2289,6.27319],[1.22218,6.28413],[1.20608,6.28085]]]}},{"id":"345","type":"Feature","properties":{"adm3_pcode":"TG030608","canton":"Togoville","centre_lon":1.46966,"centre_lat":6.25599},"geometry":{"type":"Polygon","coordinates":[[[1.52377,6.26582],[1.51874,6.27903],[1.51244,6.28117],[1.49492,6.27365],[1.47098,6.27655],[1.46439,6.2868],[1.46434,6.29238],[1.46026,6.29752],[1.45487,6.29768],[1.44065,6.29237],[1.43421,6.28559],[1.43074,6.27451],[1.40552,6.25701],[1.40536,6.25134],[1.41595,6.24715],[1.46174,6.21633],[1.47651,6.21215],[1.47982,6.21954],[1.48622,6.22338],[1.53679,6.2359],[1.5359,6.25024],[1.53166,6.25782],[1.53376,6.26345],[1.52377,6.26582]]]}},{"id":"346","type":"Feature","properties":{"adm3_pcode":"TG040806","canton":"Tohoun","centre_lon":1.60019,"centre_lat":7.05283},"geometry":{"type":"Polygon","coordinates":[[[1.64159,6.99399],[1.63751,7.12546],[1.63275,7.11951],[1.62553,7.11831],[1.61468,7.10425],[1.59018,7.10063],[1.57451,7.0934],[1.56849,7.07372],[1.56213,7.0716],[1.56647,7.06147],[1.55402,7.0442],[1.53434,7.04058],[1.53625,7.01307],[1.54986,7.01133],[1.55816,6.998],[1.58736,6.99761],[1.59098,6.99399],[1.64159,6.99399]]]}},{"id":"347","type":"Feature","properties":{"adm3_pcode":"TG030710","canton":"Tokpli","centre_lon":1.57326,"centre_lat":6.62775},"geometry":{"type":"Polygon","coordinates":[[[1.57769,6.68571],[1.55048,6.67423],[1.54469,6.65411],[1.54672,6.64294],[1.53735,6.6166],[1.56155,6.61516],[1.56931,6.6097],[1.57439,6.60311],[1.56811,6.58663],[1.57547,6.56921],[1.59204,6.57422],[1.63602,6.57795],[1.64108,6.58293],[1.63663,6.6005],[1.62701,6.60322],[1.6218,6.60128],[1.61243,6.61087],[1.61019,6.62488],[1.60303,6.63035],[1.60301,6.63694],[1.61152,6.64163],[1.60376,6.66634],[1.59356,6.67537],[1.59024,6.68415],[1.57769,6.68571]]]}},{"id":"348","type":"Feature","properties":{"adm3_pcode":"TG041209","canton":"Tome","centre_lon":0.65444,"centre_lat":6.81767},"geometry":{"type":"Polygon","coordinates":[[[0.6802,6.82172],[0.65782,6.83554],[0.6568,6.84549],[0.65018,6.84306],[0.6517,6.84626],[0.64892,6.84972],[0.63073,6.84646],[0.62672,6.83965],[0.6263,6.82702],[0.6312,6.81265],[0.62602,6.80585],[0.62024,6.80411],[0.61834,6.79843],[0.6265,6.78632],[0.6481,6.78501],[0.66851,6.80675],[0.68235,6.80943],[0.67797,6.81751],[0.6802,6.82172]]]}},{"id":"349","type":"Feature","properties":{"adm3_pcode":"TG040209","canton":"Tomegbe","centre_lon":0.59807,"centre_lat":7.51979},"geometry":{"type":"Polygon","coordinates":[[[0.66472,7.5228],[0.65648,7.52762],[0.65648,7.5465],[0.65367,7.55373],[0.64684,7.55936],[0.64511,7.56853],[0.6372,7.56659],[0.63319,7.56016],[0.63238,7.5469],[0.60065,7.5465],[0.58177,7.53646],[0.56892,7.53606],[0.56651,7.52963],[0.55607,7.53003],[0.53438,7.52039],[0.50987,7.51477],[0.5151,7.49147],[0.55285,7.48424],[0.60386,7.49027],[0.62234,7.47822],[0.62877,7.47019],[0.65769,7.49951],[0.66331,7.51116],[0.66472,7.5228]]]}},{"id":"350","type":"Feature","properties":{"adm3_pcode":"TG030711","canton":"Tomety-Kondji","centre_lon":1.54343,"centre_lat":6.82469},"geometry":{"type":"Polygon","coordinates":[[[1.57669,6.92209],[1.5777,6.90886],[1.55661,6.90183],[1.53201,6.85865],[1.51946,6.84761],[1.49937,6.83656],[1.47123,6.8301],[1.48672,6.76576],[1.49033,6.73677],[1.48636,6.73297],[1.49132,6.72804],[1.50668,6.73881],[1.53147,6.7664],[1.55705,6.77229],[1.57961,6.80032],[1.59751,6.80834],[1.59893,6.81263],[1.61504,6.82538],[1.61331,6.82881],[1.6037,6.82707],[1.59956,6.83186],[1.6019,6.85281],[1.59465,6.86756],[1.59635,6.8734],[1.60663,6.88339],[1.60386,6.89059],[1.60519,6.90605],[1.58248,6.91594],[1.57669,6.92209]]]}},{"id":"351","type":"Feature","properties":{"adm3_pcode":"TG041210","canton":"Tove","centre_lon":0.65532,"centre_lat":6.87142},"geometry":{"type":"Polygon","coordinates":[[[0.65146,6.9005],[0.64061,6.89695],[0.63156,6.88774],[0.62752,6.87837],[0.62194,6.88058],[0.6251,6.87058],[0.62023,6.85352],[0.63073,6.84646],[0.64892,6.84972],[0.65136,6.84272],[0.66749,6.85144],[0.67275,6.84595],[0.67414,6.85796],[0.68346,6.86601],[0.6907,6.88352],[0.69964,6.89247],[0.69162,6.90036],[0.65146,6.9005]]]}},{"id":"352","type":"Feature","properties":{"adm3_pcode":"TG030107","canton":"Tovegan","centre_lon":0.91557,"centre_lat":6.61629},"geometry":{"type":"Polygon","coordinates":[[[0.8801,6.70151],[0.87255,6.68993],[0.8662,6.6555],[0.85762,6.63534],[0.8414,6.61267],[0.83177,6.57636],[0.83939,6.57659],[0.85502,6.59073],[0.87529,6.59294],[0.88028,6.5828],[0.87539,6.56933],[0.87928,6.55918],[0.88809,6.55428],[0.89885,6.54087],[0.92033,6.52926],[0.93236,6.53908],[0.94545,6.56111],[0.9707,6.56423],[0.97301,6.56692],[0.97098,6.57448],[0.98749,6.56686],[0.99126,6.61279],[0.98662,6.61739],[0.97996,6.63493],[0.95071,6.64229],[0.94667,6.66182],[0.93268,6.67286],[0.93064,6.68559],[0.90662,6.70284],[0.8801,6.70151]]]}},{"id":"353","type":"Feature","properties":{"adm3_pcode":"TG030815","canton":"Tsevie","centre_lon":1.19878,"centre_lat":6.49364},"geometry":{"type":"Polygon","coordinates":[[[1.27407,6.39443],[1.28126,6.39936],[1.29004,6.4122],[1.28102,6.41766],[1.27928,6.42281],[1.26123,6.43305],[1.25131,6.44803],[1.24444,6.45058],[1.22413,6.49128],[1.21595,6.49812],[1.21826,6.51336],[1.2146,6.5381],[1.21638,6.55885],[1.21229,6.57106],[1.20457,6.57817],[1.20975,6.58807],[1.20907,6.59417],[1.1827,6.5896],[1.17421,6.55518],[1.16606,6.54535],[1.1634,6.53457],[1.17055,6.50054],[1.2072,6.44859],[1.19403,6.41355],[1.18492,6.40559],[1.19998,6.39718],[1.2363,6.4059],[1.25804,6.40752],[1.26311,6.40028],[1.27407,6.39443]]]}},{"id":"354","type":"Feature","properties":{"adm3_pcode":"TG030905","canton":"Vakpossito","centre_lon":1.16337,"centre_lat":6.21487},"geometry":{"type":"Polygon","coordinates":[[[1.16768,6.22387],[1.15354,6.22273],[1.15068,6.21302],[1.15556,6.21264],[1.16536,6.20424],[1.1664,6.20921],[1.17602,6.20728],[1.17607,6.21673],[1.16768,6.22387]]]}},{"id":"355","type":"Feature","properties":{"adm3_pcode":"TG041007","canton":"Veh","centre_lon":0.709,"centre_lat":7.67406},"geometry":{"type":"Polygon","coordinates":[[[0.7067,7.65395],[0.75333,7.66411],[0.76809,7.6751],[0.76676,7.69341],[0.7575,7.69012],[0.74804,7.67758],[0.74249,7.67552],[0.72035,7.68407],[0.67657,7.68528],[0.65213,7.69169],[0.65027,7.68319],[0.65306,7.66604],[0.7067,7.65395]]]}},{"id":"356","type":"Feature","properties":{"adm3_pcode":"TG030610","canton":"Vo-Koutime","centre_lon":1.53695,"centre_lat":6.39873},"geometry":{"type":"Polygon","coordinates":[[[1.52928,6.38813],[1.55316,6.37413],[1.55095,6.34245],[1.56088,6.3274],[1.57528,6.32598],[1.59711,6.31704],[1.59563,6.34972],[1.60541,6.34986],[1.60713,6.38193],[1.62007,6.37208],[1.62951,6.3722],[1.62654,6.38594],[1.6204,6.382],[1.60528,6.38442],[1.59577,6.39037],[1.58625,6.40283],[1.5771,6.40597],[1.57271,6.4042],[1.57607,6.39542],[1.57364,6.38363],[1.56275,6.38307],[1.56206,6.37815],[1.55802,6.37656],[1.55397,6.38147],[1.54531,6.39779],[1.5531,6.44071],[1.54921,6.44844],[1.55116,6.45176],[1.54872,6.46698],[1.54079,6.48126],[1.538,6.46467],[1.52463,6.45128],[1.52564,6.44055],[1.53618,6.43434],[1.53743,6.43063],[1.53049,6.41598],[1.52862,6.40247],[1.52928,6.38813]]]}},{"id":"357","type":"Feature","properties":{"adm3_pcode":"TG030609","canton":"Vogan","centre_lon":1.50165,"centre_lat":6.36047},"geometry":{"type":"Polygon","coordinates":[[[1.52961,6.40968],[1.53743,6.43063],[1.53618,6.43434],[1.52564,6.44055],[1.52463,6.45128],[1.51243,6.43435],[1.51245,6.42697],[1.5028,6.42132],[1.5047,6.40365],[1.49644,6.40451],[1.48749,6.39727],[1.47513,6.40112],[1.46576,6.39554],[1.46541,6.3685],[1.44914,6.35901],[1.44487,6.35041],[1.43982,6.34787],[1.45221,6.32606],[1.47727,6.29949],[1.46434,6.29238],[1.46439,6.2868],[1.47098,6.27655],[1.49492,6.27365],[1.51244,6.28117],[1.51874,6.27903],[1.52191,6.27157],[1.52587,6.27212],[1.52883,6.27564],[1.5243,6.28688],[1.52672,6.28959],[1.55136,6.28622],[1.55979,6.28203],[1.57522,6.29561],[1.60112,6.29801],[1.59711,6.31704],[1.57528,6.32598],[1.56088,6.3274],[1.55095,6.34245],[1.55401,6.3716],[1.54358,6.38176],[1.52928,6.38813],[1.52961,6.40968]]]}},{"id":"358","type":"Feature","properties":{"adm3_pcode":"TG040608","canton":"Wahala","centre_lon":1.28973,"centre_lat":7.20752},"geometry":{"type":"Polygon","coordinates":[[[1.45482,7.24001],[1.46767,7.28379],[1.46645,7.2968],[1.44587,7.29119],[1.42145,7.27551],[1.4094,7.25201],[1.41002,7.23946],[1.3981,7.22691],[1.36728,7.24119],[1.35063,7.2441],[1.27446,7.23506],[1.23304,7.21875],[1.22049,7.22251],[1.21044,7.2313],[1.19099,7.23946],[1.15953,7.23911],[1.1179,7.23078],[1.11207,7.22453],[1.10285,7.19935],[1.09791,7.19414],[1.0615,7.18957],[1.06672,7.17795],[1.07305,7.17904],[1.0779,7.16446],[1.09759,7.15209],[1.12753,7.14288],[1.15196,7.12514],[1.17003,7.13518],[1.17043,7.1396],[1.17967,7.15044],[1.20176,7.15325],[1.25157,7.14281],[1.2592,7.13879],[1.28692,7.1396],[1.29375,7.14241],[1.30941,7.14],[1.31744,7.13196],[1.34516,7.12152],[1.35078,7.12473],[1.3552,7.13317],[1.37207,7.14482],[1.3789,7.14],[1.38452,7.14964],[1.39577,7.15205],[1.41425,7.15004],[1.44207,7.13646],[1.44156,7.18579],[1.45602,7.19462],[1.47891,7.18981],[1.47891,7.20105],[1.46807,7.21431],[1.46807,7.22274],[1.45482,7.24001]]]}},{"id":"359","type":"Feature","properties":{"adm3_pcode":"TG010118","canton":"Waragni","centre_lon":1.00891,"centre_lat":8.25216},"geometry":{"type":"Polygon","coordinates":[[[1.04733,8.23543],[1.04192,8.25621],[1.04371,8.25981],[1.05211,8.26211],[1.05211,8.26713],[1.04127,8.27939],[1.03231,8.28175],[1.01015,8.27986],[1.00543,8.27043],[0.98058,8.26526],[0.96571,8.23412],[0.96913,8.22683],[0.99229,8.22357],[1.03065,8.22826],[1.04733,8.23543]]]}},{"id":"360","type":"Feature","properties":{"adm3_pcode":"TG020609","canton":"Warengo","centre_lon":1.11148,"centre_lat":10.08193},"geometry":{"type":"Polygon","coordinates":[[[1.13607,10.10242],[1.14264,10.11563],[1.1574,10.12983],[1.13493,10.14261],[1.09472,10.10735],[1.07864,10.0786],[1.06275,10.07348],[1.09518,10.04904],[1.14483,10.02238],[1.15039,10.02483],[1.15487,10.03556],[1.13607,10.10242]]]}},{"id":"361","type":"Feature","properties":{"adm3_pcode":"TG010512","canton":"Wassarabo","centre_lon":1.26141,"centre_lat":9.00373},"geometry":{"type":"Polygon","coordinates":[[[1.21882,9.00465],[1.23304,8.97407],[1.24168,8.96981],[1.27329,8.97873],[1.30229,8.97762],[1.31807,8.99602],[1.2919,9.0101],[1.28715,9.01997],[1.26054,9.03715],[1.25423,9.02915],[1.23273,9.01751],[1.21882,9.00465]]]}},{"id":"362","type":"Feature","properties":{"adm3_pcode":"TG010119","canton":"Welly","centre_lon":0.91581,"centre_lat":8.05353},"geometry":{"type":"Polygon","coordinates":[[[1.03376,7.96244],[1.03165,7.96836],[1.03392,7.97971],[1.02635,7.98539],[1.0237,7.99485],[1.03203,8.00545],[1.03165,8.00962],[1.02635,8.01567],[1.01424,8.01946],[1.01197,8.024],[1.01386,8.02968],[1.00894,8.03763],[1.01007,8.04671],[1.01462,8.05239],[1.00742,8.05883],[1.00818,8.06564],[1.00515,8.06904],[0.98812,8.07359],[0.9853,8.08159],[0.97459,8.0822],[0.96664,8.09053],[0.96134,8.10946],[0.94847,8.11665],[0.94468,8.12346],[0.93371,8.12914],[0.92104,8.11633],[0.90943,8.11285],[0.90102,8.11739],[0.8998,8.13162],[0.89284,8.1398],[0.88194,8.1401],[0.87831,8.14494],[0.86104,8.14646],[0.85257,8.11951],[0.84711,8.11587],[0.83379,8.09437],[0.83106,8.08256],[0.81865,8.05803],[0.81744,8.04744],[0.82773,8.03987],[0.85317,8.03593],[0.8618,8.03184],[0.86816,8.02215],[0.88451,7.95946],[0.91903,7.96461],[0.96325,7.98097],[0.98899,7.97158],[1.03376,7.96244]]]}},{"id":"363","type":"Feature","properties":{"adm3_pcode":"TG030816","canton":"Wli","centre_lon":1.12262,"centre_lat":6.39715},"geometry":{"type":"Polygon","coordinates":[[[1.18009,6.40922],[1.17504,6.41695],[1.16197,6.41622],[1.14707,6.42733],[1.13375,6.42566],[1.12556,6.41717],[1.10707,6.41207],[1.08742,6.41228],[1.07544,6.42021],[1.07431,6.39555],[1.07804,6.38754],[1.09808,6.37459],[1.11119,6.3762],[1.11694,6.37513],[1.12353,6.36826],[1.13334,6.36811],[1.14117,6.37451],[1.16331,6.37907],[1.1675,6.38493],[1.16795,6.38065],[1.17039,6.38064],[1.17166,6.4014],[1.18009,6.40922]]]}},{"id":"364","type":"Feature","properties":{"adm3_pcode":"TG041211","canton":"Wome","centre_lon":0.55814,"centre_lat":6.84773},"geometry":{"type":"Polygon","coordinates":[[[0.5476,6.82772],[0.56866,6.81319],[0.58814,6.85141],[0.58498,6.8611],[0.58161,6.8611],[0.5735,6.85205],[0.56708,6.85689],[0.5662,6.87899],[0.54923,6.8771],[0.53875,6.86991],[0.52802,6.84299],[0.53012,6.82583],[0.5476,6.82772]]]}},{"id":"365","type":"Feature","properties":{"adm3_pcode":"TG020715","canton":"Yade","centre_lon":1.14527,"centre_lat":9.59502},"geometry":{"type":"Polygon","coordinates":[[[1.11443,9.55363],[1.127,9.54922],[1.13597,9.55018],[1.14129,9.54298],[1.14647,9.54497],[1.14398,9.56299],[1.1459,9.58637],[1.15455,9.59438],[1.16384,9.61488],[1.1616,9.62513],[1.1643,9.64605],[1.14934,9.64223],[1.15231,9.62161],[1.13565,9.59566],[1.12476,9.56555],[1.11443,9.55363]]]}},{"id":"366","type":"Feature","properties":{"adm3_pcode":"TG041008","canton":"Yalla","centre_lon":0.66327,"centre_lat":7.82775},"geometry":{"type":"Polygon","coordinates":[[[0.61438,7.76102],[0.61925,7.76264],[0.62379,7.76945],[0.63667,7.77362],[0.64461,7.78952],[0.65105,7.79255],[0.66922,7.78952],[0.67414,7.7933],[0.67414,7.80012],[0.65786,7.81488],[0.66543,7.82358],[0.67527,7.82169],[0.69155,7.8039],[0.70366,7.79557],[0.71767,7.79633],[0.72638,7.80012],[0.73027,7.80716],[0.72411,7.81715],[0.70896,7.82964],[0.69231,7.8603],[0.66278,7.87052],[0.63625,7.89355],[0.61585,7.89058],[0.6219,7.85954],[0.61585,7.83646],[0.61357,7.79785],[0.60903,7.78611],[0.60941,7.77892],[0.61585,7.76908],[0.61438,7.76102]]]}},{"id":"367","type":"Feature","properties":{"adm3_pcode":"TG010120","canton":"Yaloumbe","centre_lon":1.09353,"centre_lat":8.33337},"geometry":{"type":"Polygon","coordinates":[[[1.06865,8.38716],[1.06012,8.37227],[1.05494,8.34916],[1.05635,8.32323],[1.05352,8.30673],[1.06578,8.28835],[1.10491,8.27845],[1.1101,8.28505],[1.11764,8.31098],[1.1266,8.32135],[1.13414,8.34115],[1.13569,8.36807],[1.1145,8.37648],[1.06865,8.38716]]]}},{"id":"368","type":"Feature","properties":{"adm3_pcode":"TG010121","canton":"Yegue","centre_lon":0.70692,"centre_lat":8.16214},"geometry":{"type":"Polygon","coordinates":[[[0.6841,8.06973],[0.68927,8.08643],[0.68903,8.09758],[0.69314,8.09855],[0.69605,8.09346],[0.70501,8.09225],[0.7038,8.09443],[0.71592,8.09661],[0.71737,8.11066],[0.73505,8.12738],[0.76098,8.12229],[0.75977,8.13343],[0.75032,8.12834],[0.74571,8.13053],[0.74571,8.1344],[0.75613,8.14022],[0.73457,8.14215],[0.73457,8.14555],[0.74741,8.15306],[0.75322,8.14458],[0.76219,8.14579],[0.77042,8.15306],[0.78674,8.15983],[0.7852,8.17292],[0.77069,8.18056],[0.74993,8.16982],[0.7447,8.17021],[0.72202,8.18106],[0.69857,8.18746],[0.67018,8.18174],[0.67173,8.21062],[0.68045,8.22651],[0.64363,8.25868],[0.6258,8.23213],[0.62386,8.22069],[0.63529,8.18969],[0.62618,8.15538],[0.61824,8.14588],[0.60758,8.14336],[0.59547,8.13552],[0.5912,8.10761],[0.60419,8.1047],[0.62667,8.11904],[0.6443,8.12098],[0.65206,8.12524],[0.65942,8.1235],[0.66524,8.11168],[0.66729,8.09799],[0.67112,8.10026],[0.67612,8.09212],[0.67622,8.07346],[0.6787,8.06959],[0.6841,8.06973]]]}},{"id":"369","type":"Feature","properties":{"adm3_pcode":"TG040405","canton":"Yikpa","centre_lon":0.61655,"centre_lat":7.12921},"geometry":{"type":"Polygon","coordinates":[[[0.61312,7.09517],[0.63073,7.11637],[0.63501,7.12592],[0.63468,7.1325],[0.62103,7.14895],[0.61741,7.16556],[0.59824,7.13277],[0.59824,7.12153],[0.61312,7.09517]]]}},{"id":"370","type":"Feature","properties":{"adm3_pcode":"TG041212","canton":"Yokele","centre_lon":0.68001,"centre_lat":6.93795},"geometry":{"type":"Polygon","coordinates":[[[0.64847,6.90766],[0.65146,6.9005],[0.69149,6.90037],[0.69411,6.91693],[0.70344,6.92048],[0.7048,6.93269],[0.71786,6.94122],[0.72785,6.95676],[0.74114,6.95637],[0.75075,6.97322],[0.74711,6.97667],[0.74003,6.97186],[0.72889,6.95796],[0.70764,6.95828],[0.70521,6.95115],[0.69808,6.94944],[0.66629,6.95047],[0.65231,6.95399],[0.6486,6.94985],[0.64983,6.94451],[0.64511,6.94129],[0.64935,6.93693],[0.64847,6.90766]]]}},{"id":"371","type":"Feature","properties":{"adm3_pcode":"TG030712","canton":"Zafi","centre_lon":1.29182,"centre_lat":6.70973},"geometry":{"type":"Polygon","coordinates":[[[1.3471,6.69137],[1.33588,6.70731],[1.33327,6.71889],[1.33275,6.74463],[1.34775,6.75198],[1.349,6.76229],[1.33901,6.80923],[1.285,6.76911],[1.27567,6.75667],[1.27727,6.74929],[1.25998,6.74448],[1.24569,6.71943],[1.24832,6.70529],[1.25693,6.69673],[1.29991,6.68272],[1.30293,6.67758],[1.30048,6.64067],[1.29323,6.62691],[1.30613,6.61966],[1.3508,6.60951],[1.37311,6.61258],[1.38038,6.62033],[1.37734,6.6332],[1.3471,6.69137]]]}},{"id":"372","type":"Feature","properties":{"adm3_pcode":"TG030906","canton":"Zanguera","centre_lon":1.12627,"centre_lat":6.2358},"geometry":{"type":"Polygon","coordinates":[[[1.12403,6.24598],[1.12373,6.2526],[1.11465,6.2589],[1.09984,6.25864],[1.09801,6.25395],[1.10425,6.24435],[1.10398,6.23942],[1.09071,6.22344],[1.11983,6.22421],[1.12945,6.21685],[1.13346,6.21856],[1.15068,6.21302],[1.15354,6.22273],[1.16768,6.22387],[1.17706,6.23423],[1.17165,6.23438],[1.16567,6.23935],[1.16331,6.23691],[1.16683,6.23393],[1.16125,6.23313],[1.14251,6.23943],[1.13725,6.24713],[1.12403,6.24598]]]}}]}