{"type": "FeatureCollection", "features": [{"id": "0", "type": "Feature", "properties": {"pcode": "TG0101", "prefecture": "Blitta", "prefecture_codab": "Blitta", "region": "Centrale", "region_pcode": "TG01", "population": 163272, "superficie_km2": 3129.5747872042175, "area_sqkm": 3127.99968538, "densite_hab_km2": 52.170665697961425, "centre_lon": 0.9328853482964601, "centre_lat": 8.152462000000053}, "geometry": {"type": "Polygon", "coordinates": [[[0.771854, 8.412714000000108], [0.772351000000185, 8.388966], [0.738135000000113, 8.369339], [0.723291, 8.374291000000142], [0.713601000000153, 8.36308], [0.714718, 8.357329], [0.721972, 8.352693000000158], [0.71986, 8.342965000000106], [0.730203000000188, 8.331655], [0.730207000000121, 8.30308100000019], [0.72454, 8.283257], [0.693127, 8.280558], [0.684846, 8.27583200000015], [0.67553, 8.262823], [0.641107, 8.257323], [0.631998, 8.237943000000143], [0.625796, 8.2321290000001], [0.623868, 8.22067], [0.594459, 8.205330000000174], [0.589538000000175, 8.196624000000156], [0.591431000000114, 8.187539], [0.59938, 8.178833], [0.603165, 8.161421000000132], [0.602889000000118, 8.140327], [0.595465000000104, 8.13551600000011], [0.591052, 8.108427000000177], [0.592188, 8.071331], [0.598623000000146, 8.04597], [0.59673, 8.038021000000128], [0.607221, 8.003678], [0.601083, 7.999979], [0.597677, 7.975753], [0.609411, 7.92351600000012], [0.613575, 7.920867000000158], [0.611682, 7.906861], [0.615846, 7.89096300000017], [0.66619, 7.893991], [0.678681, 7.897019000000114], [0.684927000000187, 7.902129000000173], [0.700068000000101, 7.921056], [0.690565, 7.942659], [0.689687, 7.95151600000014], [0.692876, 7.959666], [0.70139300000011, 7.963262000000157], [0.709532000000138, 7.964587], [0.712645000000123, 7.951861], [0.734354, 7.947266], [0.773065, 7.932354], [0.809274, 7.942443000000139], [0.820629, 7.948499], [0.825929000000144, 7.95379800000012], [0.831606, 7.968182000000127], [0.83014, 7.974391000000139], [0.833878, 7.993922000000168], [0.831594000000109, 7.998616], [0.835228, 8.006611], [0.833532, 8.01654400000018], [0.837123, 8.038742], [0.861801, 8.031840000000102], [0.868160000000103, 8.02215], [0.884512, 7.959465], [0.919034000000181, 7.964613], [0.963246, 7.980966], [0.988986000000125, 7.971578], [1.029867, 7.964311], [1.05928200000011, 7.94980900000013], [1.074423, 7.949052], [1.141801000000157, 7.961922000000129], [1.169812, 7.985391], [1.18571, 7.989933000000178], [1.195552, 8.000532000000135], [1.197445000000187, 8.015294000000154], [1.21675, 8.033464], [1.234763, 8.032282], [1.250998, 8.056770000000142], [1.252210000000161, 8.069125], [1.2481, 8.082007000000146], [1.230416000000105, 8.09194], [1.230416000000105, 8.095573000000115], [1.233807000000184, 8.098965], [1.247858000000122, 8.099692], [1.255476, 8.103631000000178], [1.256449, 8.13247600000011], [1.263717000000156, 8.157913000000121], [1.264443, 8.186257000000182], [1.260325000000137, 8.199097000000108], [1.246274, 8.210483], [1.24288300000012, 8.220415], [1.247023000000183, 8.239024], [1.260182, 8.245829000000185], [1.251493, 8.265536], [1.240084000000138, 8.275050000000135], [1.229976000000136, 8.295894], [1.229292, 8.346923], [1.235369000000105, 8.359717000000103], [1.219601000000182, 8.36263700000012], [1.176456000000144, 8.380823], [1.161542000000168, 8.366641], [1.133513, 8.368143], [1.114496, 8.376484], [1.063965000000167, 8.388362], [1.055357, 8.393268], [1.009775000000161, 8.383593], [0.96596, 8.38247], [0.944295, 8.378758], [0.932068000000186, 8.384543000000178], [0.925289, 8.384957000000156], [0.919441, 8.380428], [0.909032, 8.383972], [0.90210500000012, 8.382554], [0.895138, 8.387661], [0.887925000000109, 8.384923000000185], [0.882941, 8.387596], [0.864907, 8.381201], [0.864051, 8.377714], [0.771854, 8.412714000000108]]]}}, {"id": "1", "type": "Feature", "properties": {"pcode": "TG0102", "prefecture": "Mô", "prefecture_codab": "Plaine du Mo", "region": "Centrale", "region_pcode": "TG01", "population": 52448, "superficie_km2": 1255.64506439807, "area_sqkm": 1254.47395337, "densite_hab_km2": 41.76976558669665, "centre_lon": 0.5485028156904077, "centre_lat": 8.765049500000064}, "geometry": {"type": "Polygon", "coordinates": [[[0.693199000000163, 9.010212], [0.696111, 9.012447], [0.691060000000107, 9.014805000000138], [0.685054, 9.012803], [0.665040000000147, 8.982802], [0.642270000000167, 8.981516], [0.63381, 8.964900000000114], [0.632020000000125, 8.947379000000126], [0.613584, 8.928333], [0.584165, 8.915366], [0.578042, 8.905863000000181], [0.579043000000127, 8.898298], [0.590985, 8.891278000000113], [0.590903000000139, 8.879447000000141], [0.582949000000156, 8.876663], [0.559926000000189, 8.878665000000126], [0.54991600000011, 8.871158], [0.539388000000145, 8.851194], [0.524682000000155, 8.844945], [0.502367000000163, 8.841127], [0.497362000000123, 8.812598], [0.471335000000124, 8.796581000000174], [0.46583, 8.796081000000186], [0.455319, 8.808594], [0.451815, 8.809094], [0.432296000000122, 8.798083], [0.43780100000015, 8.790575000000104], [0.434798, 8.784068000000104], [0.42679, 8.784068000000104], [0.418782, 8.794079000000124], [0.41327600000011, 8.795080000000155], [0.408271, 8.792077000000177], [0.391253, 8.791576000000134], [0.385748, 8.786571], [0.384246000000132, 8.779564000000107], [0.395758000000171, 8.760044000000107], [0.386248, 8.757541000000117], [0.384747000000175, 8.752036], [0.376739, 8.74903300000011], [0.387750000000153, 8.724508], [0.434298, 8.662945], [0.472837, 8.59787800000015], [0.491356, 8.59787800000015], [0.503368, 8.578858], [0.513378000000102, 8.569349], [0.518884, 8.567847000000143], [0.532898000000159, 8.573853], [0.536903, 8.559338], [0.558424000000116, 8.550329], [0.578445, 8.526805000000138], [0.585452000000146, 8.5218], [0.614982000000111, 8.513291], [0.630498000000102, 8.524303], [0.682551, 8.542822], [0.788113000000124, 8.638807000000156], [0.777148, 8.651433000000168], [0.764635000000169, 8.65844], [0.74912, 8.681964000000164], [0.72059, 8.702986000000124], [0.707069, 8.707814], [0.698067, 8.83412], [0.710080000000175, 8.849636], [0.742112, 8.860647], [0.740704, 8.87004], [0.717837, 8.892429000000106], [0.712832000000105, 8.906944000000124], [0.712832000000105, 8.946485], [0.707827, 8.978517], [0.693199000000163, 9.010212]]]}}, {"id": "2", "type": "Feature", "properties": {"pcode": "TG0103", "prefecture": "Sotouboua", "prefecture_codab": "Sotouboua", "region": "Centrale", "region_pcode": "TG01", "population": 138864, "superficie_km2": 3147.691301585594, "area_sqkm": 3146.16396622, "densite_hab_km2": 44.116143133238545, "centre_lon": 0.9612281202975822, "centre_lat": 8.705187000000063}, "geometry": {"type": "Polygon", "coordinates": [[[0.78036, 9.050048000000118], [0.773672, 9.053793000000155], [0.767489, 9.052809], [0.756589, 9.044698], [0.747063, 9.045586], [0.734638000000132, 9.053081], [0.722341, 9.040227000000186], [0.713912000000164, 9.017933000000141], [0.709655000000168, 9.013647000000105], [0.693199000000163, 9.010212], [0.707827, 8.978517], [0.712832000000105, 8.946485], [0.712832000000105, 8.906944000000124], [0.717837, 8.892429000000106], [0.740704, 8.87004], [0.742112, 8.860647], [0.710080000000175, 8.849636], [0.698067, 8.83412], [0.707069, 8.707814], [0.72059, 8.702986000000124], [0.74912, 8.681964000000164], [0.764635000000169, 8.65844], [0.777148, 8.651433000000168], [0.788113000000124, 8.638807000000156], [0.682551, 8.542822], [0.630498000000102, 8.524303], [0.616985, 8.513291], [0.624492, 8.509287], [0.628496, 8.50027800000015], [0.644513000000131, 8.491269000000102], [0.649518000000171, 8.483261], [0.656142, 8.462439000000188], [0.658527, 8.430707], [0.66453300000012, 8.419696000000158], [0.685554, 8.409685], [0.697567000000106, 8.397673000000168], [0.708078, 8.39617200000015], [0.708578, 8.387663], [0.714084000000184, 8.384159], [0.714441, 8.364052000000129], [0.723291, 8.374291000000142], [0.738135000000113, 8.369339], [0.772351000000185, 8.388966], [0.771854, 8.412714000000108], [0.864051, 8.377714], [0.864907, 8.381201], [0.882941, 8.387596], [0.887925000000109, 8.384923000000185], [0.895138, 8.387661], [0.90210500000012, 8.382554], [0.909032, 8.383972], [0.919441, 8.380428], [0.925289, 8.384957000000156], [0.932068000000186, 8.384543000000178], [0.944295, 8.378758], [0.96596, 8.38247], [1.009775000000161, 8.383593], [1.055357, 8.393268], [1.063965000000167, 8.388362], [1.114496, 8.376484], [1.133513, 8.368143], [1.161542000000168, 8.366641], [1.176456000000144, 8.380823], [1.219601000000182, 8.36263700000012], [1.235369000000105, 8.359717000000103], [1.228949, 8.37843000000015], [1.235197, 8.395966000000158], [1.235375, 8.41398], [1.226982, 8.448760000000107], [1.229463000000123, 8.46593200000018], [1.238025000000107, 8.481686], [1.227065000000152, 8.512166], [1.23186, 8.528947], [1.235970000000123, 8.53271500000011], [1.252066000000127, 8.536139000000105], [1.268676, 8.548297000000105], [1.268676, 8.555489], [1.263539000000151, 8.557886000000167], [1.251960000000111, 8.5555710000001], [1.242648, 8.5614920000001], [1.250082000000134, 8.584425], [1.257069, 8.588958000000162], [1.262125, 8.600557], [1.253436, 8.639602], [1.268371000000116, 8.657367], [1.262874000000181, 8.668202000000122], [1.255527, 8.668169], [1.239102, 8.675405000000126], [1.233458, 8.673691], [1.212495, 8.684280000000115], [1.203388, 8.726799], [1.19805, 8.736504], [1.178056, 8.74277300000017], [1.177540000000135, 8.745439000000147], [1.149345000000153, 8.744562], [1.131529, 8.739298], [1.110665, 8.748809], [1.103941, 8.755432], [1.090559, 8.755365], [1.077963000000182, 8.747165000000109], [1.063846, 8.745614], [1.040674, 8.769901000000118], [1.030247, 8.773545000000183], [1.015642000000128, 8.787322], [0.980106, 8.787822], [0.973599, 8.784819], [0.970596000000171, 8.770304], [0.962588000000153, 8.769804], [0.961087000000134, 8.77581], [0.951076000000114, 8.784319], [0.935060000000135, 8.792327000000114], [0.932057000000157, 8.801837], [0.94507, 8.835872], [0.955080000000123, 8.84738300000015], [0.96409, 8.869906000000128], [0.966092000000174, 8.887424], [0.962588000000153, 8.89343], [0.952205000000106, 8.904768], [0.923174, 8.909784], [0.903050000000121, 8.917806], [0.87655, 9.001986000000159], [0.842, 9.012555000000134], [0.822001, 9.013383], [0.785748000000183, 9.025471000000152], [0.78036, 9.050048000000118]]]}}, {"id": "3", "type": "Feature", "properties": {"pcode": "TG0104", "prefecture": "Tchamba", "prefecture_codab": "Tchamba", "region": "Centrale", "region_pcode": "TG01", "population": 200585, "superficie_km2": 3197.0867648207154, "area_sqkm": 3197.3384249, "densite_hab_km2": 62.73993005355558, "centre_lon": 1.4772444824100472, "centre_lat": 8.818851000000063}, "geometry": {"type": "Polygon", "coordinates": [[[1.625876000000119, 8.972279000000128], [1.623821, 8.974677000000156], [1.629986, 8.998992], [1.62450600000011, 9.042144000000178], [1.615602, 9.062693], [1.617657, 9.071597000000168], [1.598136000000125, 9.110981], [1.578957, 9.131872], [1.559436000000119, 9.169887000000188], [1.526324000000102, 9.190437], [1.485207000000173, 9.234338], [1.475421, 9.240771000000166], [1.462011, 9.25472800000017], [1.452966, 9.274766], [1.444623, 9.284278000000143], [1.437138000000175, 9.276559], [1.430745, 9.263148000000115], [1.420570000000168, 9.229504000000134], [1.410551, 9.219095], [1.396555, 9.195743], [1.396087, 9.17718600000012], [1.39079, 9.159748], [1.411188000000152, 9.131889000000172], [1.410460000000114, 9.120228000000111], [1.397446000000173, 9.098995], [1.389912000000152, 9.068515], [1.377913000000149, 9.05779200000012], [1.36283, 9.033542], [1.355097, 9.033245], [1.350338000000136, 9.029378000000122], [1.35242, 9.024322000000154], [1.37562000000014, 9.003501], [1.380075000000147, 8.991143], [1.376215000000172, 8.98149100000012], [1.368184, 8.972271], [1.355989000000136, 8.968999000000167], [1.3084, 8.97465], [1.295016, 8.967809000000102], [1.2968, 8.940148], [1.284605, 8.90570600000018], [1.283178, 8.8693], [1.284843, 8.862399], [1.306068, 8.851073], [1.310256, 8.844601000000182], [1.324152, 8.816047], [1.326627, 8.801961000000176], [1.322629, 8.797392000000116], [1.31339700000018, 8.795013], [1.307305, 8.787018000000103], [1.306164, 8.762272], [1.278657000000123, 8.743521], [1.272375, 8.735907000000168], [1.277294000000154, 8.719531000000188], [1.273428, 8.712392000000136], [1.259746, 8.703469], [1.26272100000017, 8.687110000000132], [1.26985900000011, 8.674023], [1.270156000000156, 8.664803], [1.265100000000189, 8.651716000000135], [1.253436, 8.639602], [1.262125, 8.600557], [1.257069, 8.588958000000162], [1.250082000000134, 8.584425], [1.242648, 8.5614920000001], [1.251960000000111, 8.5555710000001], [1.263539000000151, 8.557886000000167], [1.268676, 8.555489], [1.268676, 8.548297000000105], [1.252066000000127, 8.536139000000105], [1.235970000000123, 8.53271500000011], [1.228435000000161, 8.520728], [1.227065000000152, 8.512166], [1.238025000000107, 8.481686], [1.227750000000128, 8.460795], [1.226982, 8.448760000000107], [1.235375, 8.41398], [1.235197, 8.395966000000158], [1.228949, 8.37843000000015], [1.244703, 8.372951000000114], [1.277580000000171, 8.372608000000184], [1.28785500000015, 8.366444000000115], [1.3108, 8.366101000000185], [1.320047000000102, 8.357882000000131], [1.33854, 8.359594], [1.357377, 8.351032], [1.384775000000161, 8.355142], [1.388884000000132, 8.358909], [1.404981000000134, 8.362676000000135], [1.454982, 8.363704], [1.469366, 8.368156], [1.48342, 8.382397], [1.50068, 8.40322], [1.513009000000125, 8.428152000000125], [1.52479, 8.437741000000187], [1.593833, 8.455276], [1.619587, 8.47007], [1.650192000000118, 8.478432], [1.649164000000155, 8.490761], [1.637504000000149, 8.508925], [1.628616, 8.647614], [1.631698, 8.679464], [1.633582, 8.796077], [1.628958, 8.830495], [1.632726, 8.860291], [1.622109, 8.955156], [1.625876000000119, 8.972279000000128]]]}}, {"id": "4", "type": "Feature", "properties": {"pcode": "TG0105", "prefecture": "Tchaoudjo", "prefecture_codab": "Tchaoudjo", "region": "Centrale", "region_pcode": "TG01", "population": 240360, "superficie_km2": 2396.1397239886956, "area_sqkm": 2395.63423124, "densite_hab_km2": 100.31134561714481, "centre_lon": 1.1298563695739965, "centre_lat": 8.992328}, "geometry": {"type": "Polygon", "coordinates": [[[1.420570000000168, 9.229504000000134], [1.437138000000175, 9.276559], [1.444546000000116, 9.284207000000151], [1.421417, 9.306945000000155], [1.413042, 9.324488], [1.384267, 9.304375000000107], [1.378238, 9.286177], [1.377037000000144, 9.26976], [1.371431, 9.26976], [1.367828, 9.266157], [1.36022, 9.251742], [1.342602, 9.252543], [1.313772000000142, 9.245736], [1.288939000000141, 9.253175], [1.268120000000124, 9.249331], [1.210066000000154, 9.222912], [1.203660000000184, 9.226516000000174], [1.198132, 9.235635000000116], [1.185196000000133, 9.235491], [1.159615, 9.216506], [1.113167, 9.227317], [1.076730000000111, 9.229319], [1.040912, 9.213596], [1.017876, 9.213641], [1.006583, 9.20991], [0.993299, 9.20037], [0.98534, 9.175714], [0.987628, 9.107570000000123], [1.003082, 9.068843000000186], [1.000278, 9.059288], [0.98362, 9.052488], [0.966562000000124, 9.026796], [0.949609, 9.01553], [0.87326800000011, 9.004134], [0.87655, 9.001986000000159], [0.884087, 8.982036000000107], [0.903050000000121, 8.917806], [0.923174, 8.909784], [0.952205000000106, 8.904768], [0.966092000000174, 8.887424], [0.960586, 8.859396], [0.955080000000123, 8.84738300000015], [0.94507, 8.835872], [0.934059, 8.811346], [0.932057000000157, 8.801837], [0.935060000000135, 8.792327000000114], [0.951076000000114, 8.784319], [0.961087000000134, 8.77581], [0.962588000000153, 8.769804], [0.970596000000171, 8.770304], [0.973599, 8.784819], [0.980106, 8.787822], [1.015642000000128, 8.787322], [1.030247, 8.773545000000183], [1.040674, 8.769901000000118], [1.063846, 8.745614], [1.077963000000182, 8.747165000000109], [1.090559, 8.755365], [1.103941, 8.755432], [1.110665, 8.748809], [1.131529, 8.739298], [1.149345000000153, 8.744562], [1.177540000000135, 8.745439000000147], [1.178056, 8.74277300000017], [1.19805, 8.736504], [1.203388, 8.726799], [1.212495, 8.684280000000115], [1.233458, 8.673691], [1.239102, 8.675405000000126], [1.255527, 8.668169], [1.262874000000181, 8.668202000000122], [1.268684, 8.658666], [1.26985900000011, 8.674023], [1.26272100000017, 8.687110000000132], [1.259746, 8.703469], [1.273428, 8.712392000000136], [1.277294000000154, 8.719531000000188], [1.272375, 8.735907000000168], [1.278657000000123, 8.743521], [1.306164, 8.762272], [1.307305, 8.787018000000103], [1.31339700000018, 8.795013], [1.322629, 8.797392000000116], [1.326627, 8.801961000000176], [1.324152, 8.816047], [1.310256, 8.844601000000182], [1.306068, 8.851073], [1.284843, 8.862399], [1.283178, 8.8693], [1.284605, 8.90570600000018], [1.2968, 8.940148], [1.295016, 8.967809000000102], [1.3084, 8.97465], [1.355989000000136, 8.968999000000167], [1.368184, 8.972271], [1.376215000000172, 8.98149100000012], [1.380075000000147, 8.991143], [1.37562000000014, 9.003501], [1.35242, 9.024322000000154], [1.350338000000136, 9.029378000000122], [1.355097, 9.033245], [1.36283, 9.033542], [1.377913000000149, 9.05779200000012], [1.389912000000152, 9.068515], [1.397446000000173, 9.098995], [1.410460000000114, 9.120228000000111], [1.411188000000152, 9.131889000000172], [1.39079, 9.160356], [1.396087, 9.17718600000012], [1.396555, 9.195743], [1.410551, 9.219095], [1.420570000000168, 9.229504000000134]]]}}, {"id": "5", "type": "Feature", "properties": {"pcode": "TG0201", "prefecture": "Assoli", "prefecture_codab": "Assoli", "region": "Kara", "region_pcode": "TG02", "population": 66394, "superficie_km2": 933.2733633455831, "area_sqkm": 933.10907332, "densite_hab_km2": 71.14099963379633, "centre_lon": 1.1847932944724664, "centre_lat": 9.336700000000052}, "geometry": {"type": "Polygon", "coordinates": [[[1.348208000000113, 9.453148], [1.339398000000187, 9.461557], [1.330189, 9.461557], [1.328054000000179, 9.438587000000155], [1.29324, 9.429272], [1.229611, 9.444127], [1.213194000000158, 9.444528], [1.203184, 9.437320000000113], [1.191572000000122, 9.422105000000158], [1.166524, 9.416159], [1.159028, 9.40927900000014], [1.148327000000108, 9.408091], [1.131911, 9.412095], [1.126305000000173, 9.406489], [1.119387000000131, 9.405215000000112], [1.114693, 9.398481], [1.10228, 9.391273000000126], [1.096274000000165, 9.380062000000123], [1.093471, 9.362844000000166], [1.080258000000185, 9.366448000000105], [1.06704400000018, 9.390873], [1.057835000000125, 9.402485000000183], [1.053430000000162, 9.402885], [1.0501900000001, 9.409544], [1.031007000000102, 9.405688000000168], [1.010987, 9.412095], [1.001377, 9.422505], [0.984159, 9.452536], [0.971346, 9.403286], [0.957732, 9.386068], [0.954129000000137, 9.370852000000127], [0.957489000000123, 9.338373000000104], [0.973729, 9.331840000000113], [0.979254, 9.326653], [0.984333, 9.313726], [0.988974, 9.313867000000187], [0.990394, 9.309035], [0.998765000000105, 9.304419], [1.009939, 9.290866], [1.026168, 9.28574900000018], [1.03346, 9.259757], [1.033105000000148, 9.237982000000159], [1.024645, 9.217110000000162], [1.017876, 9.213641], [1.040912, 9.213596], [1.070724, 9.227717], [1.082736, 9.230120000000113], [1.113167, 9.227317], [1.159615, 9.216506], [1.185196000000133, 9.235491], [1.198132, 9.235635000000116], [1.203660000000184, 9.226516000000174], [1.210066000000154, 9.222912], [1.268120000000124, 9.249331], [1.288939000000141, 9.253175], [1.313772000000142, 9.245736], [1.342602, 9.252543], [1.36022, 9.251742], [1.367828, 9.266157], [1.371431, 9.26976], [1.377037000000144, 9.26976], [1.378238, 9.286177], [1.384267, 9.304375000000107], [1.413074, 9.325017000000116], [1.403064000000143, 9.355048000000124], [1.39825900000011, 9.453949], [1.375836, 9.461156], [1.348208000000113, 9.453148]]]}}, {"id": "6", "type": "Feature", "properties": {"pcode": "TG0202", "prefecture": "Bassar", "prefecture_codab": "Bassar", "region": "Kara", "region_pcode": "TG02", "population": 152065, "superficie_km2": 3456.8967236852554, "area_sqkm": 3454.42905592, "densite_hab_km2": 43.98887561728768, "centre_lon": 0.7685996046066437, "centre_lat": 9.2515535}, "geometry": {"type": "Polygon", "coordinates": [[[0.873996000000147, 9.661210000000153], [0.870637, 9.664502], [0.85551, 9.643111], [0.831691000000149, 9.629375], [0.828176, 9.630673], [0.819807, 9.650611], [0.812175, 9.650865], [0.797956, 9.63139000000018], [0.797806, 9.607462000000112], [0.791802000000189, 9.591977], [0.784846000000186, 9.582241000000181], [0.776011, 9.580064], [0.759988, 9.603585000000123], [0.749601, 9.605334], [0.729554000000121, 9.602362], [0.730451, 9.616674000000103], [0.738447000000178, 9.628598000000125], [0.720631, 9.63477], [0.709822000000145, 9.642877000000112], [0.704989000000126, 9.613824], [0.687423, 9.594021], [0.678712000000189, 9.560140000000104], [0.664942, 9.556636], [0.654624, 9.548592000000156], [0.662088000000153, 9.542921], [0.671867000000134, 9.527761000000169], [0.677652, 9.504917], [0.699087, 9.483859], [0.688616, 9.480398], [0.684985, 9.476012], [0.644268, 9.47065300000014], [0.582461000000137, 9.48065], [0.559068, 9.475885000000176], [0.550262000000146, 9.461772], [0.539223000000163, 9.429188000000181], [0.547833, 9.425211000000104], [0.562277, 9.404019000000119], [0.56387100000012, 9.383691], [0.556401, 9.358554], [0.543658000000107, 9.34143100000017], [0.548097, 9.319696], [0.544829, 9.31021], [0.534875000000113, 9.303044000000114], [0.508439, 9.269266], [0.502897000000132, 9.244623], [0.526513000000136, 9.204567000000111], [0.514701000000173, 9.191238000000169], [0.500142, 9.162274], [0.487826000000155, 9.153199], [0.470730000000117, 9.146929], [0.468863, 9.141711], [0.476234, 9.109115], [0.473223000000189, 9.100412], [0.460195000000112, 9.088185], [0.455545000000143, 9.07253900000012], [0.452893, 9.043659000000105], [0.453961, 9.027106], [0.460740000000101, 9.010593], [0.516085, 8.920596000000103], [0.516701, 8.899780000000135], [0.526798, 8.884233], [0.52689, 8.870511], [0.519281, 8.869988], [0.517483000000141, 8.854361], [0.503776, 8.841021], [0.539388000000145, 8.851194], [0.54991600000011, 8.871158], [0.559926000000189, 8.878665000000126], [0.582949000000156, 8.876663], [0.590903000000139, 8.879447000000141], [0.590985, 8.891278000000113], [0.579043000000127, 8.898298], [0.578042, 8.905863000000181], [0.584165, 8.915366], [0.613584, 8.928333], [0.632020000000125, 8.947379000000126], [0.63381, 8.964900000000114], [0.642270000000167, 8.981516], [0.665040000000147, 8.982802], [0.685054, 9.012803], [0.709655000000168, 9.013647000000105], [0.722341, 9.040227000000186], [0.734638000000132, 9.053081], [0.747063, 9.045586], [0.756589, 9.044698], [0.767489, 9.052809], [0.773672, 9.053793000000155], [0.78036, 9.050048000000118], [0.785748000000183, 9.025471000000152], [0.792891, 9.025041000000101], [0.809604000000149, 9.016622], [0.842, 9.012555000000134], [0.86633200000017, 9.003704], [0.949609, 9.01553], [0.966562000000124, 9.026796], [0.98362, 9.052488], [0.992886, 9.054278000000124], [1.002161, 9.063158], [1.001143, 9.074985], [0.991038, 9.09386300000017], [0.987628, 9.107570000000123], [0.98534, 9.175714], [0.993299, 9.20037], [1.006583, 9.20991], [1.024645, 9.217110000000162], [1.033105000000148, 9.237982000000159], [1.03346, 9.259757], [1.026168, 9.28574900000018], [1.009939, 9.290866], [0.998765000000105, 9.304419], [0.990394, 9.309035], [0.988974, 9.313867000000187], [0.984333, 9.313726], [0.979254, 9.326653], [0.973729, 9.331840000000113], [0.957489000000123, 9.338373000000104], [0.954129000000137, 9.370852000000127], [0.957732, 9.386068], [0.971346, 9.403286], [0.983833, 9.45176000000015], [0.978954000000158, 9.452136000000166], [0.975751000000173, 9.458943], [0.988164000000154, 9.48537000000016], [0.98456, 9.489374000000169], [0.986962000000176, 9.496181], [0.981757, 9.501386], [0.990166, 9.517803000000129], [0.997773000000109, 9.521006000000114], [1.006983, 9.53502], [1.010587, 9.569055], [1.007784, 9.59348], [0.97455, 9.605493], [0.966541000000177, 9.610698000000184], [0.95893400000017, 9.62271], [0.939313, 9.623911], [0.9300530000001, 9.619903], [0.913277, 9.633527], [0.916908, 9.645495], [0.9126720000001, 9.654348], [0.899292, 9.658526000000109], [0.895927, 9.662765], [0.873996000000147, 9.661210000000153]]]}}, {"id": "7", "type": "Feature", "properties": {"pcode": "TG0203", "prefecture": "Binah", "prefecture_codab": "Binah", "region": "Kara", "region_pcode": "TG02", "population": 84199, "superficie_km2": 580.7894660430001, "area_sqkm": 580.75810469, "densite_hab_km2": 144.97335940622267, "centre_lon": 1.281494829466373, "centre_lat": 9.754271500000085}, "geometry": {"type": "Polygon", "coordinates": [[[1.363914, 9.885785000000169], [1.366149, 10.002263000000141], [1.364113000000145, 10.012135], [1.341565, 10.024984000000188], [1.30101500000012, 9.980003], [1.280465000000106, 9.878170000000182], [1.275411000000133, 9.87274500000018], [1.287080000000174, 9.862366000000122], [1.284206, 9.856593], [1.276968000000181, 9.852596000000176], [1.253993, 9.872439], [1.213267000000144, 9.819512000000145], [1.208634000000131, 9.803651000000173], [1.188436000000138, 9.780868000000169], [1.189950000000181, 9.769359], [1.197815000000105, 9.75175600000017], [1.221268000000123, 9.738265000000183], [1.231658, 9.717026], [1.241738, 9.716472], [1.242682000000173, 9.711024], [1.26244400000013, 9.692382], [1.296879, 9.6767660000001], [1.305688, 9.663552], [1.304087, 9.63232], [1.30729, 9.623911], [1.316099000000122, 9.611098], [1.330409, 9.606002000000103], [1.330514000000164, 9.600139000000127], [1.324908000000107, 9.598686000000157], [1.296078, 9.599086], [1.270853000000102, 9.538224], [1.360945, 9.486571], [1.35854200000017, 9.490175], [1.359343, 9.507793], [1.342526, 9.545832], [1.366551, 9.611499], [1.366551, 9.649938], [1.369754, 9.66155], [1.363347, 9.697186000000158], [1.366754000000185, 9.750815000000102], [1.363914, 9.885785000000169]]]}}, {"id": "8", "type": "Feature", "properties": {"pcode": "TG0204", "prefecture": "Dankpen", "prefecture_codab": "Dankpen", "region": "Kara", "region_pcode": "TG02", "population": 185662, "superficie_km2": 2543.4794118661966, "area_sqkm": 2540.94430954, "densite_hab_km2": 72.99528320686365, "centre_lon": 0.5929215177057733, "centre_lat": 9.72644}, "geometry": {"type": "Polygon", "coordinates": [[[0.390985000000114, 10.023666], [0.374108, 10.024543000000108], [0.362711000000161, 10.030461], [0.353286, 10.028708000000108], [0.35745, 10.007885000000101], [0.35219, 9.986186], [0.353505000000155, 9.977200000000153], [0.380684, 9.944541000000129], [0.382656, 9.937089000000128], [0.374547000000177, 9.927664000000107], [0.357231, 9.9235], [0.34890200000018, 9.910568], [0.34627200000017, 9.883608000000152], [0.352574, 9.840910000000122], [0.349340000000154, 9.827498000000105], [0.338381, 9.811936000000173], [0.335751, 9.800757], [0.326326, 9.785633], [0.33071, 9.773359], [0.328737, 9.768756], [0.321066, 9.765249000000154], [0.324354000000142, 9.753414], [0.314709, 9.724481], [0.320847, 9.718125], [0.33334, 9.717468], [0.338381, 9.712207], [0.343861000000174, 9.701029000000176], [0.347258, 9.671330000000125], [0.361944000000108, 9.66212400000012], [0.366178000000161, 9.651436], [0.359597, 9.622889], [0.377144000000101, 9.589039], [0.376116000000138, 9.58493], [0.371322, 9.577738000000124], [0.351458, 9.568491000000108], [0.324745000000178, 9.57465500000012], [0.282964000000163, 9.573285000000112], [0.256936, 9.562669000000142], [0.245976, 9.570203000000163], [0.238099, 9.57054600000015], [0.235017000000141, 9.567121], [0.22988, 9.541778], [0.236730000000136, 9.520202], [0.244949, 9.51575], [0.287758000000167, 9.51712], [0.305567, 9.503078000000187], [0.304882, 9.497941], [0.289813, 9.485612000000117], [0.276114, 9.483215], [0.262758, 9.472256], [0.247689, 9.473968000000184], [0.235017000000141, 9.480475000000126], [0.225770000000125, 9.478078], [0.227140000000134, 9.455132], [0.243579000000125, 9.438693], [0.245291, 9.429789], [0.253511000000174, 9.429789], [0.259675, 9.423282], [0.272347, 9.42225500000012], [0.313444000000175, 9.440748], [0.33125200000012, 9.4452], [0.344266000000118, 9.468146], [0.340842000000123, 9.482872], [0.353856, 9.491434], [0.381253000000129, 9.489037000000167], [0.385705, 9.48527], [0.386733, 9.487667000000158], [0.42372, 9.496229000000142], [0.433652, 9.491434], [0.447693, 9.493832], [0.460365, 9.486297], [0.484338, 9.47842], [0.502939, 9.459985000000131], [0.499659000000122, 9.441066], [0.518187000000125, 9.443135], [0.529247, 9.431827], [0.538786, 9.428502], [0.550262000000146, 9.461772], [0.559068, 9.475885000000176], [0.582461000000137, 9.48065], [0.644268, 9.47065300000014], [0.687681000000111, 9.47716000000014], [0.688616, 9.480398], [0.699109000000135, 9.484197000000108], [0.677652, 9.504917], [0.671867000000134, 9.527761000000169], [0.662088000000153, 9.542921], [0.654624, 9.548592000000156], [0.664942, 9.556636], [0.678712000000189, 9.560140000000104], [0.687423, 9.594021], [0.704989000000126, 9.613824], [0.709822000000145, 9.642877000000112], [0.720631, 9.63477], [0.738447000000178, 9.628598000000125], [0.730451, 9.616674000000103], [0.729554000000121, 9.602362], [0.749601, 9.605334], [0.759988, 9.603585000000123], [0.776011, 9.580064], [0.784846000000186, 9.582241000000181], [0.791802000000189, 9.591977], [0.797806, 9.607462000000112], [0.797956, 9.63139000000018], [0.812175, 9.650865], [0.819807, 9.650611], [0.828176, 9.630673], [0.831691000000149, 9.629375], [0.85551, 9.643111], [0.878689000000122, 9.673544000000163], [0.864219000000162, 9.6990100000001], [0.864467, 9.716286], [0.871665000000178, 9.728399], [0.868251000000157, 9.740209000000107], [0.859637, 9.744415000000117], [0.856699, 9.756228], [0.861483, 9.771411000000171], [0.858122000000151, 9.786504], [0.860906000000114, 9.804874], [0.855411, 9.813116], [0.84522, 9.81809], [0.836765000000185, 9.834949], [0.848702, 9.852449], [0.844279, 9.861429], [0.849699000000101, 9.877033], [0.840574, 9.883474], [0.831986, 9.873275000000149], [0.816420000000107, 9.872739], [0.811752, 9.87462], [0.808651000000168, 9.884117000000174], [0.805356, 9.885861], [0.769696, 9.889737000000139], [0.765697000000102, 9.878374000000179], [0.757109, 9.869786000000147], [0.754425, 9.855831000000137], [0.742617, 9.845633000000134], [0.734029, 9.844559], [0.717405000000156, 9.851358], [0.706689, 9.847825000000114], [0.688296, 9.85072600000018], [0.682228000000123, 9.858459000000153], [0.676757, 9.881010000000117], [0.665994, 9.882804], [0.65904600000016, 9.877033], [0.65422400000017, 9.877910000000156], [0.641292, 9.894568000000163], [0.634059, 9.893691], [0.626170000000116, 9.883521], [0.600634, 9.889198000000135], [0.587921000000165, 9.88591], [0.584567000000106, 9.881085], [0.570552, 9.88498200000015], [0.524078, 9.901538], [0.518559000000153, 9.908218000000147], [0.515074000000141, 9.924775000000182], [0.524949, 9.936103], [0.526983000000143, 9.943364], [0.519721, 9.951497000000131], [0.513912, 9.950335], [0.506360000000143, 9.941331000000105], [0.499389000000122, 9.941621000000112], [0.497161000000176, 9.946661], [0.486028, 9.953530000000114], [0.465405, 9.943945], [0.45611, 9.94714], [0.453786, 9.952659000000153], [0.447106, 9.956435000000113], [0.426192000000128, 9.958468], [0.420964, 9.963987], [0.418060000000139, 9.976186], [0.422707, 9.986353], [0.422416000000112, 9.994195000000161], [0.415445000000148, 10.009009], [0.407858000000147, 10.02219], [0.40019100000012, 10.016653], [0.390985000000114, 10.023666]]]}}, {"id": "9", "type": "Feature", "properties": {"pcode": "TG0205", "prefecture": "Doufelgou", "prefecture_codab": "Doufelgou", "region": "Kara", "region_pcode": "TG02", "population": 84767, "superficie_km2": 1157.9039415631516, "area_sqkm": 1157.54760315, "densite_hab_km2": 73.20728167274905, "centre_lon": 1.0329587908488664, "centre_lat": 9.838018}, "geometry": {"type": "Polygon", "coordinates": [[[1.30101500000012, 9.980003], [1.341565, 10.024984000000188], [1.310982, 10.042406], [1.292599000000109, 10.032931], [1.278939, 10.021126], [1.267345, 10.017229000000157], [1.260290000000111, 10.010162], [1.253500000000145, 9.992382], [1.238039, 9.984651], [1.217106000000172, 9.9814310000001], [1.20154, 9.982504], [1.188121, 9.992166000000111], [1.172019, 9.993776000000139], [1.159137000000158, 9.999144000000172], [1.139814, 9.972843], [1.130852000000175, 9.94317100000012], [1.083824000000163, 9.92605500000019], [1.0578, 9.907190000000185], [1.04734, 9.895973], [1.045464, 9.889639], [1.035999000000118, 9.891751000000113], [1.034692000000177, 9.873601000000122], [1.023909, 9.855935], [1.010188, 9.863614000000155], [0.998061000000121, 9.864373], [0.991177, 9.862533], [0.978508, 9.851780000000133], [0.951145000000167, 9.846438], [0.945778000000189, 9.846974], [0.929675, 9.85878300000013], [0.910352000000159, 9.852879000000144], [0.904879000000108, 9.855615], [0.897153000000174, 9.867717], [0.864472, 9.871110000000101], [0.836765000000185, 9.834949], [0.84522, 9.81809], [0.855411, 9.813116], [0.860906000000114, 9.804874], [0.858122000000151, 9.786504], [0.861483, 9.771411000000171], [0.856699, 9.756228], [0.859637, 9.744415000000117], [0.868251000000157, 9.740209000000107], [0.871665000000178, 9.728399], [0.864467, 9.716286], [0.864219000000162, 9.6990100000001], [0.878689000000122, 9.673544000000163], [0.870637, 9.664502], [0.882587, 9.660316], [0.895927, 9.662765], [0.899292, 9.658526000000109], [0.9126720000001, 9.654348], [0.915589, 9.645373], [0.946101, 9.647449], [0.981575000000134, 9.639227], [1.001755, 9.639548000000161], [1.03635, 9.645634000000143], [1.057172000000151, 9.662291], [1.093689000000154, 9.661009], [1.111627, 9.674143000000129], [1.131168, 9.696246], [1.156976, 9.695478], [1.171952000000147, 9.722412000000134], [1.198029, 9.751405], [1.189950000000181, 9.769359], [1.188436000000138, 9.780868000000169], [1.208634000000131, 9.803651000000173], [1.213267000000144, 9.819512000000145], [1.253993, 9.872439], [1.276968000000181, 9.852596000000176], [1.284206, 9.856593], [1.287080000000174, 9.862366000000122], [1.275411000000133, 9.87274500000018], [1.280465000000106, 9.878170000000182], [1.30101500000012, 9.980003]]]}}, {"id": "10", "type": "Feature", "properties": {"pcode": "TG0206", "prefecture": "Kéran", "prefecture_codab": "Keran", "region": "Kara", "region_pcode": "TG02", "population": 128687, "superficie_km2": 2018.9724155979284, "area_sqkm": 2017.96152514, "densite_hab_km2": 63.7388599298365, "centre_lon": 0.9753514881609304, "centre_lat": 10.069143500000166}, "geometry": {"type": "Polygon", "coordinates": [[[0.996769000000143, 10.215187000000185], [0.901657000000171, 10.289993], [0.887476000000106, 10.273573], [0.876992, 10.254703000000177], [0.866509, 10.244219000000157], [0.857074000000125, 10.24107400000014], [0.839252000000101, 10.227446], [0.822478, 10.168738000000133], [0.814169, 10.154757], [0.808788000000163, 10.151887000000102], [0.803764000000115, 10.153681], [0.794078000000184, 10.171978000000138], [0.781161000000111, 10.1795130000001], [0.767887, 10.174849], [0.754253, 10.182383], [0.733085, 10.168391], [0.738826, 10.160139], [0.738108000000182, 10.15296300000017], [0.74277300000017, 10.14507], [0.740261000000146, 10.140047000000152], [0.704742, 10.168032000000153], [0.697987, 10.167111000000148], [0.688342, 10.155711000000167], [0.68371000000019, 10.143590000000188], [0.675710000000151, 10.141320000000121], [0.672226, 10.111157], [0.686694, 10.08206], [0.686968, 10.053204000000107], [0.678449000000114, 10.038364], [0.677899, 10.027646000000175], [0.67295300000012, 10.01582900000011], [0.643524000000184, 9.989002], [0.677715000000148, 9.982812000000138], [0.674648, 9.959742], [0.666633000000161, 9.956785000000139], [0.66887000000014, 9.948821], [0.656074000000103, 9.931764], [0.677746, 9.907462000000123], [0.682857000000126, 9.887468000000126], [0.679681, 9.875489], [0.68092, 9.86524100000014], [0.688296, 9.85072600000018], [0.706689, 9.847825000000114], [0.717405000000156, 9.851358], [0.734029, 9.844559], [0.742617, 9.845633000000134], [0.754425, 9.855831000000137], [0.757109, 9.869786000000147], [0.765697000000102, 9.878374000000179], [0.769696, 9.889737000000139], [0.805356, 9.885861], [0.808651000000168, 9.884117000000174], [0.811752, 9.87462], [0.816420000000107, 9.872739], [0.831986, 9.873275000000149], [0.840574, 9.883474], [0.846478, 9.881327], [0.849699000000101, 9.877033], [0.844279, 9.861429], [0.849162, 9.851805], [0.857975, 9.86567100000019], [0.867735, 9.871491000000162], [0.897153000000174, 9.867717], [0.904879000000108, 9.855615], [0.910352000000159, 9.852879000000144], [0.929675, 9.85878300000013], [0.945778000000189, 9.846974], [0.951145000000167, 9.846438], [0.978508, 9.851780000000133], [0.991177, 9.862533], [0.998061000000121, 9.864373], [1.010188, 9.863614000000155], [1.023909, 9.855935], [1.034692000000177, 9.873601000000122], [1.035999000000118, 9.891751000000113], [1.045464, 9.889639], [1.04734, 9.895973], [1.0578, 9.907190000000185], [1.083824000000163, 9.92605500000019], [1.130852000000175, 9.94317100000012], [1.139814, 9.972843], [1.159137000000158, 9.999144000000172], [1.172019, 9.993776000000139], [1.188121, 9.992166000000111], [1.20154, 9.982504], [1.238039, 9.984651], [1.253500000000145, 9.992382], [1.260290000000111, 10.010162], [1.267345, 10.017229000000157], [1.278939, 10.021126], [1.292599000000109, 10.032931], [1.310982, 10.042406], [0.99999, 10.220018], [0.996769000000143, 10.215187000000185]]]}}, {"id": "11", "type": "Feature", "properties": {"pcode": "TG0207", "prefecture": "Kozah", "prefecture_codab": "Kozah", "region": "Kara", "region_pcode": "TG02", "population": 283738, "superficie_km2": 1085.9764362299195, "area_sqkm": 1085.73897539, "densite_hab_km2": 261.27454568445893, "centre_lon": 1.1426697654992513, "centre_lat": 9.557844}, "geometry": {"type": "Polygon", "coordinates": [[[1.26244400000013, 9.692382], [1.242682000000173, 9.711024], [1.241738, 9.716472], [1.231658, 9.717026], [1.221268000000123, 9.738265000000183], [1.197815000000105, 9.75175600000017], [1.171952000000147, 9.722412000000134], [1.156976, 9.695478], [1.131168, 9.696246], [1.111627, 9.674143000000129], [1.093689000000154, 9.661009], [1.057172000000151, 9.662291], [1.03635, 9.645634000000143], [1.001755, 9.639548000000161], [0.981575000000134, 9.639227], [0.946101, 9.647449], [0.916908, 9.645495], [0.913277, 9.633527], [0.9300530000001, 9.619903], [0.939313, 9.623911], [0.95893400000017, 9.62271], [0.966541000000177, 9.610698000000184], [0.97455, 9.605493], [1.007784, 9.59348], [1.010587, 9.569055], [1.006983, 9.53502], [0.997773000000109, 9.521006000000114], [0.990166, 9.517803000000129], [0.984159, 9.508193], [0.981757, 9.501386], [0.986962000000176, 9.496181], [0.98456, 9.489374000000169], [0.988164000000154, 9.48537000000016], [0.975751000000173, 9.458943], [0.978954000000158, 9.452136000000166], [0.984159, 9.452536], [1.001377, 9.422505], [1.010987, 9.412095], [1.031007000000102, 9.405688000000168], [1.0501900000001, 9.409544], [1.053430000000162, 9.402885], [1.057835000000125, 9.402485000000183], [1.06704400000018, 9.390873], [1.080258000000185, 9.366448000000105], [1.093471, 9.362844000000166], [1.096274000000165, 9.380062000000123], [1.10228, 9.391273000000126], [1.114693, 9.398481], [1.119387000000131, 9.405215000000112], [1.126305000000173, 9.406489], [1.131911, 9.412095], [1.148327000000108, 9.408091], [1.159028, 9.40927900000014], [1.166524, 9.416159], [1.191572000000122, 9.422105000000158], [1.203184, 9.437320000000113], [1.213194000000158, 9.444528], [1.229611, 9.444127], [1.29324, 9.429272], [1.328054000000179, 9.438587000000155], [1.330189, 9.461557], [1.334193, 9.462758], [1.348208000000113, 9.453148], [1.375836, 9.461156], [1.398208000000182, 9.453981], [1.389767, 9.497172], [1.365363, 9.485596], [1.360945, 9.486571], [1.270853000000102, 9.538224], [1.296078, 9.599086], [1.324908000000107, 9.598686000000157], [1.330514000000164, 9.600139000000127], [1.330409, 9.606002000000103], [1.316099000000122, 9.611098], [1.30729, 9.623911], [1.304087, 9.63232], [1.305688, 9.663552], [1.296879, 9.6767660000001], [1.26244400000013, 9.692382]]]}}, {"id": "12", "type": "Feature", "properties": {"pcode": "TG0301", "prefecture": "Avé", "prefecture_codab": "Ave", "region": "Maritime", "region_pcode": "TG03", "population": 111214, "superficie_km2": 1049.848198764373, "area_sqkm": 1049.32257354, "densite_hab_km2": 105.93341030721793, "centre_lon": 0.914332825389153, "centre_lat": 6.439203}, "geometry": {"type": "Polygon", "coordinates": [[[0.90662, 6.702843], [0.8801, 6.70151], [0.874307000000101, 6.694665], [0.866200000000106, 6.655503000000181], [0.854920000000106, 6.629502000000173], [0.841398, 6.612666], [0.830024, 6.570401000000118], [0.82021600000013, 6.554], [0.795734, 6.550635000000113], [0.763919, 6.526057], [0.752387000000169, 6.527270000000101], [0.718835000000126, 6.517701000000102], [0.724472000000105, 6.48739], [0.741332000000114, 6.461655000000178], [0.74856, 6.441094], [0.756837000000132, 6.43152], [0.7626, 6.43182], [0.782434, 6.415706000000114], [0.788863000000163, 6.398829], [0.823730000000126, 6.394151], [0.843061000000148, 6.386724], [0.869957000000113, 6.364847], [0.903908, 6.321005], [0.9961, 6.324051000000168], [1.02561900000012, 6.243476], [1.058295000000157, 6.220254000000125], [1.08475, 6.172836000000189], [1.08521, 6.182401], [1.09103, 6.189893000000154], [1.090711000000169, 6.223444], [1.103977000000157, 6.239415000000122], [1.104245000000162, 6.244354], [1.094802, 6.264239], [1.089021000000116, 6.267277], [1.087023, 6.275566], [1.080965, 6.279763], [1.075734000000125, 6.29024], [1.067171, 6.278910000000167], [1.050946000000124, 6.296145000000138], [1.046325, 6.326531], [1.064726, 6.326617], [1.067302, 6.328989], [1.078079000000173, 6.387811000000113], [1.073841000000186, 6.403511], [1.078354, 6.450699000000157], [1.0659050000001, 6.463200000000143], [1.060387, 6.482557000000156], [1.050369, 6.499339000000134], [1.022501, 6.516395], [1.014216, 6.528378000000146], [1.006748000000186, 6.529828], [0.995586000000173, 6.558191], [0.987493, 6.566915000000165], [0.991256, 6.612792000000127], [0.986624, 6.617387000000178], [0.979961000000173, 6.634935], [0.95291600000013, 6.639877], [0.946673000000146, 6.66182], [0.932675000000131, 6.672856000000138], [0.930644000000143, 6.685589000000107], [0.90662, 6.702843]]]}}, {"id": "13", "type": "Feature", "properties": {"pcode": "TG0302", "prefecture": "Bas-Mono", "prefecture_codab": "Bas-Mono", "region": "Maritime", "region_pcode": "TG03", "population": 94860, "superficie_km2": 329.3997457051355, "area_sqkm": 329.48264097, "densite_hab_km2": 287.9783643941079, "centre_lon": 1.661364658566881, "centre_lat": 6.4712705}, "geometry": {"type": "Polygon", "coordinates": [[[1.675705, 6.579606000000183], [1.670195000000149, 6.585526], [1.662726, 6.584187000000156], [1.65615, 6.577796], [1.641036, 6.583085], [1.636021, 6.577946000000168], [1.625788000000114, 6.575555], [1.592037000000175, 6.574224], [1.570529000000136, 6.567847], [1.554911, 6.56037600000019], [1.564499000000183, 6.551740000000109], [1.551674, 6.533113], [1.553006000000153, 6.528502000000117], [1.563564, 6.524576000000138], [1.565349, 6.515132000000165], [1.572851, 6.503945], [1.582529, 6.500456], [1.577519000000109, 6.484839], [1.578654, 6.471656], [1.572749000000158, 6.46219], [1.571674, 6.453836], [1.574538000000189, 6.450987], [1.586618000000158, 6.452119], [1.582692, 6.441999000000123], [1.584674, 6.440247000000113], [1.587951000000146, 6.4468490000001], [1.591697, 6.442903000000115], [1.586655000000178, 6.438934000000188], [1.584042000000181, 6.430575], [1.58843000000013, 6.432565], [1.595466, 6.430387000000167], [1.597267000000159, 6.449416], [1.606759, 6.450506000000189], [1.607698, 6.44383], [1.599421, 6.436427], [1.612745, 6.433735], [1.626492, 6.402587], [1.62863300000015, 6.390462], [1.626288000000102, 6.382268000000124], [1.631952000000126, 6.364503000000184], [1.652377, 6.356334000000174], [1.650016000000107, 6.370259], [1.664154, 6.384612], [1.686703, 6.391274], [1.695127000000127, 6.390791], [1.697309, 6.386970000000133], [1.702881000000104, 6.38913], [1.706295000000125, 6.396865000000105], [1.722166, 6.398622], [1.730724, 6.408086], [1.75562500000018, 6.402567], [1.760851, 6.424331], [1.766742, 6.423027000000104], [1.767852, 6.418194], [1.777521000000149, 6.417558], [1.780587, 6.421302], [1.780794, 6.426797000000136], [1.776393, 6.429423000000156], [1.772667000000183, 6.425898000000188], [1.764754, 6.427198], [1.757708, 6.433554000000186], [1.75303, 6.459697000000176], [1.740689, 6.474831], [1.733873, 6.476352000000134], [1.737597000000164, 6.480977000000166], [1.735168000000101, 6.486026000000152], [1.73033, 6.487552000000107], [1.725899, 6.501826], [1.722604, 6.501598000000172], [1.719543000000101, 6.495437], [1.712499, 6.500254], [1.705914, 6.497600000000148], [1.695579, 6.500430000000165], [1.694237, 6.509657000000118], [1.696865, 6.512961000000132], [1.702359, 6.512975], [1.701859, 6.536270000000115], [1.695689000000129, 6.542847], [1.698533, 6.548129], [1.696321000000182, 6.553398000000129], [1.687750000000108, 6.553595], [1.683996, 6.560618000000147], [1.673899, 6.55619600000017], [1.668400000000133, 6.55794], [1.66640800000016, 6.563429], [1.675705, 6.579606000000183]]]}}, {"id": "14", "type": "Feature", "properties": {"pcode": "TG0303", "prefecture": "Golfe", "prefecture_codab": "Golfe + Lome Commune", "region": "Maritime", "region_pcode": "TG03", "population": 1305681, "superficie_km2": 240.77431980840353, "area_sqkm": 240.73779517, "densite_hab_km2": 5422.84160968245, "centre_lon": 1.2330459044314168, "centre_lat": 6.1828365000000005}, "geometry": {"type": "Polygon", "coordinates": [[[1.19012, 6.205498], [1.200265000000115, 6.198191000000179], [1.204282000000148, 6.20633800000013], [1.208577, 6.204604000000188], [1.20855900000015, 6.200779], [1.239251000000138, 6.206219], [1.24375, 6.209421000000134], [1.250122, 6.21948], [1.244521, 6.227435], [1.241573, 6.227394], [1.24829, 6.233217000000138], [1.253162, 6.256776], [1.270005, 6.250135000000171], [1.281416000000149, 6.237018], [1.28214800000012, 6.201129], [1.289834, 6.190139000000102], [1.301012, 6.190943000000175], [1.343352, 6.207287000000122], [1.397270000000162, 6.214389000000153], [1.393252, 6.20327500000019], [1.382655000000113, 6.198067], [1.380171, 6.181347], [1.382113000000174, 6.176675], [1.389286, 6.174155], [1.286856000000114, 6.142372], [1.203702156000134, 6.109968000000151], [1.191769958000123, 6.109305859000187], [1.191648961000169, 6.155018806000157], [1.106572986, 6.156936169000119], [1.091168047000053, 6.158789158000047], [1.085880995000082, 6.162474156000087], [1.08521, 6.182401], [1.09103, 6.189893000000154], [1.090711000000169, 6.223444], [1.12145, 6.22389], [1.129454000000123, 6.21685], [1.133457, 6.21856], [1.155562, 6.212644000000182], [1.165356, 6.204241], [1.166400000000124, 6.20921], [1.17355, 6.20574], [1.176950000000147, 6.21169], [1.184865000000116, 6.205809], [1.184057, 6.203344], [1.19012, 6.205498]]]}}, {"id": "15", "type": "Feature", "properties": {"pcode": "TG0304", "prefecture": "Lacs", "prefecture_codab": "Lacs", "region": "Maritime", "region_pcode": "TG03", "population": 241247, "superficie_km2": 416.2993853834582, "area_sqkm": 416.39892591, "densite_hab_km2": 579.5036179978613, "centre_lon": 1.696504876749004, "centre_lat": 6.299072499999999}, "geometry": {"type": "Polygon", "coordinates": [[[1.767852, 6.418194], [1.766742, 6.423027000000104], [1.760851, 6.424331], [1.75562500000018, 6.402567], [1.730724, 6.408086], [1.722166, 6.398622], [1.706295000000125, 6.396865000000105], [1.702881000000104, 6.38913], [1.697309, 6.386970000000133], [1.695127000000127, 6.390791], [1.686703, 6.391274], [1.664154, 6.384612], [1.650016000000107, 6.370259], [1.652377, 6.356334000000174], [1.633665000000121, 6.363147], [1.629509000000155, 6.372198], [1.62007, 6.372076], [1.607127000000105, 6.381933000000117], [1.60541400000011, 6.34986], [1.596526000000154, 6.351074000000153], [1.594308000000126, 6.339591], [1.601121, 6.298012], [1.575220000000115, 6.29561], [1.559789, 6.282035], [1.565103, 6.279395000000136], [1.577796, 6.255531], [1.583011000000113, 6.255819], [1.585025000000144, 6.230559], [1.534088000000168, 6.226376], [1.527201, 6.232782], [1.486224000000107, 6.223376000000144], [1.479823000000181, 6.219542], [1.476506, 6.212149], [1.473519000000124, 6.212316], [1.461738, 6.216326], [1.415953, 6.247149], [1.405356, 6.251345], [1.397087000000113, 6.211441], [1.393252, 6.20327500000019], [1.382655000000113, 6.198067], [1.380171, 6.181347], [1.382113000000174, 6.176675], [1.389286, 6.174155], [1.468777, 6.188047], [1.500483, 6.198868], [1.542068, 6.204993], [1.558345, 6.212763], [1.60695, 6.219670000000121], [1.627665, 6.225702], [1.629379, 6.242409], [1.648163000000125, 6.248436], [1.668195, 6.247608000000128], [1.680652000000123, 6.25432], [1.689793, 6.252761], [1.694615, 6.256729], [1.709901, 6.256766], [1.749225, 6.271279], [1.764159000000177, 6.271842000000106], [1.769071000000167, 6.27519400000017], [1.770285, 6.281878], [1.799984000000165, 6.280892], [1.80718000000013, 6.284425000000113], [1.805496, 6.291015], [1.795649000000139, 6.29363], [1.789654, 6.302759], [1.797903, 6.306822000000182], [1.798415, 6.313505000000134], [1.792405000000144, 6.328788], [1.782715, 6.339139000000102], [1.789368, 6.349880000000155], [1.781931, 6.37395], [1.772425, 6.380258], [1.770816000000139, 6.391682000000117], [1.774325, 6.39415200000019], [1.769216, 6.399239], [1.769538, 6.411547], [1.775335, 6.412792], [1.77563, 6.417553000000169], [1.767852, 6.418194]]]}}, {"id": "16", "type": "Feature", "properties": {"pcode": "TG0306", "prefecture": "Vo", "prefecture_codab": "Vo", "region": "Maritime", "region_pcode": "TG03", "population": 224411, "superficie_km2": 755.348875919591, "area_sqkm": 755.4335768, "densite_hab_km2": 297.09582837042467, "centre_lon": 1.500194553591682, "centre_lat": 6.3934495}, "geometry": {"type": "Polygon", "coordinates": [[[1.515899000000161, 6.554958], [1.509174, 6.565154000000121], [1.511524000000179, 6.574108], [1.503885000000139, 6.578075000000183], [1.492403000000138, 6.567692000000136], [1.495474, 6.536573000000146], [1.466127000000142, 6.535325000000114], [1.447694000000126, 6.524347], [1.414003, 6.483799], [1.404571000000146, 6.481194000000187], [1.393014000000107, 6.472145], [1.38447200000013, 6.459672], [1.384498000000178, 6.451517], [1.388802000000112, 6.447239], [1.382837, 6.433915], [1.36662500000017, 6.423160000000109], [1.380056, 6.36351900000011], [1.385767, 6.303838], [1.40421, 6.268124000000171], [1.405356, 6.251345], [1.415953, 6.247149], [1.461738, 6.216326], [1.473519000000124, 6.212316], [1.476506, 6.212149], [1.479823000000181, 6.219542], [1.486224000000107, 6.223376000000144], [1.527201, 6.232782], [1.534088000000168, 6.226376], [1.585025000000144, 6.230559], [1.583011000000113, 6.255819], [1.577796, 6.255531], [1.565103, 6.279395000000136], [1.559789, 6.282035], [1.575220000000115, 6.29561], [1.601121, 6.298012], [1.594308000000126, 6.339591], [1.596526000000154, 6.351074000000153], [1.60541400000011, 6.34986], [1.607127000000105, 6.381933000000117], [1.62007, 6.372076], [1.629509000000155, 6.372198], [1.626288000000102, 6.382268000000124], [1.62863300000015, 6.390462], [1.626492, 6.402587], [1.612745, 6.433735], [1.599421, 6.436427], [1.607698, 6.44383], [1.60689, 6.450358], [1.597267000000159, 6.449416], [1.593273000000124, 6.429282], [1.583378, 6.432332000000144], [1.591697, 6.442903000000115], [1.587951000000146, 6.4468490000001], [1.586646000000144, 6.44201], [1.582692, 6.441999000000123], [1.586618000000158, 6.452119], [1.574538000000189, 6.450987], [1.571674, 6.453836], [1.572749000000158, 6.46219], [1.578654, 6.471656], [1.577519000000109, 6.484839], [1.582529, 6.500456], [1.572851, 6.503945], [1.565349, 6.515132000000165], [1.563564, 6.524576000000138], [1.553006000000153, 6.528502000000117], [1.55319900000012, 6.537732000000119], [1.564499000000183, 6.551740000000109], [1.555173, 6.560518], [1.543279, 6.554959000000167], [1.53797800000018, 6.564261000000101], [1.533427000000188, 6.563623], [1.535462000000166, 6.561253], [1.529437, 6.553907000000152], [1.515899000000161, 6.554958]]]}}, {"id": "17", "type": "Feature", "properties": {"pcode": "TG0307", "prefecture": "Yoto", "prefecture_codab": "Yoto", "region": "Maritime", "region_pcode": "TG03", "population": 174851, "superficie_km2": 1261.0110862814831, "area_sqkm": 1261.09641114, "densite_hab_km2": 138.65936779002251, "centre_lon": 1.4519192684263076, "centre_lat": 6.669646000000057}, "geometry": {"type": "Polygon", "coordinates": [[[1.599561000000108, 6.831861], [1.601905, 6.852814000000137], [1.594647000000123, 6.867558], [1.596348000000148, 6.8734], [1.606626, 6.883388000000139], [1.603857, 6.890591000000143], [1.605186000000117, 6.906047000000171], [1.582478, 6.915938], [1.576688000000104, 6.922085], [1.577700000000164, 6.90885900000012], [1.556612, 6.901830000000132], [1.532010000000184, 6.858651000000123], [1.5194580000001, 6.847605000000101], [1.499374000000103, 6.836559], [1.470755, 6.830032], [1.410373, 6.843663], [1.40523300000018, 6.83681], [1.351008000000149, 6.818735], [1.284997000000146, 6.769114], [1.275667000000169, 6.756673], [1.277265, 6.749290000000144], [1.266040000000146, 6.747508], [1.255171000000189, 6.73949000000016], [1.245695, 6.719428], [1.2483170000001, 6.705286], [1.256933000000174, 6.696734000000163], [1.299907, 6.682722], [1.302929, 6.677582], [1.300481000000161, 6.640665000000126], [1.293232000000103, 6.626907], [1.29785, 6.623348], [1.290717, 6.587471000000107], [1.297191000000112, 6.576764], [1.30681200000015, 6.523580000000152], [1.318412, 6.519327], [1.34384800000015, 6.483360000000175], [1.346875000000125, 6.476074], [1.347389, 6.449896], [1.352142000000185, 6.439611], [1.36662500000017, 6.423160000000109], [1.382837, 6.433915], [1.388802000000112, 6.447239], [1.384498000000178, 6.451517], [1.38447200000013, 6.459672], [1.393014000000107, 6.472145], [1.404571000000146, 6.481194000000187], [1.414003, 6.483799], [1.447694000000126, 6.524347], [1.466127000000142, 6.535325000000114], [1.495474, 6.536573000000146], [1.492403000000138, 6.567692000000136], [1.503885000000139, 6.578075000000183], [1.511524000000179, 6.574108], [1.509174, 6.565154000000121], [1.513811, 6.557067000000131], [1.526274, 6.553546], [1.529437, 6.553907000000152], [1.535692, 6.564255000000117], [1.54521300000016, 6.554613000000131], [1.565696000000116, 6.566033000000175], [1.592037000000175, 6.574224], [1.625788000000114, 6.575555], [1.636021, 6.577946000000168], [1.641075, 6.582929000000149], [1.636632000000134, 6.600499000000127], [1.627009, 6.603219000000138], [1.621795000000134, 6.601282], [1.612428000000136, 6.610871], [1.610191000000157, 6.624875000000145], [1.603032, 6.630349], [1.603014000000144, 6.636941], [1.61151800000016, 6.641635], [1.603755, 6.666337], [1.593564, 6.675373], [1.59024200000016, 6.684154], [1.573793, 6.688854], [1.592152, 6.706213000000162], [1.59292, 6.725994000000128], [1.600064000000145, 6.726014], [1.619530000000111, 6.741453], [1.618129, 6.750789000000168], [1.625876000000119, 6.759826], [1.622084, 6.764623], [1.608327, 6.770421], [1.613420000000133, 6.791382000000112], [1.6113390000001, 6.798244000000125], [1.598621, 6.800611], [1.596887, 6.806443000000115], [1.598930000000109, 6.812630000000127], [1.61504, 6.825381000000164], [1.613312, 6.82881], [1.603698, 6.827066000000116], [1.599561000000108, 6.831861]]]}}, {"id": "18", "type": "Feature", "properties": {"pcode": "TG0308", "prefecture": "Zio", "prefecture_codab": "Zio", "region": "Maritime", "region_pcode": "TG03", "population": 500032, "superficie_km2": 2164.035482244329, "area_sqkm": 2163.53997385, "densite_hab_km2": 231.06460319283443, "centre_lon": 1.1556486571852589, "centre_lat": 6.532923500000062}, "geometry": {"type": "Polygon", "coordinates": [[[1.132997, 6.804788], [1.104734000000121, 6.809446], [1.095136, 6.818482], [1.092461000000185, 6.827918000000125], [1.060026, 6.858108000000129], [1.033484, 6.871072], [1.018123, 6.864692], [0.960199, 6.855804], [0.964056, 6.817147], [0.961163, 6.811685], [0.93738500000012, 6.800117], [0.896983000000148, 6.769987000000185], [0.900986, 6.743459000000144], [0.90008, 6.703014000000167], [0.90662, 6.702843], [0.930644000000143, 6.685589000000107], [0.932675000000131, 6.672856000000138], [0.946673000000146, 6.66182], [0.95291600000013, 6.639877], [0.979961000000173, 6.634935], [0.986624, 6.617387000000178], [0.991256, 6.612792000000127], [0.987493, 6.566915000000165], [0.995586000000173, 6.558191], [1.006748000000186, 6.529828], [1.014216, 6.528378000000146], [1.022501, 6.516395], [1.050369, 6.499339000000134], [1.060387, 6.482557000000156], [1.0659050000001, 6.463200000000143], [1.078354, 6.450699000000157], [1.073841000000186, 6.403511], [1.078079000000173, 6.387811000000113], [1.072731, 6.352886000000183], [1.067302, 6.328989], [1.064726, 6.326617], [1.046325, 6.326531], [1.050946000000124, 6.296145000000138], [1.067171, 6.278910000000167], [1.075734000000125, 6.29024], [1.080965, 6.279763], [1.087023, 6.275566], [1.089021000000116, 6.267277], [1.094802, 6.264239], [1.098013, 6.253947], [1.09984, 6.258637], [1.108379, 6.2594], [1.125295000000108, 6.26878500000015], [1.146432000000175, 6.272155], [1.159393, 6.283452], [1.167076000000122, 6.295424000000139], [1.165458000000172, 6.300652000000184], [1.171911000000136, 6.29726600000015], [1.179761630999963, 6.298605149000025], [1.189822, 6.315981], [1.193687000000125, 6.336708], [1.216147, 6.369248], [1.228114, 6.364461], [1.241990000000101, 6.35076], [1.244801000000166, 6.34320700000012], [1.241463, 6.339343000000156], [1.2311, 6.347950000000139], [1.222493, 6.35076], [1.21643, 6.347683], [1.231276, 6.317562], [1.251476, 6.298592], [1.24695800000012, 6.273241], [1.237699, 6.27141], [1.227323000000183, 6.274726], [1.257984, 6.253786], [1.270005, 6.250135000000171], [1.278655000000128, 6.241663000000131], [1.282724, 6.22910800000011], [1.28214800000012, 6.201129], [1.289834, 6.190139000000102], [1.301012, 6.190943000000175], [1.343352, 6.207287000000122], [1.398225000000139, 6.214268], [1.405161, 6.244394000000113], [1.40421, 6.268124000000171], [1.385767, 6.303838], [1.380056, 6.36351900000011], [1.371152000000109, 6.398041], [1.370682000000102, 6.410915], [1.367213000000163, 6.422492], [1.352142000000185, 6.439611], [1.347389, 6.449896], [1.346875000000125, 6.476074], [1.34384800000015, 6.483360000000175], [1.318412, 6.519327], [1.30681200000015, 6.523580000000152], [1.297191000000112, 6.576764], [1.290717, 6.587471000000107], [1.29785, 6.623348], [1.293232000000103, 6.626907], [1.300481000000161, 6.640665000000126], [1.302929, 6.677582], [1.299907, 6.682722], [1.256933000000174, 6.696734000000163], [1.2483170000001, 6.705286], [1.245695, 6.719428], [1.255171000000189, 6.73949000000016], [1.259982, 6.744479000000126], [1.278156, 6.751784], [1.275667000000169, 6.756673], [1.244150000000104, 6.764774000000159], [1.239731, 6.770911], [1.219596000000138, 6.747107000000142], [1.212125000000128, 6.746641000000125], [1.188747000000149, 6.768087], [1.17884800000013, 6.770247], [1.16276, 6.781612000000166], [1.15878, 6.787749], [1.141831000000138, 6.794056000000182], [1.132997, 6.804788]]]}}, {"id": "19", "type": "Feature", "properties": {"pcode": "TG0309", "prefecture": "Agoè-Nyivé", "prefecture_codab": "Agoe-Nyive", "region": "Maritime", "region_pcode": "TG03", "population": 882695, "superficie_km2": 167.0984492658683, "area_sqkm": 167.06618259, "densite_hab_km2": 5282.4846901813835, "centre_lon": 1.2046103084371138, "centre_lat": 6.285206500000067}, "geometry": {"type": "Polygon", "coordinates": [[[1.241990000000101, 6.35076], [1.228114, 6.364461], [1.216147, 6.369248], [1.193687000000125, 6.336708], [1.189822, 6.315981], [1.179761630999963, 6.298605149000025], [1.171911000000136, 6.29726600000015], [1.165458000000172, 6.300652000000184], [1.167076000000122, 6.295424000000139], [1.159393, 6.283452], [1.146432000000175, 6.272155], [1.125295000000108, 6.26878500000015], [1.108379, 6.2594], [1.09984, 6.258637], [1.098013, 6.253947], [1.104245000000162, 6.244354], [1.103977000000157, 6.239415000000122], [1.090711000000169, 6.223444], [1.12145, 6.22389], [1.129454000000123, 6.21685], [1.133457, 6.21856], [1.155562, 6.212644000000182], [1.165356, 6.204241], [1.166400000000124, 6.20921], [1.17355, 6.20574], [1.176950000000147, 6.21169], [1.184865000000116, 6.205809], [1.184057, 6.203344], [1.19012, 6.205498], [1.200265000000115, 6.198191000000179], [1.204282000000148, 6.20633800000013], [1.208577, 6.204604000000188], [1.20855900000015, 6.200779], [1.241183000000149, 6.207021000000168], [1.250122, 6.21948], [1.244521, 6.227435], [1.241573, 6.227394], [1.24829, 6.233217000000138], [1.253162, 6.256776], [1.226625000000126, 6.276569], [1.235449000000131, 6.271763], [1.24695800000012, 6.273241], [1.251476, 6.298592], [1.231276, 6.317562], [1.21643, 6.347683], [1.222493, 6.35076], [1.2311, 6.347950000000139], [1.241463, 6.339343000000156], [1.244801000000166, 6.34320700000012], [1.241990000000101, 6.35076]]]}}, {"id": "20", "type": "Feature", "properties": {"pcode": "TG0401", "prefecture": "Amou", "prefecture_codab": "Amou", "region": "Plateaux", "region_pcode": "TG04", "population": 114172, "superficie_km2": 1808.5034435820219, "area_sqkm": 1807.76248492, "densite_hab_km2": 63.13065114980629, "centre_lon": 1.0655221416290384, "centre_lat": 7.540478}, "geometry": {"type": "Polygon", "coordinates": [[[1.06038400000017, 7.880170000000135], [1.046827, 7.886195], [1.034275, 7.880170000000135], [1.012183000000107, 7.882681], [0.977539000000149, 7.870129000000134], [0.959966, 7.869627], [0.952937, 7.874145], [0.927833, 7.873643], [0.913272000000177, 7.863602000000128], [0.899716000000126, 7.846029], [0.883427, 7.813813], [0.877804, 7.770032000000185], [0.879411000000175, 7.757178000000124], [0.872181, 7.737095], [0.868967, 7.691706000000124], [0.864549, 7.684275], [0.872649, 7.682066], [0.882222, 7.657765], [0.893067000000144, 7.65334700000011], [0.903511, 7.657363], [0.903511, 7.62764], [0.907126, 7.615590000000168], [0.919176, 7.599523], [0.930423000000133, 7.588678000000129], [0.95372, 7.577833], [1.007868, 7.568196], [1.007543, 7.541683], [0.991476, 7.533649000000139], [0.990271, 7.528829000000144], [0.97099100000014, 7.51477100000011], [0.965769, 7.51477100000011], [0.946891, 7.534854], [0.94006300000018, 7.534453], [0.936909000000128, 7.531057], [0.930754, 7.535905000000128], [0.912749, 7.517984], [0.896281000000158, 7.514369000000102], [0.886055000000113, 7.505357000000117], [0.893067000000144, 7.504327], [0.897754, 7.497979], [0.889854, 7.495892], [0.881419, 7.464160000000106], [0.858122000000151, 7.443675], [0.85049, 7.430018000000132], [0.848673000000133, 7.418027000000109], [0.839645, 7.407123000000126], [0.801085000000171, 7.390253000000143], [0.786625, 7.361735], [0.762123000000145, 7.346471000000122], [0.759312, 7.322773], [0.760517000000164, 7.318354], [0.786223, 7.306706000000133], [0.813537000000167, 7.301886000000138], [0.821312, 7.29725800000017], [0.84326, 7.309116], [0.859729, 7.311526000000129], [0.876599, 7.322773], [0.904314000000113, 7.321969], [0.920381, 7.314739], [0.932126, 7.313857], [0.944481000000167, 7.305903000000114], [0.946489, 7.29827100000017], [0.952113000000111, 7.293853000000183], [0.96818, 7.302288000000146], [0.973000000000127, 7.301083000000119], [0.977820000000122, 7.290639000000169], [0.980631000000187, 7.270957], [0.981033, 7.22516700000017], [1.006338, 7.22356], [1.013166, 7.214322], [1.028028000000177, 7.209904000000108], [1.038974, 7.192983], [1.059191, 7.21561], [1.06735, 7.234438], [1.065467, 7.253266], [1.058563000000106, 7.260797], [1.05668, 7.276487], [1.061701, 7.280881000000136], [1.076764, 7.278998000000115], [1.080529, 7.326069000000132], [1.110027000000173, 7.339248], [1.118813, 7.359332], [1.135131, 7.359959], [1.141407, 7.364980000000173], [1.142662, 7.398871], [1.138942, 7.428631000000166], [1.144512000000134, 7.441667000000166], [1.144111000000123, 7.464964], [1.134471000000133, 7.480227], [1.118925000000104, 7.478049], [1.107738000000154, 7.50911], [1.12698, 7.54339], [1.142405, 7.551205], [1.143021, 7.567658000000108], [1.152687, 7.584933], [1.154613, 7.597037], [1.149472000000173, 7.627564], [1.135655, 7.669659], [1.116374, 7.709183], [1.115988, 7.728669], [1.136852000000147, 7.739996], [1.143021, 7.757066], [1.142199, 7.768788], [1.112667000000101, 7.776953000000105], [1.108984, 7.803013], [1.099665, 7.808155], [1.08649000000014, 7.856998], [1.081027, 7.861496000000102], [1.082313, 7.876194000000112], [1.06038400000017, 7.880170000000135]]]}}, {"id": "21", "type": "Feature", "properties": {"pcode": "TG0402", "prefecture": "Wawa", "prefecture_codab": "Wawa", "region": "Plateaux", "region_pcode": "TG04", "population": 101300, "superficie_km2": 1244.8083309477822, "area_sqkm": 1243.84976423, "densite_hab_km2": 81.37799007407942, "centre_lon": 0.7600581123643866, "centre_lat": 7.543490500000058}, "geometry": {"type": "Polygon", "coordinates": [[[0.636401, 7.694919], [0.625957, 7.709379], [0.616730000000132, 7.711109], [0.615916, 7.701949000000127], [0.607882, 7.706769000000122], [0.589807, 7.707170000000133], [0.574142000000109, 7.648527], [0.573339000000146, 7.632861000000105], [0.576954000000114, 7.616424], [0.548435000000154, 7.607155], [0.545222, 7.600728], [0.536787, 7.599925], [0.517908000000148, 7.587473], [0.517506, 7.558954], [0.508268000000101, 7.524411000000157], [0.517105000000129, 7.483842], [0.515498, 7.476612000000102], [0.502243, 7.463759], [0.512686, 7.454922000000124], [0.513892, 7.448897000000102], [0.519515, 7.451307], [0.525138, 7.446487000000161], [0.534778, 7.409132], [0.545624, 7.398688000000107], [0.551649000000168, 7.397885000000144], [0.560485, 7.390655], [0.57856, 7.387441], [0.596234000000152, 7.39226200000013], [0.614710000000116, 7.402303], [0.628367, 7.401500000000112], [0.646041, 7.389450000000124], [0.648049000000128, 7.375391], [0.681388, 7.386237], [0.696249, 7.385032], [0.712316, 7.376195000000166], [0.717940000000169, 7.376998000000128], [0.727178000000151, 7.385433000000148], [0.742441, 7.38181800000018], [0.800817000000166, 7.389851], [0.839645, 7.407123000000126], [0.848673000000133, 7.418027000000109], [0.85049, 7.430018000000132], [0.858122000000151, 7.443675], [0.881419, 7.464160000000106], [0.889854, 7.495892], [0.897754, 7.497979], [0.893067000000144, 7.504327], [0.886055000000113, 7.505357000000117], [0.896281000000158, 7.514369000000102], [0.912749, 7.517984], [0.930754, 7.535905000000128], [0.936909000000128, 7.531057], [0.94006300000018, 7.534453], [0.946891, 7.534854], [0.965769, 7.51477100000011], [0.97099100000014, 7.51477100000011], [0.990271, 7.528829000000144], [0.991476, 7.533649000000139], [1.007543, 7.541683], [1.007868, 7.568196], [0.95372, 7.577833], [0.930423000000133, 7.588678000000129], [0.919176, 7.599523], [0.907126, 7.615590000000168], [0.903511, 7.62764], [0.903511, 7.657363], [0.893067000000144, 7.65334700000011], [0.882222, 7.657765], [0.872649, 7.682066], [0.851294000000109, 7.68307], [0.829202, 7.67825], [0.809922, 7.634066000000132], [0.801888, 7.628845000000126], [0.792650000000151, 7.640092], [0.78542, 7.660577], [0.765337000000159, 7.657363], [0.73842500000012, 7.631656], [0.70990600000016, 7.613581000000181], [0.695446000000118, 7.613983], [0.676166, 7.618], [0.663714, 7.627238], [0.654074, 7.64692], [0.650274, 7.683191], [0.652126000000123, 7.691688], [0.64443400000016, 7.701346000000171], [0.636401, 7.694919]]]}}, {"id": "22", "type": "Feature", "properties": {"pcode": "TG0403", "prefecture": "Agou", "prefecture_codab": "Agou", "region": "Plateaux", "region_pcode": "TG04", "population": 85793, "superficie_km2": 1095.979772687489, "area_sqkm": 1095.21997601, "densite_hab_km2": 78.27972936911425, "centre_lon": 0.7666283792251307, "centre_lat": 6.754699500000157}, "geometry": {"type": "Polygon", "coordinates": [[[0.754100000000165, 6.97556], [0.754100000000165, 6.984609], [0.747111, 6.97667], [0.750752, 6.973216], [0.74983, 6.970057], [0.741144, 6.956369], [0.72785000000016, 6.956764], [0.717860000000144, 6.94122], [0.704804, 6.932691], [0.702592, 6.919318], [0.694112, 6.916934], [0.691488000000163, 6.900374000000113], [0.699645, 6.892468], [0.690695000000119, 6.883518], [0.683455, 6.866013000000123], [0.674143000000186, 6.857960000000105], [0.673369, 6.846301], [0.668673000000183, 6.851528000000144], [0.656802000000141, 6.845486000000108], [0.660785, 6.831229000000121], [0.680204000000174, 6.82172300000019], [0.677966, 6.817511], [0.682348000000104, 6.809428], [0.668512, 6.806745], [0.653748, 6.79224], [0.642956, 6.773287], [0.644799000000148, 6.764732], [0.638744, 6.7621], [0.628920000000107, 6.748739000000171], [0.640049, 6.748004], [0.646219, 6.741011], [0.641283, 6.726615], [0.644779, 6.712014000000181], [0.6419, 6.701937], [0.643751000000123, 6.692477000000167], [0.635319, 6.650729], [0.637787000000117, 6.632220000000189], [0.658558, 6.606513000000177], [0.670897, 6.611243], [0.679946000000143, 6.606924000000106], [0.688285000000178, 6.592174], [0.681216, 6.583819], [0.691177, 6.578357], [0.726845000000139, 6.585426], [0.73745, 6.577071], [0.74002, 6.570323], [0.738092000000108, 6.553293000000167], [0.713168, 6.527656], [0.713765, 6.519927], [0.718300000000113, 6.516742], [0.752387000000169, 6.527270000000101], [0.763919, 6.526057], [0.795734, 6.550635000000113], [0.816657, 6.552719], [0.823523, 6.557951], [0.830024, 6.570401000000118], [0.841398, 6.612666], [0.854920000000106, 6.629502000000173], [0.866200000000106, 6.655503000000181], [0.874307000000101, 6.694665], [0.8801, 6.70151], [0.90008, 6.703014000000167], [0.900986, 6.743459000000144], [0.896983000000148, 6.769987000000185], [0.93738500000012, 6.800117], [0.961163, 6.811685], [0.964056, 6.817147], [0.960199, 6.856672000000117], [0.952744000000109, 6.860811000000126], [0.947924000000114, 6.859847000000116], [0.94085500000017, 6.849885], [0.93475, 6.822250000000111], [0.892333000000178, 6.826106], [0.903436000000113, 6.870143], [0.902719000000104, 6.879051000000118], [0.910224, 6.889320000000168], [0.920667, 6.894943000000183], [0.919864, 6.909404000000109], [0.903797000000111, 6.925470000000189], [0.901789, 6.937119000000166], [0.918105, 6.978851], [0.909822, 6.973269], [0.874475000000189, 6.966039], [0.871664000000123, 6.962424000000112], [0.874475000000189, 6.959612000000163], [0.881304000000114, 6.95921], [0.878090000000157, 6.938324], [0.857281, 6.918495], [0.842728, 6.911858000000109], [0.827472000000114, 6.918677000000173], [0.809211000000118, 6.933123000000137], [0.809096, 6.942485], [0.805284000000142, 6.948936], [0.794780000000173, 6.955539000000158], [0.785952000000179, 6.968062000000145], [0.774436, 6.968473], [0.775875, 6.975260000000105], [0.771877000000188, 6.983547000000101], [0.759844, 6.98294900000019], [0.757596, 6.976588], [0.754100000000165, 6.97556]]]}}, {"id": "23", "type": "Feature", "properties": {"pcode": "TG0404", "prefecture": "Danyi", "prefecture_codab": "Danyi", "region": "Plateaux", "region_pcode": "TG04", "population": 40240, "superficie_km2": 396.4389441555502, "area_sqkm": 396.1185823, "densite_hab_km2": 101.50365041889297, "centre_lon": 0.6933560052155457, "centre_lat": 7.23077300000009}, "geometry": {"type": "Polygon", "coordinates": [[[0.786625, 7.361735], [0.800817000000166, 7.389851], [0.742441, 7.38181800000018], [0.727178000000151, 7.385433000000148], [0.717940000000169, 7.376998000000128], [0.712316, 7.376195000000166], [0.696249, 7.385032], [0.681388, 7.386237], [0.648616000000118, 7.37559], [0.64548, 7.359957], [0.649979, 7.350799000000109], [0.656084, 7.311596], [0.643231, 7.281391], [0.631662000000119, 7.200253], [0.621059, 7.170691000000147], [0.605956, 7.149482000000148], [0.598244, 7.132773], [0.600172, 7.116706], [0.627164000000107, 7.072362], [0.632627, 7.072683000000154], [0.643873, 7.081038], [0.662832, 7.084251], [0.672472, 7.090035], [0.682708, 7.108553000000143], [0.668637, 7.120840000000157], [0.671516, 7.123102], [0.688379000000168, 7.121457], [0.690642, 7.137909], [0.694549000000109, 7.140788], [0.697017, 7.15066], [0.7073, 7.159297], [0.725912, 7.204335000000128], [0.733881, 7.209220000000187], [0.752041000000133, 7.233336000000179], [0.791847000000132, 7.297869000000105], [0.795194000000151, 7.30436600000013], [0.760517000000164, 7.318354], [0.759312, 7.322773], [0.762123000000145, 7.346471000000122], [0.786625, 7.361735]]]}}, {"id": "24", "type": "Feature", "properties": {"pcode": "TG0405", "prefecture": "Est-Mono", "prefecture_codab": "Est-Mono", "region": "Plateaux", "region_pcode": "TG04", "population": 164460, "superficie_km2": 2652.5188376015813, "area_sqkm": 2652.6494662, "densite_hab_km2": 62.00144469047595, "centre_lon": 1.4482271832820741, "centre_lat": 8.139137500000174}, "geometry": {"type": "Polygon", "coordinates": [[[1.626810000000148, 8.379891], [1.633237, 8.403991000000133], [1.646091, 8.417246000000148], [1.639664000000153, 8.43251], [1.646401, 8.469837000000155], [1.650547000000188, 8.47829], [1.619587, 8.47007], [1.593833, 8.455276], [1.52479, 8.437741000000187], [1.513009000000125, 8.428152000000125], [1.50068, 8.40322], [1.48342, 8.382397], [1.469366, 8.368156], [1.454982, 8.363704], [1.404981000000134, 8.362676000000135], [1.388884000000132, 8.358909], [1.384775000000161, 8.355142], [1.357377, 8.351032], [1.33854, 8.359594], [1.320047000000102, 8.357882000000131], [1.3108, 8.366101000000185], [1.28785500000015, 8.366444000000115], [1.277580000000171, 8.372608000000184], [1.244703, 8.372951000000114], [1.228949, 8.37843000000015], [1.236826, 8.361306000000127], [1.229292, 8.346923], [1.229976000000136, 8.295894], [1.240084000000138, 8.275050000000135], [1.251493, 8.265536], [1.260182, 8.245829000000185], [1.246026, 8.237413000000174], [1.243367, 8.216539000000182], [1.251846, 8.204184], [1.260325000000137, 8.199097000000108], [1.264443, 8.186257000000182], [1.263717000000156, 8.157913000000121], [1.256449, 8.13247600000011], [1.255476, 8.103631000000178], [1.247858000000122, 8.099692], [1.233807000000184, 8.098965], [1.230416000000105, 8.095573000000115], [1.230416000000105, 8.09194], [1.250703, 8.07832], [1.250998, 8.056770000000142], [1.234763, 8.032282], [1.21675, 8.033464], [1.197445000000187, 8.015294000000154], [1.195552, 8.000532000000135], [1.18571, 7.989933000000178], [1.169812, 7.985391], [1.148562, 7.966074000000106], [1.121837, 7.917569000000128], [1.129549, 7.902467], [1.137582000000123, 7.90086], [1.156863000000101, 7.912749000000133], [1.172929000000181, 7.912428], [1.193174000000113, 7.896040000000141], [1.207876000000113, 7.897054], [1.204494, 7.881660000000124], [1.209339, 7.87633], [1.226502, 7.876531000000114], [1.218564000000185, 7.856729], [1.23299900000012, 7.853591000000108], [1.243668, 7.845432], [1.263752000000181, 7.843549], [1.276304, 7.846687000000145], [1.284463000000187, 7.852336], [1.28948400000013, 7.847315], [1.28948400000013, 7.839156000000173], [1.281952, 7.829114000000118], [1.290111000000138, 7.824093000000119], [1.303291000000115, 7.822838], [1.323374, 7.83037], [1.334044, 7.827232000000151], [1.355383, 7.812169000000154], [1.390670000000114, 7.795771000000116], [1.394294000000116, 7.80338200000017], [1.408102, 7.816562], [1.425047, 7.815935], [1.448896000000104, 7.820955], [1.458938, 7.839784], [1.467097, 7.896896], [1.465214, 7.901289000000133], [1.451407, 7.909448], [1.440239, 7.908791000000178], [1.442313, 7.964850000000126], [1.484218, 7.963962], [1.491046, 7.957937000000129], [1.494260000000111, 7.943075], [1.50149, 7.937452000000178], [1.503900000000158, 7.92861500000015], [1.530410000000131, 7.904917000000125], [1.633639, 7.917369000000122], [1.641271, 8.300360000000126], [1.636852, 8.33972400000016], [1.625318000000107, 8.351598000000138], [1.626810000000148, 8.379891]]]}}, {"id": "25", "type": "Feature", "properties": {"pcode": "TG0406", "prefecture": "Haho", "prefecture_codab": "Haho", "region": "Plateaux", "region_pcode": "TG04", "population": 305096, "superficie_km2": 3051.1872237759912, "area_sqkm": 3050.70701564, "densite_hab_km2": 99.99255293892749, "centre_lon": 1.2236567872693667, "centre_lat": 7.025037500000138}, "geometry": {"type": "Polygon", "coordinates": [[[0.981033, 7.22516700000017], [0.977820000000122, 7.290639000000169], [0.973000000000127, 7.301083000000119], [0.96818, 7.302288000000146], [0.952581000000123, 7.294243000000108], [0.939259000000106, 7.263326000000177], [0.931053, 7.258331], [0.928466, 7.241798], [0.937221, 7.235441], [0.925397000000146, 7.22284400000018], [0.92262, 7.195904], [0.926322, 7.184593], [0.927967000000137, 7.14736900000014], [0.937869, 7.117563], [0.950800000000186, 7.09566], [0.950877000000162, 7.06961100000018], [0.967000000000155, 7.053488000000186], [0.94627, 7.02699900000016], [0.93788, 7.030619000000172], [0.937839, 7.035596], [0.92937, 7.035813], [0.925889000000154, 7.029101], [0.907814000000144, 7.023076000000117], [0.904199000000176, 7.017051], [0.907011000000125, 7.010222], [0.921872000000121, 6.999779], [0.915446000000145, 6.967646000000173], [0.901789, 6.937119000000166], [0.903797000000111, 6.925470000000189], [0.919864, 6.909404000000109], [0.921471, 6.903378000000146], [0.920667, 6.894943000000183], [0.910224, 6.889320000000168], [0.902719000000104, 6.879051000000118], [0.903436000000113, 6.870143], [0.892333000000178, 6.826106], [0.93475, 6.822250000000111], [0.94085500000017, 6.849885], [0.947924000000114, 6.859847000000116], [0.952744000000109, 6.860811000000126], [0.960199, 6.855804], [0.976389, 6.857104], [1.018123, 6.864692], [1.033484, 6.871072], [1.060026, 6.858108000000129], [1.092461000000185, 6.827918000000125], [1.095136, 6.818482], [1.104734000000121, 6.809446], [1.132997, 6.804788], [1.141831000000138, 6.794056000000182], [1.15878, 6.787749], [1.169816, 6.775706000000184], [1.181492, 6.768719], [1.188747000000149, 6.768087], [1.215644000000168, 6.745994], [1.225948, 6.753283000000124], [1.230091, 6.762307000000135], [1.239731, 6.770911], [1.244150000000104, 6.764774000000159], [1.27517, 6.756010000000117], [1.293767000000116, 6.777007], [1.351008000000149, 6.818735], [1.40523300000018, 6.83681], [1.410373, 6.843663], [1.470755, 6.830032], [1.499374000000103, 6.836559], [1.5194580000001, 6.847605000000101], [1.532010000000184, 6.858651000000123], [1.556612, 6.901830000000132], [1.577700000000164, 6.90885900000012], [1.575691, 6.946516], [1.55912300000017, 6.971118], [1.55815600000011, 6.998000000000104], [1.549864, 7.011331000000155], [1.536251000000107, 7.013065], [1.534743, 7.016082000000154], [1.534341000000154, 7.040584], [1.554023, 7.044199], [1.566474, 7.06147], [1.562133000000188, 7.071604], [1.525910000000124, 7.081755000000101], [1.495384, 7.105052000000171], [1.470078000000171, 7.101839], [1.464455000000157, 7.106659], [1.462045, 7.123529], [1.442765000000179, 7.130357000000117], [1.44156, 7.185788000000116], [1.45602, 7.194624], [1.478915, 7.189805000000149], [1.478915, 7.201051000000177], [1.468070000000125, 7.214306], [1.468070000000125, 7.222741000000156], [1.45481500000011, 7.240013], [1.467669000000171, 7.283795], [1.466448, 7.296799], [1.445872, 7.29119], [1.421450000000107, 7.275509000000113], [1.409396000000186, 7.252011], [1.410024000000135, 7.239459000000181], [1.398099, 7.226906000000156], [1.36728, 7.241187000000139], [1.350626000000148, 7.244101], [1.274460000000147, 7.235065], [1.233038, 7.218748000000176], [1.220486, 7.222513000000106], [1.210444000000166, 7.2313], [1.190988000000118, 7.239459000000181], [1.159530000000132, 7.239105], [1.117897000000141, 7.2307780000001], [1.112068000000136, 7.224533000000122], [1.102845000000116, 7.199347], [1.097913, 7.194141], [1.061495, 7.189569000000176], [1.035969000000136, 7.194271000000185], [1.028028000000177, 7.209904000000108], [1.013166, 7.214322], [1.006338, 7.22356], [0.981033, 7.22516700000017]]]}}, {"id": "26", "type": "Feature", "properties": {"pcode": "TG0407", "prefecture": "Kpélé", "prefecture_codab": "Kpele", "region": "Plateaux", "region_pcode": "TG04", "population": 80939, "superficie_km2": 930.9167323438736, "area_sqkm": 930.33212708, "densite_hab_km2": 86.9454777079909, "centre_lon": 0.8059442539160088, "centre_lat": 7.115705}, "geometry": {"type": "Polygon", "coordinates": [[[0.876599, 7.322773], [0.859729, 7.311526000000129], [0.84326, 7.309116], [0.821312, 7.29725800000017], [0.813537000000167, 7.301886000000138], [0.795194000000151, 7.30436600000013], [0.752041000000133, 7.233336000000179], [0.733881, 7.209220000000187], [0.725912, 7.204335000000128], [0.7073, 7.159297], [0.697017, 7.15066], [0.694549000000109, 7.140788], [0.690642, 7.137909], [0.688379000000168, 7.121457], [0.671516, 7.123102], [0.668637, 7.120840000000157], [0.682708, 7.108553000000143], [0.672472, 7.090035], [0.659843, 7.083654], [0.658265, 7.075919], [0.6578540000001, 7.066048], [0.670193, 7.044454], [0.680887, 7.032526], [0.686028000000135, 7.028413000000114], [0.70392, 7.025123000000178], [0.732918, 7.024197000000129], [0.762313, 6.98173], [0.771877000000188, 6.983547000000101], [0.775875, 6.975260000000105], [0.774436, 6.968473], [0.785952000000179, 6.968062000000145], [0.794780000000173, 6.955539000000158], [0.805284000000142, 6.948936], [0.809096, 6.942485], [0.809211000000118, 6.933123000000137], [0.827472000000114, 6.918677000000173], [0.842728, 6.911858000000109], [0.857281, 6.918495], [0.878090000000157, 6.938324], [0.881304000000114, 6.95921], [0.874475000000189, 6.959612000000163], [0.871664000000123, 6.962424000000112], [0.874475000000189, 6.966039], [0.909822, 6.973269], [0.918659, 6.979294], [0.921872000000121, 6.999779], [0.907011000000125, 7.010222], [0.904199000000176, 7.017051], [0.907814000000144, 7.023076000000117], [0.925889000000154, 7.029101], [0.92937, 7.035813], [0.937839, 7.035596], [0.93788, 7.030619000000172], [0.94627, 7.02699900000016], [0.967000000000155, 7.053488000000186], [0.950877000000162, 7.06961100000018], [0.950800000000186, 7.09566], [0.937869, 7.117563], [0.927967000000137, 7.14736900000014], [0.926322, 7.184593], [0.92262, 7.195904], [0.925397000000146, 7.22284400000018], [0.937221, 7.235441], [0.928466, 7.241798], [0.931053, 7.258331], [0.939259000000106, 7.263326000000177], [0.952581000000123, 7.294243000000108], [0.946489, 7.29827100000017], [0.944481000000167, 7.305903000000114], [0.932126, 7.313857], [0.920381, 7.314739], [0.904314000000113, 7.321969], [0.876599, 7.322773]]]}}, {"id": "27", "type": "Feature", "properties": {"pcode": "TG0408", "prefecture": "Moyen-Mono", "prefecture_codab": "Moyen-Mono", "region": "Plateaux", "region_pcode": "TG04", "population": 90505, "superficie_km2": 626.1521758320062, "area_sqkm": 626.26142238, "densite_hab_km2": 144.5415403687459, "centre_lon": 1.5580479218261898, "centre_lat": 7.19603}, "geometry": {"type": "Polygon", "coordinates": [[[1.641587000000129, 6.99399000000011], [1.634919000000139, 7.400688], [1.625741000000119, 7.40066], [1.616521, 7.391399], [1.602815, 7.385052], [1.588589000000127, 7.365292], [1.57395600000018, 7.332418000000189], [1.562388000000112, 7.326634000000183], [1.558853, 7.315387], [1.536681000000158, 7.299641000000179], [1.516758000000152, 7.307353], [1.503905, 7.303176], [1.489123000000177, 7.290965000000142], [1.472735000000114, 7.288716], [1.466891, 7.29623], [1.467669000000171, 7.283795], [1.45481500000011, 7.240013], [1.468070000000125, 7.222741000000156], [1.468070000000125, 7.214306], [1.478915, 7.201051000000177], [1.478915, 7.189805000000149], [1.45602, 7.194624], [1.44156, 7.185788000000116], [1.442765000000179, 7.130357000000117], [1.462045, 7.123529], [1.464455000000157, 7.106659], [1.470078000000171, 7.101839], [1.495384, 7.105052000000171], [1.525910000000124, 7.081755000000101], [1.562133000000188, 7.071604], [1.566474, 7.06147], [1.554023, 7.044199], [1.534341000000154, 7.040584], [1.536251000000107, 7.013065], [1.549864, 7.011331000000155], [1.55815600000011, 6.998000000000104], [1.587361000000158, 6.997605], [1.590976000000126, 6.99399000000011], [1.641587000000129, 6.99399000000011]]]}}, {"id": "28", "type": "Feature", "properties": {"pcode": "TG0409", "prefecture": "Ogou", "prefecture_codab": "Ogou", "region": "Plateaux", "region_pcode": "TG04", "population": 253467, "superficie_km2": 1944.1023647747595, "area_sqkm": 1943.99066212, "densite_hab_km2": 130.37739400587904, "centre_lon": 1.2756975625000901, "centre_lat": 7.463442500000066}, "geometry": {"type": "Polygon", "coordinates": [[[1.181605, 7.719948000000102], [1.1755, 7.736336000000108], [1.166181000000108, 7.738907], [1.159112, 7.734730000000127], [1.157827000000111, 7.728946000000121], [1.144973, 7.712557000000118], [1.11662200000012, 7.71227800000014], [1.117499, 7.704492], [1.135655, 7.669659], [1.146580000000142, 7.636883000000125], [1.154613, 7.597037], [1.152687, 7.584933], [1.143021, 7.567658000000108], [1.142405, 7.551205], [1.12698, 7.54339], [1.107738000000154, 7.50911], [1.118925000000104, 7.478049], [1.134471000000133, 7.480227], [1.144111000000123, 7.464964], [1.144512000000134, 7.441667000000166], [1.138942, 7.428631000000166], [1.142662, 7.398871], [1.141407, 7.364980000000173], [1.135131, 7.359959], [1.118813, 7.359332], [1.110027000000173, 7.339248], [1.080529, 7.326069000000132], [1.076764, 7.278998000000115], [1.061701, 7.280881000000136], [1.05668, 7.276487], [1.058563000000106, 7.260797], [1.065467, 7.253266], [1.06735, 7.234438], [1.059191, 7.21561], [1.038974, 7.192983], [1.061495, 7.189569000000176], [1.097913, 7.194141], [1.102845000000116, 7.199347], [1.112068000000136, 7.224533000000122], [1.117897000000141, 7.2307780000001], [1.159530000000132, 7.239105], [1.190988000000118, 7.239459000000181], [1.210444000000166, 7.2313], [1.220486, 7.222513000000106], [1.233038, 7.218748000000176], [1.274460000000147, 7.235065], [1.350626000000148, 7.244101], [1.36728, 7.241187000000139], [1.398099, 7.226906000000156], [1.410024000000135, 7.239459000000181], [1.409396000000186, 7.252011], [1.424278000000186, 7.278337000000136], [1.445872, 7.29119], [1.466448, 7.296799], [1.472735000000114, 7.288716], [1.489123000000177, 7.290965000000142], [1.503905, 7.303176], [1.516758000000152, 7.307353], [1.536681000000158, 7.299641000000179], [1.558853, 7.315387], [1.562388000000112, 7.326634000000183], [1.57395600000018, 7.332418000000189], [1.588589000000127, 7.365292], [1.602815, 7.385052], [1.616521, 7.391399], [1.625741000000119, 7.40066], [1.634919000000139, 7.400688], [1.644007000000158, 7.485695], [1.648184, 7.492443], [1.654290000000117, 7.494371000000115], [1.675498000000175, 7.494371000000115], [1.677105, 7.501119000000131], [1.668750000000159, 7.518149], [1.659254000000146, 7.521287000000143], [1.654611, 7.512205000000108], [1.618943, 7.505778], [1.604804000000115, 7.509955000000105], [1.606411, 7.518953000000124], [1.603197, 7.52538], [1.587131000000113, 7.540482000000111], [1.554997, 7.547230000000127], [1.53636, 7.545945000000188], [1.531218, 7.536948], [1.53154, 7.521845], [1.521578, 7.511241], [1.49073, 7.508831000000157], [1.450885, 7.496299000000135], [1.449921000000188, 7.459666], [1.441245, 7.423034000000143], [1.434175000000153, 7.427854], [1.431604, 7.434924], [1.405576000000167, 7.46545], [1.403327, 7.480232000000171], [1.385332, 7.486016000000177], [1.378905000000145, 7.492764], [1.376656, 7.501119000000131], [1.385975, 7.509473000000185], [1.379869000000156, 7.521363], [1.360911000000101, 7.523291], [1.343880000000127, 7.528754000000163], [1.337453, 7.533895], [1.338096, 7.541446000000121], [1.349021, 7.545302000000106], [1.351270000000113, 7.553978000000143], [1.348379, 7.559441], [1.332312, 7.557192000000157], [1.306926, 7.571009000000117], [1.307247, 7.582899000000168], [1.319137000000126, 7.594145], [1.313996, 7.600893], [1.306926, 7.603464000000145], [1.29825000000011, 7.597037], [1.287003, 7.602500000000134], [1.284111000000166, 7.612140000000181], [1.293751, 7.617924000000187], [1.299857, 7.638168], [1.294394000000125, 7.644274000000109], [1.294552, 7.649903], [1.28604, 7.665], [1.278327000000161, 7.671748], [1.257762000000184, 7.681067], [1.215346, 7.68138800000014], [1.193174000000113, 7.677211], [1.175821000000155, 7.682673], [1.172929000000181, 7.692313], [1.180320000000108, 7.706131000000141], [1.181605, 7.719948000000102]]]}}, {"id": "29", "type": "Feature", "properties": {"pcode": "TG0410", "prefecture": "Akébou", "prefecture_codab": "Akebou", "region": "Plateaux", "region_pcode": "TG04", "population": 73830, "superficie_km2": 1146.6722153131007, "area_sqkm": 1145.90487857, "densite_hab_km2": 64.38631634572275, "centre_lon": 0.7534097734534313, "centre_lat": 7.828317}, "geometry": {"type": "Polygon", "coordinates": [[[0.868160000000103, 8.02215], [0.861801, 8.031840000000102], [0.837123, 8.038742], [0.833532, 8.01654400000018], [0.835228, 8.006611], [0.831594000000109, 7.998616], [0.833878, 7.993922000000168], [0.83014, 7.974391000000139], [0.831606, 7.968182000000127], [0.825929000000144, 7.95379800000012], [0.809274, 7.942443000000139], [0.773065, 7.932354], [0.734354, 7.947266], [0.712645000000123, 7.951861], [0.709532000000138, 7.964587], [0.70139300000011, 7.963262000000157], [0.692876, 7.959666], [0.689687, 7.95151600000014], [0.690565, 7.942659], [0.700068000000101, 7.921056], [0.684927000000187, 7.902129000000173], [0.678681, 7.897019000000114], [0.66619, 7.893991], [0.616015000000118, 7.890984000000117], [0.621902000000148, 7.859545], [0.615846, 7.836455000000171], [0.613575, 7.797845000000166], [0.609033, 7.786111], [0.609411, 7.778919], [0.615846, 7.769077], [0.614052, 7.760293000000104], [0.60828400000014, 7.752961], [0.60828400000014, 7.744927], [0.616317, 7.711187000000109], [0.625957, 7.709379], [0.636401, 7.694919], [0.64443400000016, 7.701346000000171], [0.652126000000123, 7.691688], [0.650274, 7.683191], [0.654074, 7.64692], [0.663714, 7.627238], [0.676166, 7.618], [0.70990600000016, 7.613581000000181], [0.73842500000012, 7.631656], [0.765337000000159, 7.657363], [0.78542, 7.660577], [0.792650000000151, 7.640092], [0.801888, 7.628845000000126], [0.809922, 7.634066000000132], [0.829202, 7.67825], [0.864823, 7.6842], [0.868967, 7.691706000000124], [0.872181, 7.737095], [0.879411000000175, 7.757178000000124], [0.877804, 7.770032000000185], [0.883427, 7.813813], [0.899716000000126, 7.846029], [0.913272000000177, 7.863602000000128], [0.927833, 7.873643], [0.952937, 7.874145], [0.959966, 7.869627], [0.977539000000149, 7.870129000000134], [1.012183000000107, 7.882681], [1.034275, 7.880170000000135], [1.046827, 7.886195], [1.06038400000017, 7.880170000000135], [1.082313, 7.876194000000112], [1.080385, 7.892987000000119], [1.049536, 7.913231], [1.044074, 7.94247300000012], [1.038290000000131, 7.947936], [1.038468000000137, 7.960595000000126], [0.988986000000125, 7.971578], [0.963246, 7.980966], [0.919034000000181, 7.964613], [0.884512, 7.959465], [0.868160000000103, 8.02215]]]}}, {"id": "30", "type": "Feature", "properties": {"pcode": "TG0411", "prefecture": "Anié", "prefecture_codab": "Anie", "region": "Plateaux", "region_pcode": "TG04", "population": 180158, "superficie_km2": 1985.9129687921977, "area_sqkm": 1985.9714186, "densite_hab_km2": 90.71797346163129, "centre_lon": 1.4028370610407417, "centre_lat": 7.69633}, "geometry": {"type": "Polygon", "coordinates": [[[1.121837, 7.917569000000128], [1.148562, 7.966074000000106], [1.125146, 7.957758], [1.074423, 7.949052], [1.05928200000011, 7.94980900000013], [1.038468000000137, 7.960595000000126], [1.038290000000131, 7.947936], [1.044074, 7.94247300000012], [1.049536, 7.913231], [1.080385, 7.892987000000119], [1.081027, 7.861496000000102], [1.08649000000014, 7.856998], [1.099665, 7.808155], [1.108984, 7.803013], [1.112667000000101, 7.776953000000105], [1.142199, 7.768788], [1.143021, 7.757066], [1.136852000000147, 7.739996], [1.115988, 7.728669], [1.116696, 7.710951000000136], [1.144973, 7.712557000000118], [1.157827000000111, 7.728946000000121], [1.159112, 7.734730000000127], [1.166181000000108, 7.738907], [1.1755, 7.736336000000108], [1.181605, 7.719948000000102], [1.180320000000108, 7.706131000000141], [1.172929000000181, 7.692313], [1.175821000000155, 7.682673], [1.193174000000113, 7.677211], [1.215346, 7.68138800000014], [1.257762000000184, 7.681067], [1.278327000000161, 7.671748], [1.28604, 7.665], [1.294552, 7.649903], [1.294394000000125, 7.644274000000109], [1.299857, 7.638168], [1.293751, 7.617924000000187], [1.284111000000166, 7.612140000000181], [1.287003, 7.602500000000134], [1.29825000000011, 7.597037], [1.306926, 7.603464000000145], [1.313996, 7.600893], [1.319137000000126, 7.594145], [1.307247, 7.582899000000168], [1.306926, 7.571009000000117], [1.332312, 7.557192000000157], [1.348379, 7.559441], [1.351270000000113, 7.553978000000143], [1.349021, 7.545302000000106], [1.338096, 7.541446000000121], [1.337453, 7.533895], [1.343880000000127, 7.528754000000163], [1.360911000000101, 7.523291], [1.379869000000156, 7.521363], [1.385975, 7.509473000000185], [1.376656, 7.501119000000131], [1.378905000000145, 7.492764], [1.385332, 7.486016000000177], [1.403327, 7.480232000000171], [1.405576000000167, 7.46545], [1.431604, 7.434924], [1.434175000000153, 7.427854], [1.441245, 7.423034000000143], [1.444136, 7.43074600000017], [1.449921000000188, 7.459666], [1.450885, 7.496299000000135], [1.49073, 7.508831000000157], [1.521578, 7.511241], [1.53154, 7.521845], [1.531218, 7.536948], [1.53636, 7.545945000000188], [1.554997, 7.547230000000127], [1.587131000000113, 7.540482000000111], [1.603197, 7.52538], [1.606411, 7.518953000000124], [1.604804000000115, 7.509955000000105], [1.618943, 7.505778], [1.654611, 7.512205000000108], [1.659431, 7.520881], [1.64947, 7.548194000000137], [1.650755000000174, 7.613425], [1.636938, 7.641382], [1.631475, 7.661304000000143], [1.635924000000159, 7.796479], [1.635296, 7.810286000000133], [1.629647, 7.826604], [1.634041000000138, 7.896896], [1.632717000000184, 7.917295], [1.530410000000131, 7.904917000000125], [1.503900000000158, 7.92861500000015], [1.50149, 7.937452000000178], [1.494260000000111, 7.943075], [1.491046, 7.957937000000129], [1.484218, 7.963962], [1.442313, 7.964850000000126], [1.440239, 7.908791000000178], [1.451407, 7.909448], [1.465214, 7.901289000000133], [1.467097, 7.896896], [1.458938, 7.839784], [1.448896000000104, 7.820955], [1.425047, 7.815935], [1.408102, 7.816562], [1.394294000000116, 7.80338200000017], [1.390670000000114, 7.795771000000116], [1.355383, 7.812169000000154], [1.334044, 7.827232000000151], [1.323374, 7.83037], [1.303291000000115, 7.822838], [1.290111000000138, 7.824093000000119], [1.281952, 7.829114000000118], [1.28948400000013, 7.839156000000173], [1.28948400000013, 7.847315], [1.284463000000187, 7.852336], [1.276304, 7.846687000000145], [1.263752000000181, 7.843549], [1.243668, 7.845432], [1.23299900000012, 7.853591000000108], [1.218564000000185, 7.856729], [1.226502, 7.876531000000114], [1.209339, 7.87633], [1.204494, 7.881660000000124], [1.207876000000113, 7.897054], [1.193174000000113, 7.896040000000141], [1.172929000000181, 7.912428], [1.156863000000101, 7.912749000000133], [1.137582000000123, 7.90086], [1.129549, 7.902467], [1.121837, 7.917569000000128]]]}}, {"id": "31", "type": "Feature", "properties": {"pcode": "TG0412", "prefecture": "Kloto", "prefecture_codab": "Kloto", "region": "Plateaux", "region_pcode": "TG04", "population": 145986, "superficie_km2": 528.2286862632608, "area_sqkm": 527.75193831, "densite_hab_km2": 276.36893602412744, "centre_lon": 0.6296134627389858, "centre_lat": 6.919897499999999}, "geometry": {"type": "Polygon", "coordinates": [[[0.627164000000107, 7.072362], [0.614395, 7.092195], [0.610455000000172, 7.080395000000181], [0.597186, 7.066048], [0.595540000000142, 7.059878], [0.598831, 7.028413000000114], [0.585874, 7.020598], [0.571273, 7.005586000000164], [0.557494, 6.999827], [0.522738, 6.974326], [0.516569000000175, 6.966717], [0.51471800000013, 6.948414000000184], [0.526235, 6.939570000000117], [0.546183000000156, 6.933401], [0.555232000000103, 6.92291200000011], [0.55811100000011, 6.914069], [0.557494, 6.901524], [0.55153, 6.887128000000132], [0.538985, 6.876023], [0.530226, 6.850044], [0.528015, 6.842989000000102], [0.530121, 6.825826], [0.547600000000159, 6.827722], [0.555286, 6.825194000000124], [0.577823, 6.807621], [0.580719, 6.797750000000121], [0.572427000000175, 6.803541], [0.56650400000018, 6.799987000000101], [0.570189, 6.791695], [0.567012000000148, 6.786054000000149], [0.571750000000122, 6.778157], [0.572277, 6.765258], [0.576488, 6.76131], [0.587676000000101, 6.762758000000133], [0.607419000000107, 6.753281000000129], [0.623739, 6.753939], [0.628872, 6.748674000000108], [0.638744, 6.7621], [0.644799000000148, 6.764732], [0.642956, 6.773287], [0.653748, 6.79224], [0.668512, 6.806745], [0.682348000000104, 6.809428], [0.677966, 6.817511], [0.680204000000174, 6.82172300000019], [0.660785, 6.831229000000121], [0.656802000000141, 6.845486000000108], [0.668673000000183, 6.851528000000144], [0.673369, 6.846301], [0.674143000000186, 6.857960000000105], [0.683455, 6.866013000000123], [0.690695000000119, 6.883518], [0.699645, 6.892468], [0.691488000000163, 6.900374000000113], [0.694112, 6.916934], [0.702592, 6.919318], [0.704804, 6.932691], [0.717860000000144, 6.94122], [0.72785000000016, 6.956764], [0.741144, 6.956369], [0.74983, 6.970057], [0.750752, 6.973216], [0.747111, 6.97667], [0.753072, 6.984197], [0.756157, 6.974737000000175], [0.759036, 6.982141000000126], [0.76356, 6.983066], [0.732918, 7.024197000000129], [0.70392, 7.025123000000178], [0.686028000000135, 7.028413000000114], [0.680887, 7.032526], [0.670193, 7.044454], [0.6578540000001, 7.066048], [0.659843, 7.083654], [0.643873, 7.081038], [0.632627, 7.072683000000154], [0.627164000000107, 7.072362]]]}}, {"id": "32", "type": "Feature", "properties": {"pcode": "TG0513", "prefecture": "Kpendjal", "prefecture_codab": "Kpendjal", "region": "Savanes", "region_pcode": "TG05", "population": 88365, "superficie_km2": 1394.2336289949317, "area_sqkm": 1393.15894587, "densite_hab_km2": 63.378904483676905, "centre_lon": 0.7005051616928134, "centre_lat": 10.800976000000162}, "geometry": {"type": "Polygon", "coordinates": [[[0.912287, 10.996543], [0.639141, 10.999571000000117], [0.597107000000108, 10.979117], [0.588267, 10.960507], [0.576457000000175, 10.952634], [0.576457000000175, 10.947486], [0.573126000000116, 10.944761], [0.577183, 10.907985], [0.569492000000139, 10.91508400000015], [0.564647, 10.909633000000156], [0.550717000000134, 10.90297100000015], [0.546175, 10.904182000000162], [0.538302000000158, 10.897520000000156], [0.539816, 10.893281], [0.533759000000146, 10.883893000000114], [0.541027, 10.876928], [0.540724000000182, 10.864816000000133], [0.536485, 10.862999], [0.53815, 10.854368], [0.534213, 10.846495000000175], [0.53058, 10.848312], [0.527551, 10.844375], [0.536333000000127, 10.836805], [0.537242, 10.826206000000127], [0.528460000000109, 10.830445], [0.522706, 10.825903], [0.529671000000121, 10.814699000000132], [0.53058, 10.795924000000127], [0.509382, 10.779571000000146], [0.508171, 10.760796], [0.511804, 10.730817000000116], [0.508023, 10.707939], [0.481349, 10.709159000000113], [0.482466, 10.692967000000124], [0.498065, 10.684691000000157], [0.538650000000189, 10.677052000000117], [0.556186, 10.668140000000108], [0.548036, 10.629347], [0.555714, 10.631188000000122], [0.556017, 10.619984], [0.570552, 10.621498], [0.579939, 10.613625], [0.605679, 10.616047], [0.619307, 10.612413000000117], [0.624455000000182, 10.607871], [0.674373000000173, 10.614427000000148], [0.680525000000102, 10.620271000000173], [0.685547000000156, 10.64574400000015], [0.689135, 10.64682], [0.692723, 10.641439000000105], [0.707433, 10.65794300000016], [0.74351200000018, 10.654895], [0.754074000000116, 10.664759000000117], [0.767349, 10.660813000000132], [0.769860000000108, 10.665477], [0.763043, 10.6740870000001], [0.773448000000144, 10.676958000000184], [0.773089000000141, 10.68628600000011], [0.780982, 10.699561000000188], [0.79840600000017, 10.695934000000136], [0.80490600000013, 10.683243], [0.81205100000011, 10.680302], [0.815016000000128, 10.704639], [0.836781, 10.754794000000174], [0.873688, 10.806368], [0.885033000000135, 10.861484000000132], [0.90078, 10.886922], [0.890181, 10.920232000000112], [0.899568000000158, 10.944761], [0.912287, 10.996543]]]}}, {"id": "33", "type": "Feature", "properties": {"pcode": "TG0514", "prefecture": "Oti", "prefecture_codab": "Oti", "region": "Savanes", "region_pcode": "TG05", "population": 124848, "superficie_km2": 1543.6825202468947, "area_sqkm": 1541.8556289, "densite_hab_km2": 80.87673363045658, "centre_lon": 0.41077067092675, "centre_lat": 10.405542500000095}, "geometry": {"type": "Polygon", "coordinates": [[[0.346775, 10.685258], [0.318505, 10.672352000000103], [0.306707000000188, 10.672726000000125], [0.304156000000148, 10.669325], [0.302523, 10.662375], [0.319497, 10.658454000000177], [0.320559, 10.649017], [0.335642000000121, 10.637681], [0.335317, 10.633055], [0.325389000000143, 10.629016], [0.319443, 10.621499000000142], [0.311365000000137, 10.5965920000001], [0.301132, 10.58614400000016], [0.275657, 10.591609], [0.253459000000134, 10.587018000000171], [0.24270300000012, 10.592222000000163], [0.21578, 10.566253000000188], [0.187339000000179, 10.549684], [0.192758, 10.545857000000126], [0.215234, 10.550415000000157], [0.222629, 10.544667], [0.223164000000168, 10.539586000000156], [0.207177, 10.521039000000144], [0.208709000000169, 10.514029000000107], [0.191879000000142, 10.507826], [0.191664000000117, 10.504433000000176], [0.198531, 10.502799000000152], [0.211656000000119, 10.512844000000143], [0.215338, 10.511666], [0.213705000000175, 10.50269], [0.219738000000177, 10.484821000000181], [0.21587, 10.452091000000166], [0.217170000000181, 10.429195], [0.207051, 10.425858000000119], [0.191757000000166, 10.427496000000133], [0.185242, 10.425184000000172], [0.183349, 10.412568], [0.192812, 10.396797000000106], [0.203852, 10.398374], [0.2025900000001, 10.411621], [0.213314000000139, 10.417299], [0.218348000000105, 10.417299], [0.235102, 10.406978000000151], [0.259858, 10.40518400000019], [0.269545000000107, 10.415229000000181], [0.281743, 10.415588], [0.2943, 10.402672], [0.29896500000018, 10.391550000000109], [0.288381000000186, 10.377737000000138], [0.289457, 10.372356], [0.306319, 10.363386], [0.314571000000171, 10.333608], [0.325335000000109, 10.335043], [0.332151, 10.328944], [0.331434000000115, 10.318898], [0.320312, 10.312799], [0.317442, 10.308852000000172], [0.3188770000001, 10.305264000000136], [0.384533, 10.308493000000112], [0.392067000000111, 10.304905], [0.393144, 10.301318000000151], [0.36982300000011, 10.280150000000162], [0.374129, 10.273333], [0.379151, 10.271898], [0.373411000000146, 10.263646000000108], [0.36193, 10.257906000000162], [0.359419000000116, 10.253241], [0.358155000000124, 10.21666800000014], [0.348865000000103, 10.184315], [0.348865000000103, 10.160931], [0.357835000000136, 10.139148], [0.357087, 10.12462], [0.374666000000104, 10.136459000000116], [0.383995000000141, 10.128925], [0.387941000000126, 10.140765], [0.403010000000108, 10.15260400000011], [0.420949, 10.154398], [0.435668, 10.161220000000185], [0.421667000000184, 10.173413], [0.408033, 10.176642], [0.406957, 10.185193], [0.410006, 10.189738], [0.418617, 10.191891], [0.423999, 10.185432000000105], [0.453418, 10.204807], [0.461311, 10.205524], [0.473151, 10.198348000000124], [0.478891, 10.200860000000148], [0.485708, 10.213417000000106], [0.493242000000123, 10.213417000000106], [0.5022120000001, 10.218081], [0.504006, 10.23315], [0.519792, 10.254677000000186], [0.534143000000142, 10.2851730000001], [0.569662, 10.311363], [0.590710000000172, 10.335708], [0.567509, 10.346165000000155], [0.558181, 10.384195000000148], [0.540242, 10.396035], [0.51154, 10.428325], [0.514769000000115, 10.43442400000015], [0.525891, 10.438729], [0.530914000000109, 10.445905], [0.532708, 10.455592], [0.528044, 10.459897000000126], [0.512891000000138, 10.462999], [0.51459, 10.477657], [0.519254000000103, 10.481603], [0.525712000000112, 10.479809000000103], [0.528941000000145, 10.483397000000139], [0.532529000000181, 10.506], [0.539346, 10.507435], [0.554055, 10.499542000000133], [0.563025, 10.498466000000121], [0.569841, 10.503848000000119], [0.560514000000182, 10.51138200000014], [0.564460000000167, 10.551206], [0.572712000000138, 10.568428], [0.586345000000108, 10.576321], [0.595135, 10.565019], [0.606258, 10.564302], [0.615227000000118, 10.559279000000117], [0.628502, 10.559637], [0.641418, 10.552821000000108], [0.65325700000011, 10.554615], [0.666891, 10.551744000000156], [0.67944800000015, 10.558202000000165], [0.680883, 10.566095], [0.67944800000015, 10.575782], [0.666891, 10.595874], [0.666174000000183, 10.606637], [0.674373000000173, 10.614427000000148], [0.624455000000182, 10.607871], [0.619307, 10.612413000000117], [0.605679, 10.616047], [0.579939, 10.613625], [0.570552, 10.621498], [0.556017, 10.619984], [0.555714, 10.631188000000122], [0.548036, 10.629347], [0.556186, 10.668140000000108], [0.538650000000189, 10.677052000000117], [0.522053, 10.640528], [0.511190000000113, 10.635285], [0.490114000000119, 10.63231], [0.471353, 10.634481000000108], [0.458175000000153, 10.628279000000134], [0.44081, 10.625644], [0.435073, 10.638202000000149], [0.414297, 10.654017], [0.378559000000109, 10.661071000000163], [0.376699, 10.680452], [0.373442, 10.683243], [0.351116, 10.682002], [0.346775, 10.685258]]]}}, {"id": "34", "type": "Feature", "properties": {"pcode": "TG0515", "prefecture": "Tandjoaré", "prefecture_codab": "Tandjoare", "region": "Savanes", "region_pcode": "TG05", "population": 138867, "superficie_km2": 952.943149653477, "area_sqkm": 951.36855408, "densite_hab_km2": 145.72432788933614, "centre_lon": 0.16048459894232053, "centre_lat": 10.606418000000065}, "geometry": {"type": "Polygon", "coordinates": [[[0.140649, 10.783419], [0.120304, 10.78513], [0.128963, 10.795310000000143], [0.105182, 10.805765], [0.073408, 10.800771], [0.044704, 10.788135000000125], [0.043064000000129, 10.784444], [0.06131, 10.775014], [0.065205000000105, 10.7676340000001], [0.059465000000159, 10.761073000000124], [0.045977, 10.754203000000132], [0.025557, 10.751594], [0.00456400000013, 10.756350000000111], [-0.013372, 10.75197], [-0.018307, 10.754346], [-0.004292, 10.775703], [-0.005604, 10.785871], [-0.013477, 10.783739], [-0.073176, 10.75979400000017], [-0.077603999999894, 10.752250000000174], [-0.074353999999857, 10.723839], [-0.087976, 10.714988000000119], [-0.071176, 10.675687000000153], [-0.068237999999894, 10.651261], [-0.063978, 10.641375000000153], [-0.054334, 10.631542000000138], [-0.020927, 10.619516], [0.011547, 10.602634000000137], [0.033881, 10.596308], [0.048407, 10.587485], [0.059115, 10.568212], [0.071727, 10.554526000000124], [0.109973, 10.542934], [0.131586, 10.531019], [0.141531, 10.514157], [0.153662000000111, 10.472127], [0.154806000000121, 10.45397400000013], [0.167656, 10.440042000000119], [0.166022000000169, 10.43130900000017], [0.169524, 10.422864], [0.183349, 10.412761], [0.185242, 10.425184000000172], [0.191757000000166, 10.427496000000133], [0.207051, 10.425858000000119], [0.217170000000181, 10.429195], [0.21587, 10.452091000000166], [0.219738000000177, 10.484821000000181], [0.213705000000175, 10.50269], [0.215338, 10.511666], [0.211656000000119, 10.512844000000143], [0.198531, 10.502799000000152], [0.191664000000117, 10.504433000000176], [0.191879000000142, 10.507826], [0.208709000000169, 10.514029000000107], [0.207177, 10.521039000000144], [0.223164000000168, 10.539586000000156], [0.222629, 10.544667], [0.215234, 10.550415000000157], [0.192758, 10.545857000000126], [0.187339000000179, 10.549684], [0.21578, 10.566253000000188], [0.24270300000012, 10.592222000000163], [0.253459000000134, 10.587018000000171], [0.275657, 10.591609], [0.301132, 10.58614400000016], [0.311365000000137, 10.5965920000001], [0.319443, 10.621499000000142], [0.325389000000143, 10.629016], [0.335317, 10.633055], [0.335642000000121, 10.637681], [0.320559, 10.649017], [0.319497, 10.658454000000177], [0.291707, 10.66550000000018], [0.282256000000189, 10.671106], [0.276329, 10.696576000000107], [0.259488, 10.722436000000187], [0.251559000000157, 10.720276000000126], [0.250083, 10.733055], [0.24179, 10.73507700000016], [0.239463000000114, 10.7463130000001], [0.214247, 10.753693], [0.212742, 10.780906], [0.203997000000186, 10.778499], [0.164307000000179, 10.785777], [0.140649, 10.783419]]]}}, {"id": "35", "type": "Feature", "properties": {"pcode": "TG0516", "prefecture": "Tône", "prefecture_codab": "Tone", "region": "Savanes", "region_pcode": "TG05", "population": 388775, "superficie_km2": 1221.723595739475, "area_sqkm": 1219.84559185, "densite_hab_km2": 318.21845903261396, "centre_lon": 0.16910430000006624, "centre_lat": 10.868205}, "geometry": {"type": "Polygon", "coordinates": [[[0.291528000000142, 11.050425000000189], [0.190364, 11.071766], [0.181753000000185, 11.06848500000018], [0.178063, 11.046344], [0.18236800000011, 11.041219000000183], [0.189134, 11.040194], [0.192824000000144, 11.032404], [0.211275, 11.030149000000108], [0.219207, 11.013593000000185], [0.21189, 11.003702], [0.21476, 10.984842], [0.202869000000135, 10.975821], [0.199201, 10.966156], [0.177842, 10.974815000000149], [0.176003000000151, 10.971842], [0.148439000000167, 10.985559], [0.137038, 10.971787], [0.121173000000113, 10.993177000000117], [0.103297, 10.991209], [0.090504, 10.995965], [0.08624, 11.001214], [0.029493, 10.993177000000117], [0.032117, 10.984485000000177], [0.026705000000163, 10.974316], [0.017849000000126, 10.972348000000125], [0.006862, 10.961534000000142], [-0.011673999999857, 10.956448000000137], [-0.01575, 10.932414000000165], [-0.014071, 10.910649], [-0.03174399999989, 10.870148], [-0.033961, 10.850261], [-0.026458999999875, 10.825392], [-0.0282, 10.818205000000148], [-0.03428799999989, 10.80769], [-0.045539, 10.799813], [-0.048461, 10.78992600000015], [-0.062122, 10.781427], [-0.067585, 10.768976000000123], [-0.073482999999896, 10.769665], [-0.075552, 10.765163], [-0.072919, 10.759887], [-0.005604, 10.785871], [-0.004292, 10.775703], [-0.018307, 10.754346], [-0.013372, 10.75197], [0.00456400000013, 10.756350000000111], [0.025557, 10.751594], [0.045977, 10.754203000000132], [0.059465000000159, 10.761073000000124], [0.065205000000105, 10.7676340000001], [0.057210000000111, 10.77829400000013], [0.044089, 10.781779], [0.044704, 10.788135000000125], [0.073408, 10.800771], [0.105182, 10.805765], [0.128963, 10.795310000000143], [0.120304, 10.78513], [0.149669000000131, 10.782599], [0.164307000000179, 10.785777], [0.203997000000186, 10.778499], [0.212742, 10.780906], [0.214247, 10.753693], [0.239463000000114, 10.7463130000001], [0.24179, 10.73507700000016], [0.250083, 10.733055], [0.251559000000157, 10.720276000000126], [0.259488, 10.722436000000187], [0.276329, 10.696576000000107], [0.282256000000189, 10.671106], [0.291707, 10.66550000000018], [0.302355, 10.662805000000105], [0.306707000000188, 10.672726000000125], [0.318505, 10.672352000000103], [0.342318, 10.682773], [0.345752000000118, 10.686127000000113], [0.33458800000011, 10.696085], [0.32577300000014, 10.715971000000138], [0.330078000000185, 10.736677], [0.326593000000116, 10.751233], [0.330488000000173, 10.757383000000118], [0.345248, 10.75307800000013], [0.348324000000105, 10.75697300000013], [0.334383, 10.7676340000001], [0.331923, 10.791005], [0.321365, 10.803613], [0.320955, 10.808123000000137], [0.323620000000176, 10.816323], [0.330795, 10.817964000000131], [0.337002, 10.827034], [0.371727, 10.833559], [0.384776000000102, 10.833118], [0.371409, 10.865840000000105], [0.365669000000139, 10.87609], [0.353983, 10.885931000000141], [0.351728, 10.893311], [0.356649, 10.916887000000145], [0.373552, 10.946949], [0.362210000000118, 10.953997000000186], [0.359485, 10.96035600000016], [0.372658, 10.975648000000149], [0.388569, 10.98476600000015], [0.389553, 11.004611], [0.401853000000131, 11.002151], [0.401853000000131, 11.020848], [0.408578, 11.026916000000142], [0.397097, 11.029868000000135], [0.392362, 11.037539000000152], [0.362000000000137, 11.044244000000162], [0.291528000000142, 11.050425000000189]]]}}, {"id": "36", "type": "Feature", "properties": {"pcode": "TG0517", "prefecture": "Cinkassé", "prefecture_codab": "Cinkasse", "region": "Savanes", "region_pcode": "TG05", "population": 128959, "superficie_km2": 276.0976549788515, "area_sqkm": 275.62080833, "densite_hab_km2": 467.0774911502888, "centre_lon": 0.101609484982722, "centre_lat": 11.050334000000063}, "geometry": {"type": "Polygon", "coordinates": [[[-0.093511, 11.129291000000137], [-0.131711999999879, 11.13804000000016], [-0.134933, 11.127175], [-0.141966, 11.119160000000136], [-0.142293, 11.106565], [-0.13984, 11.104275], [-0.124791, 11.104929], [-0.109742, 11.096587000000113], [-0.075064999999881, 11.088245], [-0.067492, 11.088526000000172], [-0.054781999999875, 11.099858], [-0.016016, 11.109182], [0.007822, 11.097651], [0.024089, 11.0550530000001], [0.029621, 10.993189], [0.08624, 11.001214], [0.090504, 10.995965], [0.103297, 10.991209], [0.121173000000113, 10.993177000000117], [0.137038, 10.971787], [0.148439000000167, 10.985559], [0.176003000000151, 10.971842], [0.177842, 10.974815000000149], [0.199201, 10.966156], [0.202869000000135, 10.975821], [0.21476, 10.984842], [0.21189, 11.003702], [0.219207, 11.013593000000185], [0.211275, 11.030149000000108], [0.192824000000144, 11.032404], [0.189134, 11.040194], [0.18236800000011, 11.041219000000183], [0.178063, 11.046344], [0.181753000000185, 11.06848500000018], [0.190313, 11.072288], [0.03551, 11.111309000000176], [-0.093511, 11.129291000000137]]]}}, {"id": "37", "type": "Feature", "properties": {"pcode": "TG0518", "prefecture": "Kpendjal-Ouest", "prefecture_codab": "Naki-Ouest", "region": "Savanes", "region_pcode": "TG05", "population": 123330, "superficie_km2": 786.4868731267381, "area_sqkm": 785.59368123, "densite_hab_km2": 156.8112631170718, "centre_lon": 0.4498607433396139, "centre_lat": 10.831184500000077}, "geometry": {"type": "Polygon", "coordinates": [[[0.50272, 11.004265], [0.503931, 11.012744000000112], [0.444881000000123, 11.023343], [0.392362, 11.037539000000152], [0.397097, 11.029868000000135], [0.408578, 11.026916000000142], [0.401853000000131, 11.020848], [0.401853000000131, 11.002151], [0.389553, 11.004611], [0.388569, 10.98476600000015], [0.372658, 10.975648000000149], [0.359485, 10.96035600000016], [0.362210000000118, 10.953997000000186], [0.373552, 10.946949], [0.356649, 10.916887000000145], [0.351728, 10.893311], [0.353983, 10.885931000000141], [0.365669000000139, 10.87609], [0.371409, 10.865840000000105], [0.384776000000102, 10.833118], [0.371727, 10.833559], [0.337002, 10.827034], [0.330795, 10.817964000000131], [0.323620000000176, 10.816323], [0.320955, 10.808123000000137], [0.321365, 10.803613], [0.331923, 10.791005], [0.334383, 10.7676340000001], [0.348324000000105, 10.75697300000013], [0.345248, 10.75307800000013], [0.330488000000173, 10.757383000000118], [0.327412, 10.755538], [0.330078000000185, 10.736677], [0.32577300000014, 10.715971000000138], [0.33458800000011, 10.696085], [0.351116, 10.682002], [0.373442, 10.683243], [0.376699, 10.680452], [0.378559000000109, 10.661071000000163], [0.414297, 10.654017], [0.435073, 10.638202000000149], [0.44081, 10.625644], [0.458175000000153, 10.628279000000134], [0.471353, 10.634481000000108], [0.490114000000119, 10.63231], [0.511190000000113, 10.635285], [0.522053, 10.640528], [0.538487, 10.676738], [0.514296, 10.679846], [0.482466, 10.692967000000124], [0.481349, 10.709159000000113], [0.508023, 10.707939], [0.511804, 10.730817000000116], [0.508171, 10.760796], [0.509382, 10.779571000000146], [0.53058, 10.795924000000127], [0.529671000000121, 10.814699000000132], [0.522706, 10.825903], [0.528460000000109, 10.830445], [0.537242, 10.826206000000127], [0.536333000000127, 10.836805], [0.527551, 10.844375], [0.53058, 10.848312], [0.534213, 10.846495000000175], [0.53815, 10.854368], [0.536485, 10.862999], [0.540724000000182, 10.864816000000133], [0.541027, 10.876928], [0.533759000000146, 10.885710000000131], [0.539816, 10.893281], [0.538302000000158, 10.897520000000156], [0.544358000000159, 10.90327400000018], [0.553443, 10.90388], [0.569492000000139, 10.91508400000015], [0.577183, 10.907985], [0.573126000000116, 10.944761], [0.576457000000175, 10.947486], [0.576457000000175, 10.952634], [0.588267, 10.960507], [0.597107000000108, 10.979117], [0.59099300000014, 10.97595100000018], [0.575549, 10.978677000000118], [0.550717000000134, 10.967169], [0.500752, 10.936584], [0.509231, 10.952634], [0.509836000000178, 10.977768], [0.507111000000123, 10.984733], [0.491364000000146, 10.986853000000167], [0.50272, 11.004265]]]}}, {"id": "38", "type": "Feature", "properties": {"pcode": "TG0519", "prefecture": "Oti-Sud", "prefecture_codab": "Oti-Sud", "region": "Savanes", "region_pcode": "TG05", "population": 150376, "superficie_km2": 2395.0097719603605, "area_sqkm": 2392.93295567, "densite_hab_km2": 62.787217722671095, "centre_lon": 0.7185464010765885, "centre_lat": 10.287583000000051}, "geometry": {"type": "Polygon", "coordinates": [[[0.79840600000017, 10.695934000000136], [0.786364000000162, 10.700278], [0.777753000000189, 10.697049], [0.773089000000141, 10.68628600000011], [0.773448000000144, 10.676958000000184], [0.763043, 10.6740870000001], [0.769860000000108, 10.665477], [0.767349, 10.660813000000132], [0.754074000000116, 10.664759000000117], [0.74351200000018, 10.654895], [0.707433, 10.65794300000016], [0.692723, 10.641439000000105], [0.689135, 10.64682], [0.685547000000156, 10.64574400000015], [0.680525000000102, 10.620271000000173], [0.666174000000183, 10.606637], [0.669043, 10.590492], [0.67944800000015, 10.575782], [0.67944800000015, 10.558202000000165], [0.675501, 10.554615], [0.666891, 10.551744000000156], [0.65325700000011, 10.554615], [0.641418, 10.552821000000108], [0.628502, 10.559637], [0.615227000000118, 10.559279000000117], [0.606258, 10.564302], [0.591548, 10.566454], [0.586345000000108, 10.576321], [0.572712000000138, 10.568428], [0.564460000000167, 10.551206], [0.560514000000182, 10.51138200000014], [0.569841, 10.503848000000119], [0.563025, 10.498466000000121], [0.554055, 10.499542000000133], [0.539346, 10.507435], [0.532529000000181, 10.506], [0.528941000000145, 10.483397000000139], [0.525712000000112, 10.479809000000103], [0.519254000000103, 10.481603], [0.51459, 10.477657], [0.512891000000138, 10.462999], [0.528044, 10.459897000000126], [0.532708, 10.455592], [0.530914000000109, 10.445905], [0.525891, 10.438729], [0.514769000000115, 10.43442400000015], [0.51154, 10.428325], [0.540242, 10.396035], [0.558181, 10.384195000000148], [0.567509, 10.346165000000155], [0.590710000000172, 10.335708], [0.569662, 10.311363], [0.534143000000142, 10.2851730000001], [0.519792, 10.254677000000186], [0.504006, 10.23315], [0.5022120000001, 10.218081], [0.493242000000123, 10.213417000000106], [0.485708, 10.213417000000106], [0.478891, 10.200860000000148], [0.473151, 10.198348000000124], [0.461311, 10.205524], [0.453418, 10.204807], [0.423999, 10.185432000000105], [0.418617, 10.191891], [0.410006, 10.189738], [0.406957, 10.185193], [0.408033, 10.176642], [0.421667000000184, 10.173413], [0.435668, 10.161220000000185], [0.420949, 10.154398], [0.403010000000108, 10.15260400000011], [0.387941000000126, 10.140765], [0.383995000000141, 10.128925], [0.374666000000104, 10.136459000000116], [0.357191000000171, 10.126294000000144], [0.3474, 10.09555900000015], [0.353857000000176, 10.082643000000132], [0.385789, 10.076902000000132], [0.413415, 10.060040000000129], [0.414850000000115, 10.052505000000167], [0.407893, 10.019465], [0.422416000000112, 9.994195000000161], [0.422707, 9.986353], [0.418060000000139, 9.976186], [0.420964, 9.963987], [0.426192000000128, 9.958468], [0.447106, 9.956435000000113], [0.453786, 9.952659000000153], [0.45611, 9.94714], [0.465405, 9.943945], [0.486028, 9.953530000000114], [0.497161000000176, 9.946661], [0.499389000000122, 9.941621000000112], [0.506360000000143, 9.941331000000105], [0.513912, 9.950335], [0.519721, 9.951497000000131], [0.526983000000143, 9.943364], [0.524949, 9.936103], [0.515074000000141, 9.924775000000182], [0.515074000000141, 9.916642000000138], [0.524078, 9.901538], [0.584567000000106, 9.881085], [0.587921000000165, 9.88591], [0.600634, 9.889198000000135], [0.626170000000116, 9.883521], [0.636909000000117, 9.894787000000179], [0.645676, 9.891499], [0.65422400000017, 9.877910000000156], [0.65904600000016, 9.877033], [0.665994, 9.882804], [0.672452, 9.883162], [0.680704000000162, 9.877422], [0.682857000000126, 9.887468000000126], [0.677746, 9.907462000000123], [0.656074000000103, 9.931764], [0.66887000000014, 9.948821], [0.666633000000161, 9.956785000000139], [0.674648, 9.959742], [0.677715000000148, 9.982812000000138], [0.643524000000184, 9.989002], [0.67295300000012, 10.01582900000011], [0.677899, 10.027646000000175], [0.678449000000114, 10.038364], [0.686968, 10.053204000000107], [0.686694, 10.08206], [0.672226, 10.111157], [0.675710000000151, 10.141320000000121], [0.68371000000019, 10.143590000000188], [0.688342, 10.155711000000167], [0.697987, 10.167111000000148], [0.704742, 10.168032000000153], [0.740261000000146, 10.140047000000152], [0.74277300000017, 10.14507], [0.738108000000182, 10.15296300000017], [0.738826, 10.160139], [0.733085, 10.168391], [0.754253, 10.182383], [0.767887, 10.174849], [0.781161000000111, 10.1795130000001], [0.794078000000184, 10.171978000000138], [0.803764000000115, 10.153681], [0.808788000000163, 10.151887000000102], [0.814169, 10.154757], [0.822478, 10.168738000000133], [0.839252000000101, 10.227446], [0.857074000000125, 10.24107400000014], [0.866509, 10.244219000000157], [0.876992, 10.254703000000177], [0.887476000000106, 10.273573], [0.901657000000171, 10.289993], [0.823497, 10.351008], [0.774345, 10.3850920000001], [0.783494, 10.512638000000152], [0.801432, 10.55892], [0.808608000000163, 10.610225], [0.81205100000011, 10.680302], [0.80490600000013, 10.683243], [0.79840600000017, 10.695934000000136]]]}}]}