adm3_pcode,canton,prefecture,region,area_sqkm,population_prefecture,densite_prefecture,dist_agence_km,n_mm,n_moov,n_togocom,n_operateurs,mm_100km2,part_vide_10km,dist_temoin_moy_km,dist_temoin_max_km,r1_eloignement,r2_rarete_temoins,r3_presence_operateur,r4_faible_densite,score_risque,rang_risque,classe,sans_temoin,frequence_top
TG010105,Diguengue,Blitta,Centrale,97.867113,163272,52.17066569796143,50.74390996046835,0,0,0,0,0.0,0.297029702970297,7.944928520587184,13.34539735723821,96.7741935483871,97.17741935483872,97.04301075268818,90.32258064516128,95.32930107526882,1,Élevé,True,1.0
TG010106,Dikpeleou,Blitta,Centrale,27.19956181,163272,52.17066569796143,46.71686167212794,0,0,0,0,0.0,1.0,20.164449811273364,23.040669344334802,95.43010752688173,97.17741935483872,97.04301075268818,90.32258064516128,94.99327956989248,2,Élevé,True,1.0
TG010117,Tintchro,Blitta,Centrale,285.94939215,163272,52.17066569796143,41.7246842547568,0,0,0,0,0.0,0.4355400696864111,9.692236849489078,14.390456571775529,92.47311827956989,97.17741935483872,97.04301075268818,90.32258064516128,94.25403225806451,3,Élevé,True,1.0
TG010102,Atchintse,Blitta,Centrale,176.96687904,163272,52.17066569796143,54.862162825459805,1,0,1,1,0.5650774910111677,0.03932584269662921,6.000948407942068,10.848947561054727,98.38709677419355,94.08602150537635,92.8763440860215,90.32258064516128,93.91801075268818,4,Élevé,False,1.0
TG010121,Yegue,Blitta,Centrale,166.51759461,163272,52.17066569796143,38.56725911102151,0,0,0,0,0.0,0.9036144578313253,14.281244365337933,20.048696301103618,90.59139784946237,97.17741935483872,97.04301075268818,90.32258064516128,93.78360215053763,5,Élevé,True,1.0
TG010108,Katchenke,Blitta,Centrale,115.38520462,163272,52.17066569796143,35.68479422882522,0,0,0,0,0.0,0.6460176991150443,11.007760603991155,18.54756714229648,88.70967741935483,97.17741935483872,97.04301075268818,90.32258064516128,93.31317204301075,6,Élevé,True,1.0
TG010109,Koffiti,Blitta,Centrale,182.82961489,163272,52.17066569796143,28.892995592452117,0,0,0,0,0.0,0.03314917127071823,6.30014290744096,11.189933700755681,80.91397849462365,97.17741935483872,97.04301075268818,90.32258064516128,91.36424731182795,7,Élevé,True,0.987
TG010110,Langabou,Blitta,Centrale,225.58189205,163272,52.17066569796143,28.004619509714257,0,0,0,0,0.0,0.38666666666666666,8.79431834467207,13.204605456061529,79.83870967741935,97.17741935483872,97.04301075268818,90.32258064516128,91.09543010752688,8,Élevé,True,0.9845
TG010116,Tchifama,Blitta,Centrale,66.08988293,163272,52.17066569796143,27.82094780781749,0,0,0,0,0.0,0.0,5.0247371841615145,8.679598604051204,79.03225806451613,97.17741935483872,97.04301075268818,90.32258064516128,90.89381720430107,9,Élevé,True,0.9795
TG041005,Kpalave,Akébou,Plateaux,95.06504915,73830,64.38631634572275,39.70331871659276,0,0,0,0,0.0,0.0,4.741948192915405,6.794881326830562,91.66666666666666,97.17741935483872,97.04301075268818,72.44623655913979,89.58333333333333,10,Élevé,True,0.9495
TG051905,Nali,Oti-Sud,Savanes,322.81509301,150376,62.787217722671095,33.58086103415344,3,0,3,1,0.9293245777411863,0.018518518518518517,5.414194797823308,10.966951842716801,87.36559139784946,92.20430107526882,92.8763440860215,81.85483870967742,88.5752688172043,11,Élevé,False,0.989
TG010113,Pagala Village,Blitta,Centrale,94.22241754,163272,52.17066569796143,21.477906494393707,0,0,0,0,0.0,0.0,6.515271283740246,9.124501827637173,65.32258064516128,97.17741935483872,97.04301075268818,90.32258064516128,87.46639784946237,12,Élevé,True,0.8845
TG040110,Okpahoe,Amou,Plateaux,15.17900617,114172,63.13065114980629,25.48666636501071,0,0,0,0,0.0,0.0,3.116137895710284,5.444835351784297,75.53763440860214,97.17741935483872,97.04301075268818,78.89784946236558,87.16397849462365,13,Élevé,True,0.893
TG020605,Koutougou,Kéran,Kara,179.74854496,128687,63.7388599298365,20.981852892719328,0,0,0,0,0.0,0.6187845303867403,11.195264683550935,18.20248577989949,63.44086021505376,97.17741935483872,97.04301075268818,74.73118279569893,83.0981182795699,14,Élevé,True,0.732
TG010205,Tindjassi,Mô,Centrale,304.59722145,52448,41.76976558669665,51.869620716513474,5,1,5,2,1.641512019117599,0.36482084690553745,8.650871735929945,16.91051080328318,97.04301075268818,89.78494623655914,45.83333333333333,99.46236559139786,83.03091397849462,15,Élevé,False,0.996
TG010309,Tabinde,Sotouboua,Centrale,192.42895753,138864,44.11614313323855,16.68732819622955,2,0,0,0,1.0393446109524327,0.0,3.6873404540446555,6.7285656342984375,48.38709677419355,91.93548387096774,97.04301075268818,94.6236559139785,82.99731182795699,16,Élevé,False,0.739
TG010408,Kri-Kri,Tchamba,Centrale,137.52206254,200585,62.73993005355558,20.881952355561086,2,0,2,1,1.4543121031349244,0.0,4.675062196737725,8.847349884663654,63.17204301075269,90.86021505376344,92.8763440860215,84.2741935483871,82.79569892473118,17,Élevé,False,0.772
TG010203,Kagnigbara,Mô,Centrale,235.54573333,52448,41.76976558669665,42.24595773732898,2,1,1,2,0.8490920093203286,0.038135593220338986,5.274037241921386,11.053725473099222,92.74193548387096,92.74193548387096,45.83333333333333,99.46236559139786,82.69489247311827,18,Élevé,False,0.9885
TG010201,Boulohou,Mô,Centrale,343.72523994,52448,41.76976558669665,37.01874406373082,3,1,3,2,0.8727901391598923,0.07396449704142012,5.34573223531411,14.3221307678374,90.05376344086021,92.47311827956989,45.83333333333333,99.46236559139786,81.9556451612903,19,Élevé,False,0.97
TG020511,Pouda,Doufelgou,Kara,41.13421857,84767,73.20728167274905,22.720385125531,0,0,0,0,0.0,0.38461538461538464,9.170920568716767,12.778373982333576,67.74193548387096,97.17741935483872,97.04301075268818,64.65053763440861,81.65322580645162,20,Élevé,True,0.6815
TG020509,Massedena,Doufelgou,Kara,89.51140067,84767,73.20728167274905,21.94838099030684,0,0,0,0,0.0,0.797752808988764,12.271303465106334,15.654065145755963,66.12903225806451,97.17741935483872,97.04301075268818,64.65053763440861,81.25,21,Élevé,True,0.655
TG010204,Saiboude,Mô,Centrale,76.1509257,52448,41.76976558669665,44.81789554100288,2,1,2,2,2.6263633457051982,0.5064935064935064,9.499756720158842,17.385662607171028,94.35483870967742,85.21505376344086,45.83333333333333,99.46236559139786,81.21639784946237,22,Élevé,False,0.8895
TG020201,Baghan,Bassar,Kara,473.15921301,152065,43.98887561728768,39.01450344826527,9,4,3,2,1.9021081599038396,0.2489451476793249,7.1648463194499055,17.650706134355975,91.12903225806451,87.90322580645162,45.83333333333333,97.44623655913979,80.57795698924731,23,Élevé,False,0.918
TG010202,Djarkpanga,Mô,Centrale,294.45483295,52448,41.76976558669665,55.39144964405858,14,5,9,2,4.754549232471683,0.0847457627118644,5.7384239901639615,13.383724961509936,98.65591397849462,74.46236559139786,45.83333333333333,99.46236559139786,79.6034946236559,24,Élevé,False,0.709
TG010119,Welly,Blitta,Centrale,294.06409083,163272,52.17066569796143,33.206507237292705,2,1,2,2,0.6801238445520403,0.006802721088435374,5.383650035130633,10.281888670651055,86.82795698924731,93.27956989247312,45.83333333333333,90.32258064516128,79.06586021505376,25,Élevé,False,0.834
TG051513,Sangou,Tandjoaré,Savanes,8.86056447,138867,145.72432788933614,33.79145693627034,0,0,0,0,0.0,0.0,5.998081718726407,7.5893639076280754,87.63440860215054,97.17741935483872,97.04301075268818,31.048387096774192,78.22580645161291,26,Élevé,True,0.6065
TG010107,Doufouli,Blitta,Centrale,144.82694129,163272,52.17066569796143,11.725731358035196,0,0,0,0,0.0,0.1292517006802721,7.475776021401863,11.761058302010841,28.225806451612907,97.17741935483872,97.04301075268818,90.32258064516128,78.19220430107526,27,Élevé,True,0.611
TG051509,Mamproug,Tandjoaré,Savanes,99.34828477,138867,145.72432788933614,33.49429216628975,0,0,0,0,0.0,0.06,6.705494944730514,11.67666550450639,87.09677419354838,97.17741935483872,97.04301075268818,31.048387096774192,78.09139784946237,28,Élevé,True,0.588
TG010115,Tchare-Baou,Blitta,Centrale,167.29570238,163272,52.17066569796143,32.417178916019445,3,3,3,2,1.7932319583354976,0.03550295857988166,4.612158551178968,11.079255757910616,86.55913978494624,89.24731182795699,45.83333333333333,90.32258064516128,77.99059139784946,29,Élevé,False,0.674
TG051304,Tambigou,Kpendjal,Savanes,163.47124125,88365,63.378904483676905,45.78693969397906,1,1,1,2,0.6117283947643605,0.0,4.898720085700219,9.881028365939569,94.89247311827957,93.54838709677419,45.83333333333333,76.47849462365592,77.68817204301075,30,Élevé,False,0.6875
TG040106,Game,Amou,Plateaux,340.84807436,114172,63.13065114980629,13.788094894676233,0,0,0,0,0.0,0.15294117647058825,7.266762565269616,13.25517306463906,37.096774193548384,97.17741935483872,97.04301075268818,78.89784946236558,77.55376344086021,31,Élevé,True,0.573
TG010304,Fazao,Sotouboua,Centrale,308.47450577,138864,44.11614313323855,29.179284900779464,6,1,6,2,1.9450553895930793,0.20064724919093851,7.177534929506479,14.382011873585622,81.45161290322581,87.63440860215054,45.83333333333333,94.6236559139785,77.38575268817205,32,Élevé,False,0.5615
TG010302,Aouda,Sotouboua,Centrale,785.11560193,138864,44.11614313323855,33.83478759722513,30,21,29,2,3.821093342974321,0.6823979591836735,12.966471505598896,23.846901403260333,87.90322580645162,80.64516129032258,45.83333333333333,94.6236559139785,77.2513440860215,33,Élevé,False,0.5285
TG010401,Affem,Tchamba,Centrale,163.54681059,200585,62.73993005355558,16.029592305551823,4,0,3,1,2.4457829446932537,0.0,4.337818579341968,8.338781587560561,45.96774193548387,85.75268817204301,92.8763440860215,84.2741935483871,77.21774193548387,34,Élevé,False,0.532
TG040504,Kamina,Est-Mono,Plateaux,581.69319712,164460,62.00144469047595,55.64438031531885,25,16,22,2,4.297798242058973,0.0,3.961342542366858,9.084639755898888,98.9247311827957,77.15053763440861,45.83333333333333,86.55913978494624,77.11693548387096,35,Élevé,False,0.5295
TG051301,Borgou,Kpendjal,Savanes,630.94795851,88365,63.378904483676905,47.128527385913785,12,4,6,2,1.9019001231636141,0.0,4.6677432140593345,9.949287803609213,95.6989247311828,88.17204301075269,45.83333333333333,76.47849462365592,76.54569892473118,36,Élevé,False,0.521
TG040103,Avedje,Amou,Plateaux,39.13009357,114172,63.13065114980629,12.336601706793555,0,0,0,0,0.0,0.0,4.188112220639321,6.870168001044689,31.451612903225808,97.17741935483872,97.04301075268818,78.89784946236558,76.14247311827957,37,Élevé,True,0.5325
TG040505,Kpessi,Est-Mono,Plateaux,242.47174788,164460,62.00144469047595,40.65407038920412,10,9,10,2,4.124191823349675,0.14112903225806453,5.622844524829976,15.047677477949973,91.93548387096774,78.2258064516129,45.83333333333333,86.55913978494624,75.63844086021506,38,Élevé,False,0.37
TG051504,Boulogou,Tandjoaré,Savanes,39.50900768,138867,145.72432788933614,25.55811072918512,0,0,0,0,0.0,0.0,2.916355670098742,4.583686083617096,75.80645161290323,97.17741935483872,97.04301075268818,31.048387096774192,75.26881720430109,39,Élevé,True,0.4995
TG041006,Seregbene,Akébou,Plateaux,169.28518936,73830,64.38631634572275,54.06862946353144,5,5,4,2,2.9535956564794663,0.0,4.012739163078897,8.857541577934553,97.58064516129032,84.67741935483872,45.83333333333333,72.44623655913979,75.13440860215053,40,À surveiller,False,0.38
TG041002,Gbende,Akébou,Plateaux,110.44042057,73830,64.38631634572275,56.5355604239378,4,3,4,2,3.621862339309634,0.0,3.3552680713172065,6.394921865459522,99.19354838709677,81.18279569892472,45.83333333333333,72.44623655913979,74.66397849462365,41,À surveiller,False,0.354
TG040501,Badin,Est-Mono,Plateaux,495.51673394,164460,62.00144469047595,54.68829090466962,33,13,25,2,6.659714544372145,0.074,4.333836952982627,13.365181281867969,98.11827956989248,67.74193548387096,45.83333333333333,86.55913978494624,74.56317204301075,42,À surveiller,False,0.3745
TG020205,Dimori,Bassar,Kara,284.1622148,152065,43.98887561728768,24.83517577642427,10,5,6,2,3.5191167154430554,0.02464788732394366,4.756172805695949,11.096213897427905,72.84946236559139,81.72043010752688,45.83333333333333,97.44623655913979,74.46236559139784,43,À surveiller,False,0.328
TG051303,Mandouri,Kpendjal,Savanes,372.9438971,88365,63.378904483676905,61.59333868101897,17,12,13,2,4.558326368172656,0.06199460916442048,4.849212242888711,13.95053368725727,100.0,75.0,45.83333333333333,76.47849462365592,74.32795698924731,44,À surveiller,False,0.334
TG040506,Moretan,Est-Mono,Plateaux,738.25204025,164460,62.00144469047595,46.41865609382206,47,35,44,2,6.3663894493381985,0.3220108695652174,7.91851891987125,14.996491953021414,95.16129032258065,69.35483870967742,45.83333333333333,86.55913978494624,74.22715053763442,45,À surveiller,False,0.317
TG010111,M'Poti,Blitta,Centrale,264.64134095,163272,52.17066569796143,23.077608074032973,3,2,3,2,1.133609733547566,0.44696969696969696,9.407998712815576,19.294049367471747,68.27956989247312,91.66666666666666,45.83333333333333,90.32258064516128,74.0255376344086,46,À surveiller,False,0.3485
TG041008,Yalla,Akébou,Plateaux,95.23830434,73830,64.38631634572275,58.83677670686607,4,4,4,2,4.199990778626246,0.0,3.8578668017702755,9.540060727427129,99.73118279569893,77.95698924731182,45.83333333333333,72.44623655913979,73.99193548387096,47,À surveiller,False,0.307
TG010403,Bago,Tchamba,Centrale,367.14003544,200585,62.73993005355558,39.20904448807481,19,9,17,2,5.1751370501529195,0.0997229916897507,5.656637853770517,13.753648527189245,91.39784946236558,72.58064516129032,45.83333333333333,84.2741935483871,73.5215053763441,48,À surveiller,False,0.2075
TG051908,Tchamonga,Oti-Sud,Savanes,297.50369016,150376,62.787217722671095,27.300735322702906,6,5,4,2,2.016781706732158,0.04391891891891892,6.296008376029536,11.106852432778126,78.2258064516129,87.36559139784946,45.83333333333333,81.85483870967742,73.31989247311827,49,À surveiller,False,0.0475
TG020204,Bitchabe,Bassar,Kara,150.30261516,152065,43.98887561728768,21.315060273670145,4,1,2,2,2.661297673192129,0.0,3.5198140868345824,8.132271720047871,64.78494623655914,84.94623655913979,45.83333333333333,97.44623655913979,73.25268817204301,50,À surveiller,False,0.287
TG020409,Nandouta,Dankpen,Kara,358.47275677,185662,72.99528320686365,30.264481125893315,5,2,5,2,1.3948061339590316,0.028089887640449437,4.865542189356083,11.722029069085037,84.67741935483872,91.12903225806451,45.83333333333333,68.14516129032258,72.44623655913978,51,À surveiller,False,0.1385
TG010402,Alibi,Tchamba,Centrale,538.54306576,200585,62.73993005355558,23.82280434629225,10,5,7,2,1.856861713721604,0.1962962962962963,6.4558193968076685,14.007437904051617,70.43010752688173,88.97849462365592,45.83333333333333,84.2741935483871,72.37903225806451,52,À surveiller,False,0.0715
TG041001,Djon,Akébou,Plateaux,187.394431,73830,64.38631634572275,42.834829662265385,8,6,8,2,4.269070301240703,0.0,3.6305925236279357,7.370846073709051,93.01075268817203,77.41935483870968,45.83333333333333,72.44623655913979,72.1774193548387,53,À surveiller,False,0.1425
TG010307,Sessaro,Sotouboua,Centrale,135.20138409,138864,44.11614313323855,24.03097258271637,6,4,5,2,4.437824390914487,0.007462686567164179,4.569672939854691,10.593817347863169,70.96774193548387,76.0752688172043,45.83333333333333,94.6236559139785,71.875,54,À surveiller,False,0.1735
TG051907,Takpamba,Oti-Sud,Savanes,237.91991285,150376,62.787217722671095,30.17303244090781,12,5,9,2,5.043714019669119,0.0,4.781291590402013,9.258036010015141,84.40860215053763,73.65591397849462,45.83333333333333,81.85483870967742,71.43817204301075,55,À surveiller,False,0.0125
TG020608,Pesside,Kéran,Kara,311.09619853,128687,63.7388599298365,24.887157170235696,5,2,4,2,1.6072198964905817,0.054140127388535034,5.009902888605906,11.459394984463213,73.65591397849462,90.05376344086021,45.83333333333333,74.73118279569893,71.06854838709677,56,À surveiller,False,0.0085
TG051903,Kountoire,Oti-Sud,Savanes,241.61246141,150376,62.787217722671095,29.77557810332145,13,9,6,2,5.38051718199248,0.0,3.1059508540070797,8.836041132179355,83.33333333333334,71.23655913978494,45.83333333333333,81.85483870967742,70.56451612903226,57,À surveiller,False,0.0
TG051302,Koundjoare,Kpendjal,Savanes,225.79584901,88365,63.378904483676905,48.24100017885602,18,12,16,2,7.9718028825245675,0.0,3.526536507769593,8.535803272278205,96.23655913978494,63.44086021505376,45.83333333333333,76.47849462365592,70.49731182795699,58,À surveiller,False,0.147
TG040111,Otadi,Amou,Plateaux,347.17736351,114172,63.13065114980629,28.45307767274962,15,3,12,2,4.320558186267793,0.0,3.5672368395883067,9.28738845175473,80.3763440860215,76.88172043010752,45.83333333333333,78.89784946236558,70.49731182795698,59,À surveiller,False,0.0
TG010406,Kaboli,Tchamba,Centrale,935.54111888,200585,62.73993005355558,30.484783569146547,67,48,56,2,7.161630702048699,0.2814498933901919,7.272403767543428,16.31644354010628,84.94623655913979,66.39784946236558,45.83333333333333,84.2741935483871,70.36290322580646,60,À surveiller,False,0.0455
TG020307,Pitikita,Binah,Kara,19.2039814,84199,144.97335940622267,17.71159177774923,0,0,0,0,0.0,0.0,2.4690454101337425,3.876021056897138,52.1505376344086,97.17741935483872,97.04301075268818,34.40860215053764,70.19489247311829,61,Élevé,True,0.3805
TG040113,Sodo,Amou,Plateaux,33.46323742,114172,63.13065114980629,24.11616549744024,1,1,1,2,2.988354018019575,0.0,2.331521018659799,4.646373191314601,71.23655913978494,83.87096774193549,45.83333333333333,78.89784946236558,69.95967741935483,62,À surveiller,False,0.0
TG040104,Ekpegnon,Amou,Plateaux,142.15177543,114172,63.13065114980629,20.473505666408247,1,1,1,2,0.7034734508064104,0.021739130434782608,5.7538623215182225,10.26240026108706,62.096774193548384,93.01075268817203,45.83333333333333,78.89784946236558,69.95967741935483,62,À surveiller,False,0.0765
TG020513,Tchore,Doufelgou,Kara,89.46722407,84767,73.20728167274905,17.319376487363993,5,0,5,1,5.588638802616646,0.0,2.5880903288833967,5.665094056498935,51.075268817204304,70.6989247311828,92.8763440860215,64.65053763440861,69.8252688172043,64,À surveiller,False,0.266
TG041003,Kamina,Akébou,Plateaux,358.08055235,73830,64.38631634572275,35.97937545313675,19,13,13,2,5.306068669551414,0.019553072625698324,5.095150022024138,11.730566888797103,89.24731182795699,71.50537634408603,45.83333333333333,72.44623655913979,69.75806451612902,65,À surveiller,False,0.011
TG010101,Agbandi,Blitta,Centrale,241.46550143,163272,52.17066569796143,18.65714777873591,5,3,3,2,2.070689175219294,0.2833333333333333,6.921875920468455,13.888919015140464,56.18279569892473,86.55913978494624,45.83333333333333,90.32258064516128,69.72446236559139,66,À surveiller,False,0.0925
TG041104,Glitto,Anié,Plateaux,329.67837578,180158,90.71797346163127,44.32361111502037,7,4,7,2,2.123281511393765,0.2113095238095238,7.044534321878466,14.76917852084339,94.08602150537635,86.29032258064517,45.83333333333333,52.016129032258064,69.55645161290322,67,À surveiller,False,0.137
TG040302,Adzakpa,Agou,Plateaux,165.87885505,85793,78.27972936911425,24.8574418345024,1,1,1,2,0.6028495914675653,0.042682926829268296,5.819180365244472,11.03047364889607,73.11827956989248,93.81720430107528,45.83333333333333,61.29032258064516,68.51478494623656,68,À surveiller,False,0.0625
TG020601,Akponte,Kéran,Kara,215.70366868,128687,63.7388599298365,23.573069541570764,7,3,7,2,3.2451928346126637,0.004629629629629629,4.248221623264808,10.0016546605347,70.16129032258065,82.79569892473118,45.83333333333333,74.73118279569893,68.38037634408603,69,À surveiller,False,0.0
TG010501,Agoulou,Tchaoudjo,Centrale,264.11904013,240360,100.3113456171448,19.637196420472343,13,0,13,1,4.922023036885705,0.0,5.25749673995911,9.93590145827512,58.87096774193549,73.9247311827957,92.8763440860215,47.446236559139784,68.27956989247312,70,À surveiller,False,0.2525
TG041007,Veh,Akébou,Plateaux,33.91341298,73830,64.38631634572275,54.28944115944318,4,2,4,2,11.794743284490266,0.0,1.968566164975437,4.653893897397064,97.84946236559139,56.18279569892473,45.83333333333333,72.44623655913979,68.07795698924731,71,À surveiller,False,0.112
TG020603,Helota,Kéran,Kara,201.44932607,128687,63.7388599298365,29.18950875029757,13,10,10,2,6.453235785699643,0.0,2.7498531620814455,7.219146880686526,81.72043010752688,68.54838709677419,45.83333333333333,74.73118279569893,67.70833333333333,72,À surveiller,False,0.0
TG020405,Koulfiekou,Dankpen,Kara,167.93817176,185662,72.99528320686365,34.92139129309508,11,8,8,2,6.550029623830889,0.0,2.8432070310914836,5.893184322810657,88.17204301075269,68.01075268817203,45.83333333333333,68.14516129032258,67.54032258064515,73,À surveiller,False,0.0
TG040203,Gobe/Eketo/Gbadi N'Kugna,Wawa,Plateaux,368.03074071,101300,81.37799007407942,35.817760665074786,16,9,16,2,4.347462923649534,0.0,3.233836096197167,7.421389550481707,88.97849462365592,76.61290322580645,45.83333333333333,56.451612903225815,66.96908602150538,74,À surveiller,False,0.0
TG020607,Ossacre,Kéran,Kara,270.62620699,128687,63.7388599298365,29.10203341246037,20,7,19,2,7.390267270286587,0.0,3.034297750557024,8.441503483548054,81.18279569892472,65.86021505376344,45.83333333333333,74.73118279569893,66.90188172043011,75,À surveiller,False,0.0
TG020410,Natchibore,Dankpen,Kara,182.02539185,185662,72.99528320686365,23.841210761608878,6,4,5,2,3.296243419129329,0.0,2.661807511357565,5.459117426167842,70.6989247311828,82.52688172043011,45.83333333333333,68.14516129032258,66.8010752688172,76,À surveiller,False,0.0
TG041103,Atchinedji,Anié,Plateaux,411.05115216,180158,90.71797346163127,29.331057348808105,10,8,10,2,2.432787244957664,0.125,5.793345108639568,12.227474972204172,82.25806451612904,86.02150537634408,45.83333333333333,52.016129032258064,66.53225806451613,77,À surveiller,False,0.001
TG040301,Adjahun Fiagbe,Agou,Plateaux,63.20770563,85793,78.27972936911425,9.581349518762222,1,1,0,1,1.5820855859785778,0.0,4.617287972541248,9.700331105396112,20.698924731182796,90.32258064516128,92.8763440860215,61.29032258064516,66.29704301075269,78,À surveiller,False,0.2795
TG040207,Okou,Wawa,Plateaux,125.30312074,101300,81.37799007407942,44.292239379241735,8,7,8,2,6.3845177620114875,0.0,3.1121340044165273,6.2521231241756645,93.81720430107528,68.81720430107528,45.83333333333333,56.451612903225815,66.22983870967742,79,À surveiller,False,0.031
TG040108,Imle,Amou,Plateaux,95.7897072,114172,63.13065114980629,24.92167150118232,7,7,5,2,7.307674493027368,0.0,4.515496694079516,9.817357492021317,73.9247311827957,66.12903225806451,45.83333333333333,78.89784946236558,66.19623655913978,80,À surveiller,False,0.0
TG020404,Kidjaboun,Dankpen,Kara,340.62671867,185662,72.99528320686365,20.54086967562968,7,6,6,2,2.0550355025970872,0.18823529411764706,6.484391475588459,16.643464918269455,62.634408602150536,86.82795698924731,45.83333333333333,68.14516129032258,65.86021505376344,81,À surveiller,False,0.0
TG040102,Amou-Oblo,Amou,Plateaux,150.74019863,114172,63.13065114980629,29.3510586546896,19,17,16,2,12.604467934022384,0.0,3.7519451974153815,9.263587187006761,82.52688172043011,55.107526881720425,45.83333333333333,78.89784946236558,65.59139784946235,82,À surveiller,False,0.0
TG020104,Dako/Daoude,Assoli,Kara,250.51482682,66394,71.14099963379633,21.153270911392493,9,4,9,2,3.5926017291051133,0.007782101167315175,4.884953954685953,10.479844922204371,64.24731182795699,81.45161290322581,45.83333333333333,70.56451612903226,65.52419354838709,83,À surveiller,False,0.0
TG041101,Adogbenou,Anié,Plateaux,639.90896865,180158,90.71797346163127,36.41073204789642,33,31,33,2,5.156983511204614,0.320695102685624,7.702547517593596,18.412914512679727,89.51612903225806,73.11827956989248,45.83333333333333,52.016129032258064,65.12096774193547,84,À surveiller,False,0.0
TG051902,Koumongou,Oti-Sud,Savanes,115.78858281,150376,62.787217722671095,22.035713524332788,9,1,8,2,7.772787075879749,0.0,5.250923617281431,9.157185240073174,66.66666666666666,64.24731182795699,45.83333333333333,81.85483870967742,64.65053763440861,85,À surveiller,False,0.0
TG051402,Fare,Oti,Savanes,48.89351522,124848,80.87673363045658,21.959100440849895,1,1,1,2,2.0452610034284215,0.0,3.330951379972565,6.912056405404691,66.39784946236558,87.09677419354838,45.83333333333333,58.73655913978495,64.51612903225806,86,À surveiller,False,0.0
TG020606,Nadoba,Kéran,Kara,200.61413622,128687,63.7388599298365,20.0994002434091,9,7,8,2,4.486224236028066,0.0,5.126316191663377,9.586620236145514,61.29032258064516,75.80645161290323,45.83333333333333,74.73118279569893,64.41532258064517,87,À surveiller,False,0.0
TG020602,Atalote,Kéran,Kara,287.75125566,128687,63.7388599298365,17.877847822859774,9,2,7,2,3.1277013819999393,0.0,4.006971225329776,8.733119110659791,53.494623655913976,83.33333333333334,45.83333333333333,74.73118279569893,64.3481182795699,88,À surveiller,False,0.0
TG040208,Ounabe,Wawa,Plateaux,70.56120823,101300,81.37799007407942,35.23392699707897,5,3,5,2,7.086046462954678,0.0,2.3670465117253507,5.162828538553958,88.44086021505376,66.66666666666666,45.83333333333333,56.451612903225815,64.34811827956989,89,À surveiller,False,0.0
TG040908,Ountivou,Ogou,Plateaux,444.35822378,253467,130.37739400587904,44.193035143910784,20,19,13,2,4.500873153616241,0.002277904328018223,4.124002759996669,10.307746820223102,93.54838709677419,75.53763440860214,45.83333333333333,41.53225806451613,64.11290322580643,90,À surveiller,False,0.023
TG040502,Elavagnon,Est-Mono,Plateaux,289.61591573,164460,62.00144469047595,26.41211131968152,47,34,43,2,16.22838989408878,0.0,4.270022520917393,9.665153224298992,76.88172043010752,47.043010752688176,45.83333333333333,86.55913978494624,64.07930107526882,91,À surveiller,False,0.0035
TG040503,Gbadjahe,Est-Mono,Plateaux,164.63660748,164460,62.00144469047595,19.65539186440527,13,10,11,2,7.89617825523964,0.006134969325153374,5.335394680942261,10.169424169912293,59.67741935483871,63.70967741935484,45.83333333333333,86.55913978494624,63.94489247311828,92,À surveiller,False,0.0
TG020403,Katchamba,Dankpen,Kara,135.6674787,185662,72.99528320686365,23.10238406737823,7,6,6,2,5.159674276455762,0.0,3.6598140066339298,7.279896148166812,68.54838709677419,72.84946236559139,45.83333333333333,68.14516129032258,63.84408602150536,93,À surveiller,False,0.0
TG051904,Mogou,Oti-Sud,Savanes,429.8487155,150376,62.787217722671095,16.664640231417263,17,12,11,2,3.9548797953776833,0.07175925925925926,5.479265026680251,11.804871651184346,48.11827956989247,79.3010752688172,45.83333333333333,81.85483870967742,63.77688172043011,94,À surveiller,False,0.0
TG010306,Kazaboua,Sotouboua,Centrale,202.56353899,138864,44.11614313323855,16.932302500315778,15,5,14,2,7.405083893573022,0.10628019323671498,5.948484814067811,12.436204824734574,48.924731182795696,65.59139784946237,45.83333333333333,94.6236559139785,63.74327956989247,95,Faible,False,0.0335
TG051408,Tchanaga,Oti,Savanes,266.75963726,124848,80.87673363045658,20.22229803875948,5,3,4,2,1.8743465283418044,0.03435114503816794,5.861936383760412,10.419965180215467,61.55913978494624,88.44086021505376,45.83333333333333,58.73655913978495,63.64247311827957,96,Faible,False,0.0
TG020209,Sanda-Afohou,Bassar,Kara,197.15201865,152065,43.98887561728768,14.782238056809602,12,6,10,2,6.086673665413164,0.0,4.8797167095909035,9.518581345101893,40.86021505376344,69.89247311827957,45.83333333333333,97.44623655913979,63.508064516129025,97,Faible,False,0.0735
TG020609,Warengo,Kéran,Kara,68.27792034,128687,63.7388599298365,15.193599414234852,1,1,1,2,1.4646023121681977,0.0,4.21538823823648,9.086084818660984,42.74193548387097,90.59139784946237,45.83333333333333,74.73118279569893,63.47446236559141,98,Faible,False,0.0
TG020412,Naware,Dankpen,Kara,234.14623215,185662,72.99528320686365,17.22955073319518,4,2,2,2,1.708334130885138,0.11440677966101695,5.634830969415526,11.70396612898594,50.0,89.51612903225806,45.83333333333333,68.14516129032258,63.37365591397848,99,Faible,False,0.0
TG010112,Pagala Gare,Blitta,Centrale,184.09882581,163272,52.17066569796143,17.892857611594494,17,14,14,2,9.234170791260192,0.0,4.002712255195996,7.269901022908593,53.76344086021505,60.483870967741936,45.83333333333333,90.32258064516128,62.6008064516129,100,Faible,False,0.0
TG051404,Loko,Oti,Savanes,78.9787881,124848,80.87673363045658,31.117683877554903,8,5,3,2,10.129302047368336,0.0,2.293167236276762,9.210852449183037,85.75268817204301,59.13978494623656,45.83333333333333,58.73655913978495,62.36559139784946,101,Faible,False,0.0
TG020202,Bangeli,Bassar,Kara,207.41211323,152065,43.98887561728768,19.99760832820471,35,13,18,2,16.87461713539767,0.0,3.2009731849130394,6.918763367474122,60.752688172043015,45.16129032258064,45.83333333333333,97.44623655913979,62.29838709677419,102,Faible,False,0.061
TG020508,Leon,Doufelgou,Kara,78.5804129,84767,73.20728167274905,21.374209404250102,4,2,4,2,5.090327032374247,0.0,2.3178159694902942,4.641061936000043,65.05376344086021,73.38709677419355,45.83333333333333,64.65053763440861,62.23118279569892,103,Faible,False,0.0
TG051403,Galangashie,Oti,Savanes,445.64436057,124848,80.87673363045658,19.904646096240743,15,10,12,2,3.365912670994938,0.15401785714285715,6.394211976661434,15.068466232999924,60.215053763440864,82.25806451612904,45.83333333333333,58.73655913978495,61.76075268817205,104,Faible,False,0.0
TG040107,Hiheatro,Amou,Plateaux,221.32544293,114172,63.13065114980629,25.442668283076863,35,28,34,2,15.81381676532764,0.0,2.9373334891265697,6.164292586190442,75.0,47.31182795698925,45.83333333333333,78.89784946236558,61.76075268817203,105,Faible,False,0.0
TG010310,Tchebebe,Sotouboua,Centrale,425.34907119,138864,44.11614313323855,21.084380568250083,77,38,53,2,18.102778450785596,0.36682242990654207,8.742119549733385,25.555892585068072,63.70967741935484,42.74193548387097,45.83333333333333,94.6236559139785,61.72715053763441,106,Faible,False,0.03
TG051507,Loko,Tandjoaré,Savanes,33.12940845,138867,145.72432788933614,30.1061449360904,1,1,1,2,3.018466211098315,0.0,2.0659007286793387,3.7194933718112737,83.87096774193549,83.60215053763442,45.83333333333333,31.048387096774192,61.08870967741936,107,Faible,False,0.0
TG020407,Namon,Dankpen,Kara,141.89661729,185662,72.99528320686365,21.918612475522323,11,3,9,2,7.752122784941973,0.0,2.767860343443233,6.532744815156597,65.86021505376344,64.51612903225806,45.83333333333333,68.14516129032258,61.088709677419345,108,Faible,False,0.0
TG030711,Tomety-Kondji,Yoto,Maritime,157.14037738,174851,138.65936779002251,23.05373880601848,2,2,1,2,1.272747357073962,0.2088607594936709,6.643695118317068,13.874778147956851,68.01075268817203,91.39784946236558,45.83333333333333,38.844086021505376,61.021505376344074,109,Faible,False,0.0045
TG020207,Kalanga,Bassar,Kara,122.49660587,152065,43.98887561728768,11.945353607206496,7,3,5,2,5.714444045436473,0.0,2.949872199099343,7.662667050275794,29.56989247311828,70.16129032258065,45.83333333333333,97.44623655913979,60.75268817204301,110,Faible,False,0.055
TG040202,Doume,Wawa,Plateaux,58.39055864,101300,81.37799007407942,47.21846044491732,10,10,9,2,17.126056391502953,0.0,2.252768036897179,5.498143081188438,95.96774193548387,44.623655913978496,45.83333333333333,56.451612903225815,60.71908602150538,111,Faible,False,0.023
TG040109,Kpategan,Amou,Plateaux,179.36748937,114172,63.13065114980629,13.875864611358397,7,3,6,2,3.9026024306781544,0.0111731843575419,5.353671847532418,10.059198219459775,37.903225806451616,79.83870967741935,45.83333333333333,78.89784946236558,60.618279569892465,112,Faible,False,0.0
TG030703,Esse Godjin,Yoto,Maritime,77.18600385,174851,138.65936779002251,25.917769235830157,3,3,1,2,3.886715013553587,0.0,1.9900793274885427,4.453694030380951,76.61290322580645,80.10752688172043,45.83333333333333,38.844086021505376,60.3494623655914,113,Faible,False,0.0
TG040204,Kessibo,Wawa,Plateaux,107.66663866,101300,81.37799007407942,57.69171315930386,21,5,21,2,19.504649036472482,0.0,2.3467344358653723,5.664236888670976,99.46236559139786,39.516129032258064,45.83333333333333,56.451612903225815,60.31586021505377,114,Faible,False,0.051
TG010114,Tchaloude,Blitta,Centrale,99.71995109,163272,52.17066569796143,15.852918167205427,10,9,10,2,10.028083538643862,0.29,6.833120513805825,13.197111324759437,45.43010752688172,59.67741935483871,45.83333333333333,90.32258064516128,60.31586021505376,115,Faible,False,0.0
TG010405,Goubi,Tchamba,Centrale,154.33528576,200585,62.73993005355558,16.18936524207901,12,10,12,2,7.775279606933615,0.039473684210526314,4.336666685723819,11.628438554795483,46.774193548387096,63.97849462365591,45.83333333333333,84.2741935483871,60.21505376344086,116,Faible,False,0.0
TG040303,Agotime Nord,Agou,Plateaux,213.62232711,85793,78.27972936911425,15.77062994297817,4,4,3,2,1.872463451790922,0.0,4.900823877414302,9.464427450693226,44.623655913978496,88.70967741935483,45.83333333333333,61.29032258064516,60.114247311827945,117,Faible,False,0.0
TG051501,Bagou,Tandjoaré,Savanes,28.84272315,138867,145.72432788933614,27.92456909802339,1,1,1,2,3.4670790091468873,0.0,2.0686520638897807,3.9506430363284752,79.56989247311827,81.98924731182797,45.83333333333333,31.048387096774192,59.61021505376344,118,Faible,False,0.0
TG040112,Ouma-Amlame,Amou,Plateaux,109.41960507,114172,63.13065114980629,31.406712347600543,31,23,28,2,28.331303133627735,0.0,2.694644228191612,7.184145843631823,86.02150537634408,27.1505376344086,45.83333333333333,78.89784946236558,59.4758064516129,119,Faible,False,0.0
TG020408,Nampoch,Dankpen,Kara,123.24542845,185662,72.99528320686365,15.67877626058419,5,4,4,2,4.056945610788698,0.0,2.842263658877292,8.387095908767675,44.086021505376344,78.76344086021506,45.83333333333333,68.14516129032258,59.206989247311824,120,Faible,False,0.0
TG020208,Manga,Bassar,Kara,73.99154392,152065,43.98887561728768,17.105933294879858,13,7,13,2,17.56957526667596,0.0,1.7810641159726786,3.8619430155362906,49.46236559139785,43.81720430107527,45.83333333333333,97.44623655913979,59.13978494623656,121,Faible,False,0.039
TG010407,Koussountou,Tchamba,Centrale,470.07729505,200585,62.73993005355558,15.766843192386707,41,28,41,2,8.721969861496717,0.04477611940298507,4.949276313348995,12.100305112470592,44.354838709677416,61.82795698924731,45.83333333333333,84.2741935483871,59.07258064516129,122,Faible,False,0.0
TG040205,Klabe Efoukpa,Wawa,Plateaux,196.44389187,101300,81.37799007407942,52.012763889082414,42,25,38,2,21.38015063751343,0.0,2.430712213435615,6.9193283389351965,97.31182795698925,36.02150537634409,45.83333333333333,56.451612903225815,58.90456989247313,123,Faible,False,0.03
TG030707,Sedome,Yoto,Maritime,37.95510589,174851,138.65936779002251,27.36114761494218,2,2,1,2,5.269383270320261,0.0,2.507008317151401,5.23551867663838,78.49462365591397,71.7741935483871,45.83333333333333,38.844086021505376,58.73655913978494,124,Faible,False,0.0
TG051704,Gnoaga,Cinkassé,Savanes,5.85951685,128959,467.0774911502888,12.9349500149671,0,0,0,0,0.0,0.0,1.335381635062049,2.1347370573504127,33.60215053763441,97.17741935483872,97.04301075268818,5.779569892473118,58.4005376344086,125,Élevé,True,0.2285
TG041004,Kougnohou,Akébou,Plateaux,96.48751882,73830,64.38631634572275,42.91689547324832,34,15,24,2,35.23771822076583,0.0,2.807343707270473,6.996550366646056,93.27956989247312,21.774193548387096,45.83333333333333,72.44623655913979,58.33333333333333,126,Faible,False,0.013
TG051508,Lokpano,Tandjoaré,Savanes,71.6258994,138867,145.72432788933614,31.08245816738481,4,3,3,2,5.584572108004832,0.0,2.842040963328663,7.033724332269395,85.48387096774194,70.96774193548387,45.83333333333333,31.048387096774192,58.33333333333333,126,Faible,False,0.0
TG030706,Kouve,Yoto,Maritime,317.66625095,174851,138.65936779002251,26.594486299968384,18,16,8,2,5.66632430929314,0.012658227848101266,5.295396105376659,10.373981571023906,77.41935483870968,70.43010752688173,45.83333333333333,38.844086021505376,58.13172043010753,128,Faible,False,0.0
TG020210,Sanda-Kagbanda,Bassar,Kara,271.75138587,152065,43.98887561728768,9.790294195799165,19,9,13,2,6.991684675009971,0.0,4.8044395720562525,9.47817489107124,21.774193548387096,66.93548387096774,45.83333333333333,97.44623655913979,57.99731182795699,129,Faible,False,0.034
TG040801,Ahassome,Moyen-Mono,Plateaux,133.02016658,90505,144.5415403687459,23.16651151319787,5,5,5,2,3.7588285510024058,0.0,3.5930607781510604,8.122387214476607,68.81720430107528,80.91397849462365,45.83333333333333,36.424731182795696,57.99731182795699,129,Faible,False,0.0
TG020401,Bapure,Dankpen,Kara,245.63003314,185662,72.99528320686365,18.334100045593537,20,6,10,2,8.142326792994709,0.0,4.098147830700191,9.847076293436443,54.83870967741935,63.17204301075269,45.83333333333333,68.14516129032258,57.99731182795698,131,Faible,False,0.0
TG040507,Nyamassila,Est-Mono,Plateaux,140.46322381,164460,62.00144469047595,22.09073209642577,35,31,34,2,24.91755425416076,0.0,3.847390918432534,8.8449851900832,66.93548387096774,31.989247311827956,45.83333333333333,86.55913978494624,57.829301075268816,132,Faible,False,0.0
TG040707,Kpele-Dawlotou,Kpélé,Plateaux,246.24444989,80939,86.9454777079909,17.782635922975658,10,9,8,2,4.061005234622387,0.20161290322580644,7.480150576673234,12.81498969808972,52.41935483870967,78.49462365591397,45.83333333333333,54.03225806451613,57.69489247311828,133,Faible,False,0.0
TG010311,Titigbe,Sotouboua,Centrale,135.50177375,138864,44.11614313323855,12.547818047441435,15,14,14,2,11.069965790761465,0.0,3.058680034802192,6.828464853450946,31.72043010752688,57.52688172043011,45.83333333333333,94.6236559139785,57.4260752688172,134,Faible,False,0.011
TG051906,Sagbiebou,Oti-Sud,Savanes,395.79347515,150376,62.787217722671095,14.972851930620244,39,30,33,2,9.85362378326716,0.0,3.672251235733456,8.568085887843504,41.66666666666667,59.946236559139784,45.83333333333333,81.85483870967742,57.325268817204304,135,Faible,False,0.0
TG040901,Akpare,Ogou,Plateaux,276.34673865,253467,130.37739400587904,25.28836058250108,19,16,14,2,6.8754203841225605,0.0,3.6627320321521415,8.808335979730513,74.46236559139786,67.20430107526882,45.83333333333333,41.53225806451613,57.25806451612903,136,Faible,False,0.0
TG040405,Yikpa,Danyi,Plateaux,17.32860351,40240,101.50365041889296,12.680387252046197,2,0,2,1,11.541610948890595,0.0,1.1981633251739092,2.5863147185093025,32.25806451612903,56.72043010752689,92.8763440860215,45.16129032258064,56.75403225806452,137,Faible,False,0.129
TG010303,Bodjonde,Sotouboua,Centrale,57.49714644,138864,44.11614313323855,11.309460653837805,6,1,4,2,10.435300482713835,0.0,3.1931504724863866,6.2944609283284345,26.61290322580645,58.333333333333336,45.83333333333333,94.6236559139785,56.3508064516129,138,Faible,False,0.009
TG010504,Kemeni,Tchaoudjo,Centrale,117.16222311,240360,100.3113456171448,17.911929496499226,5,2,5,2,4.267587168694856,0.0,4.868040021943292,8.799412539086857,54.03225806451613,77.68817204301075,45.83333333333333,47.446236559139784,56.25,139,Faible,False,0.0
TG020411,Natchitikpi,Dankpen,Kara,127.07827984,185662,72.99528320686365,12.195153126051508,5,3,4,2,3.934582688949939,0.0,2.994692050260313,7.087154871068742,30.64516129032258,79.56989247311827,45.83333333333333,68.14516129032258,56.04838709677419,140,Faible,False,0.0
TG040209,Tomegbe,Wawa,Plateaux,93.8977092,101300,81.37799007407942,45.353359382396576,28,20,27,2,29.819683822488823,0.0,2.04038571357019,4.297680446103343,94.6236559139785,25.806451612903224,45.83333333333333,56.451612903225815,55.678763440860216,141,Faible,False,0.006
TG040606,Kpegnon/Haito,Haho,Plateaux,161.64913097,305096,99.99255293892747,18.91691568725476,10,10,8,2,6.186238020577959,0.0,2.6443333774288647,7.86324670048078,56.98924731182796,69.6236559139785,45.83333333333333,50.134408602150536,55.64516129032258,142,Faible,False,0.0
TG020309,Sola,Binah,Kara,110.64992863,84199,144.97335940622267,30.117382872537718,12,9,11,2,10.845013773236628,0.14912280701754385,6.051733724414913,12.838102092856293,84.13978494623656,58.06451612903226,45.83333333333333,34.40860215053764,55.61155913978495,143,Faible,False,0.0
TG010409,Larni,Tchamba,Centrale,75.47808576,200585,62.73993005355558,7.135760810798972,3,3,3,2,3.9746635990997343,0.0,4.414360929359152,8.020496291843369,13.172043010752688,79.03225806451613,45.83333333333333,84.2741935483871,55.57795698924731,144,Faible,False,0.0
TG020505,Kadjalla,Doufelgou,Kara,100.9149605,84767,73.20728167274905,19.0144812619268,13,10,11,2,12.882133566311014,0.0,2.5318121594289793,5.278333980842969,57.25806451612904,54.56989247311827,45.83333333333333,64.65053763440861,55.57795698924731,144,Faible,False,0.0
TG051515,Tamongue,Tandjoaré,Savanes,145.62593603,138867,145.72432788933614,36.42351283310677,18,18,12,2,12.360435572611097,0.007042253521126761,3.1170906283942164,10.185484078298673,89.78494623655914,55.376344086021504,45.83333333333333,31.048387096774192,55.51075268817205,146,Faible,False,0.0
TG040101,Adiva,Amou,Plateaux,10.53327579,114172,63.13065114980629,25.913587729525677,4,4,4,2,37.974891000171944,0.0,1.3750044402376236,3.250492101080021,76.34408602150538,20.967741935483872,45.83333333333333,78.89784946236558,55.51075268817203,147,Faible,False,0.0
TG020406,Koutchitcheou,Dankpen,Kara,43.17752585,185662,72.99528320686365,18.668035252819436,6,2,6,2,13.896118135263649,0.0,1.7131499608650635,3.609234420955012,56.451612903225815,51.61290322580645,45.83333333333333,68.14516129032258,55.51075268817203,147,Faible,False,0.0
TG010301,Adjengere,Sotouboua,Centrale,292.11041561,138864,44.11614313323855,14.53966753861514,56,34,54,2,19.170833016364007,0.3378839590443686,7.715139997079153,14.844705726010117,40.32258064516129,40.32258064516129,45.83333333333333,94.6236559139785,55.2755376344086,149,Faible,False,0.0045
TG040206,Kpete Bena,Wawa,Plateaux,123.87617207,101300,81.37799007407942,37.868089355933925,34,23,32,2,27.44676351541382,0.0,1.5548993964316231,3.508728047700465,90.32258064516128,27.956989247311824,45.83333333333333,56.451612903225815,55.141129032258064,150,Faible,False,0.0
TG040802,Katome,Moyen-Mono,Plateaux,24.0583501,90505,144.5415403687459,38.73918643739555,4,3,4,2,16.626244041564597,0.0,1.5113070907855033,3.0076819408604605,90.86021505376344,46.236559139784944,45.83333333333333,36.424731182795696,54.83870967741936,151,Faible,False,0.0
TG030107,Tovegan,Avé,Maritime,188.80213605,111214,105.93341030721793,18.45302057265674,9,6,5,2,4.766895220728093,0.0,3.350302541808383,6.838151820445376,55.64516129032258,74.19354838709677,45.83333333333333,43.54838709677419,54.80510752688171,152,Faible,False,0.0
TG051406,Nagbeni,Oti,Savanes,152.82690267,124848,80.87673363045658,29.857275724295327,39,34,22,2,25.519067205211194,0.0,3.366195221414118,9.212510271884858,83.60215053763442,30.64516129032258,45.83333333333333,58.73655913978495,54.704301075268816,153,Faible,False,0.0
TG051407,Sadori,Oti,Savanes,156.16488614,124848,80.87673363045658,12.271899449152798,5,4,5,2,3.201744081904276,0.0,2.9973933842747833,6.251144502411256,30.913978494623656,83.06451612903226,45.83333333333333,58.73655913978495,54.63709677419355,154,Faible,False,0.0
TG020507,Kpaha,Doufelgou,Kara,100.75308972,84767,73.20728167274905,10.288449154514918,3,1,2,2,2.9775761798841236,0.18269230769230768,6.192229365142426,14.120790867707141,23.655913978494624,84.13978494623656,45.83333333333333,64.65053763440861,54.56989247311828,155,Faible,False,0.0
TG040601,Assrama,Haho,Plateaux,618.2469279,305096,99.99255293892747,17.124913078564024,32,30,22,2,5.175925436248335,0.13452188006482982,6.214983264211472,13.271660268165176,49.73118279569893,72.31182795698925,45.83333333333333,50.134408602150536,54.50268817204301,156,Faible,False,0.0
TG051806,Pogno,Kpendjal-Ouest,Savanes,93.34669235,123330,156.8112631170718,40.88513332555263,13,10,10,2,13.92657808512055,0.0,3.1364996377206866,6.58695539712278,92.20430107526882,51.344086021505376,45.83333333333333,27.956989247311824,54.33467741935483,157,Faible,False,0.001
TG030704,Gboto,Yoto,Maritime,60.35619288,174851,138.65936779002251,29.305497486850022,9,8,5,2,14.911477299262021,0.0,2.224611621163528,6.437915688242579,81.98924731182797,49.73118279569893,45.83333333333333,38.844086021505376,54.0994623655914,158,Faible,False,0.0
TG040105,Evou,Amou,Plateaux,39.9581071,114172,63.13065114980629,27.867447195284544,31,23,31,2,77.58125259141717,0.0,1.4500415927980044,4.021521392306952,79.3010752688172,11.559139784946236,45.83333333333333,78.89784946236558,53.897849462365585,159,Faible,False,0.0
TG040708,Kpele-Dutoe,Kpélé,Plateaux,29.65514203,80939,86.9454777079909,23.219161665588203,5,5,5,2,16.86048239101959,0.0,2.4287368977879122,5.732059474961158,69.35483870967742,45.43010752688172,45.83333333333333,54.03225806451613,53.66263440860215,160,Faible,False,0.0
TG051510,Nandoga,Tandjoaré,Savanes,47.36131426,138867,145.72432788933614,25.462884905962834,4,4,4,2,8.44571157388317,0.0,2.7560854073468306,4.3860526726092495,75.26881720430107,62.365591397849464,45.83333333333333,31.048387096774192,53.62903225806451,161,Faible,False,0.0
TG040308,Agou Yiboe/Kati,Agou,Plateaux,109.95967608,85793,78.27972936911425,19.040972430701046,17,17,16,2,15.460212876247317,0.0,2.9541411383745957,8.702924615265637,57.52688172043011,48.11827956989247,45.83333333333333,61.29032258064516,53.19220430107527,162,Faible,False,0.0
TG040804,Saligbe,Moyen-Mono,Plateaux,78.02533296,90505,144.5415403687459,24.53020798667153,9,9,9,2,11.53471527588852,0.0,2.444952695952248,4.86869189298156,72.04301075268818,56.98924731182796,45.83333333333333,36.424731182795696,52.822580645161295,163,Faible,False,0.0
TG040906,Katore,Ogou,Plateaux,277.38161312,253467,130.37739400587904,18.372014934829902,18,8,16,2,6.489254928448663,0.0,3.2211363744649066,9.24281117228413,55.107526881720425,68.27956989247312,45.83333333333333,41.53225806451613,52.688172043010745,164,Faible,False,0.0
TG010404,Balanka,Tchamba,Centrale,69.73358672,200585,62.73993005355558,12.837801000967463,11,8,11,2,15.774321266691901,0.0,3.320657844783101,6.517767480535373,32.795698924731184,47.58064516129033,45.83333333333333,84.2741935483871,52.62096774193549,165,Faible,False,0.0
TG020502,Aloum,Doufelgou,Kara,164.71835904,84767,73.20728167274905,15.055277736285978,18,10,16,2,10.927743637628701,0.0,2.86381508951621,6.821199392318055,42.204301075268816,57.795698924731184,45.83333333333333,64.65053763440861,52.62096774193548,166,Faible,False,0.0
TG040602,Atsave,Haho,Plateaux,305.8034716,305096,99.99255293892747,17.850057220308432,27,27,25,2,8.829199962555297,0.0,2.565530678479613,5.862824252166104,52.956989247311824,61.55913978494624,45.83333333333333,50.134408602150536,52.62096774193548,166,Faible,False,0.0
TG051805,Ogaro,Kpendjal-Ouest,Savanes,116.78989693,123330,156.8112631170718,31.63403043429009,17,17,10,2,14.556053602983516,0.0,2.479852003046898,6.9319178400457515,86.29032258064517,50.26881720430107,45.83333333333333,27.956989247311824,52.58736559139784,168,Faible,False,0.0
TG040201,Badou,Wawa,Plateaux,99.67972411,101300,81.37799007407942,50.69784157714696,89,66,83,2,89.28596140754307,0.0,1.8782539394695237,4.724540352023758,96.50537634408603,10.75268817204301,45.83333333333333,56.451612903225815,52.38575268817205,169,Faible,False,0.013
TG040604,Djemegni,Haho,Plateaux,203.60055166,305096,99.99255293892747,17.511888013868766,18,11,13,2,8.840840485569439,0.0,3.8760611788364647,7.71728656173636,51.61290322580645,61.29032258064516,45.83333333333333,50.134408602150536,52.21774193548387,170,Faible,False,0.0
TG051505,Doukpergou,Tandjoaré,Savanes,64.94575532,138867,145.72432788933614,29.675247599834044,10,10,9,2,15.397465085636638,0.0,2.385140816226093,6.037152793623074,83.06451612903226,48.655913978494624,45.83333333333333,31.048387096774192,52.15053763440861,171,Faible,False,0.0
TG040114,Temedja,Amou,Plateaux,82.67910836,114172,63.13065114980629,19.506216420970294,26,16,25,2,31.446880010838086,0.0,5.254689692379674,9.0348938417082,58.602150537634415,24.731182795698924,45.83333333333333,78.89784946236558,52.016129032258064,172,Faible,False,0.0
TG020101,Aledjo,Assoli,Kara,187.60499906,66394,71.14099963379633,11.863983100755457,16,8,16,2,8.52855738395482,0.016042780748663103,5.4028052037285645,10.402437428957814,29.03225806451613,62.096774193548384,45.83333333333333,70.56451612903226,51.88172043010752,173,Faible,False,0.0
TG010104,Blitta-Gare,Blitta,Centrale,107.69203187,163272,52.17066569796143,3.355023413089028,8,8,8,2,7.428590454730363,0.0,3.302720340075388,6.961219461986001,5.376344086021505,65.05376344086021,45.83333333333333,90.32258064516128,51.64650537634408,174,Faible,False,0.0
TG040305,Agou Atigbe,Agou,Plateaux,33.60276265,85793,78.27972936911425,7.277257139215778,1,1,1,2,2.975945788790672,0.0,2.9145144731849393,5.097295013609825,14.24731182795699,84.40860215053763,45.83333333333333,61.29032258064516,51.44489247311828,175,Faible,False,0.0
TG020203,Bassar,Bassar,Kara,1285.57790891,152065,43.98887561728768,10.11790916428171,257,71,128,2,19.99100935219881,0.14363778298204527,6.089974163808196,19.713775573208785,23.118279569892472,38.97849462365591,45.83333333333333,97.44623655913979,51.344086021505376,176,Faible,False,0.0145
TG010118,Waragni,Blitta,Centrale,42.96547975,163272,52.17066569796143,9.626039714620156,7,3,7,2,16.292149047864406,0.0,2.996693600904417,6.323336417059803,20.967741935483872,46.774193548387096,45.83333333333333,90.32258064516128,50.97446236559139,177,Faible,False,0.0
TG040310,Amoussou Kope,Agou,Plateaux,137.50501514,85793,78.27972936911425,24.706218820604278,45,35,35,2,32.72607908459447,0.0,2.0967204462775157,5.01849689050502,72.31182795698925,23.387096774193548,45.83333333333333,61.29032258064516,50.70564516129032,178,Faible,False,0.0
TG030709,Tchekpo,Yoto,Maritime,171.68654892,174851,138.65936779002251,22.36887838399284,27,20,19,2,15.726333932299532,0.0,2.696764790396025,7.803324913614398,67.47311827956989,47.8494623655914,45.83333333333333,38.844086021505376,49.99999999999999,179,Faible,False,0.0
TG030808,Gape Kpodji,Zio,Maritime,111.38099797,500032,231.06460319283445,24.806165191309947,13,11,10,2,11.671649775935295,0.0,2.228501639635904,4.682744344974601,72.58064516129032,56.451612903225815,45.83333333333333,24.865591397849464,49.932795698924735,180,Faible,False,0.0
TG030712,Zafi,Yoto,Maritime,155.05688769,174851,138.65936779002251,14.338908746428212,7,6,4,2,4.514472142633782,0.0,4.006182605558984,7.3017786095795,39.516129032258064,75.26881720430107,45.83333333333333,38.844086021505376,49.865591397849464,181,Faible,False,0.0
TG030701,Ahepe,Yoto,Maritime,95.1523491,174851,138.65936779002251,24.1270630341818,17,14,13,2,17.866085452219277,0.0,3.6230449795339794,7.62265251399046,71.50537634408603,43.27956989247312,45.83333333333333,38.844086021505376,49.865591397849464,181,Faible,False,0.0
TG010308,Sotouboua,Sotouboua,Centrale,579.98169108,138864,44.11614313323855,11.0610601499031,140,97,134,2,24.138693023102526,0.46471600688468157,9.736099239893237,23.42847686416739,25.806451612903224,32.795698924731184,45.83333333333333,94.6236559139785,49.76478494623656,183,Faible,False,0.002
TG010511,Tchalo,Tchaoudjo,Centrale,217.53714626,240360,100.3113456171448,15.80728791436372,22,11,17,2,10.113215318962418,0.40654205607476634,8.758995801943888,20.583437247104772,44.89247311827957,59.40860215053764,45.83333333333333,47.446236559139784,49.39516129032258,184,Faible,False,0.0
TG020206,Kabou,Bassar,Kara,388.4234365,152065,43.98887561728768,6.783090105496176,73,27,63,2,18.793922595862725,0.0,3.9910523441690313,8.831249841983523,12.365591397849462,41.12903225806452,45.83333333333333,97.44623655913979,49.193548387096776,185,Faible,False,0.014
TG040709,Kpele-Nord,Kpélé,Plateaux,95.46570991,80939,86.9454777079909,23.17053361655762,27,17,27,2,28.28240634826281,0.0,2.4561834197182497,5.808226334539339,69.08602150537635,27.419354838709676,45.83333333333333,54.03225806451613,49.09274193548387,186,Faible,False,0.0
TG040805,Tado,Moyen-Mono,Plateaux,180.43164662,90505,144.5415403687459,13.875189090247623,8,5,4,2,4.433812000202207,0.0,3.479048672812643,8.600534587096272,37.634408602150536,76.34408602150538,45.83333333333333,36.424731182795696,49.05913978494624,187,Faible,False,0.0
TG020106,Soudou,Assoli,Kara,209.46292059,66394,71.14099963379633,11.267523350143287,28,8,23,2,13.367521049134437,0.004830917874396135,4.207962270390095,10.065435806140906,26.344086021505376,53.2258064516129,45.83333333333333,70.56451612903226,48.99193548387096,188,Faible,False,0.0
TG020301,Boufale,Binah,Kara,55.44773884,84199,144.97335940622267,25.584570358247287,11,9,11,2,19.83850059556369,0.0,2.2177197047918584,5.901542656806127,76.0752688172043,39.247311827956985,45.83333333333333,34.40860215053764,48.89112903225806,189,Faible,False,0.0
TG051512,Pligou,Tandjoaré,Savanes,29.628518,138867,145.72432788933614,21.16926306516696,4,3,2,2,13.50050650525281,0.0,1.759876246179236,3.772852540778704,64.51612903225806,52.68817204301075,45.83333333333333,31.048387096774192,48.52150537634408,190,Faible,False,0.0
TG040803,Kpekpleme,Moyen-Mono,Plateaux,97.80843708,90505,144.5415403687459,30.89026796770104,29,27,28,2,29.64979388872165,0.0,2.0281307171682443,6.24081755117517,85.21505376344086,26.344086021505376,45.83333333333333,36.424731182795696,48.454301075268816,191,Faible,False,0.0
TG051803,Namoundjoga,Kpendjal-Ouest,Savanes,197.33483536,123330,156.8112631170718,26.67200657591305,36,26,31,2,18.243104383635472,0.0,2.730868983194289,7.6603841555496395,77.68817204301075,42.204301075268816,45.83333333333333,27.956989247311824,48.420698924731184,192,Faible,False,0.0
TG010503,Kadambara,Tchaoudjo,Centrale,323.92108263,240360,100.3113456171448,19.64835875158251,61,24,61,2,18.831747382641797,0.039755351681957186,4.494351583725432,11.078582939733469,59.40860215053764,40.86021505376344,45.83333333333333,47.446236559139784,48.38709677419355,193,Faible,False,0.0
TG051401,Barkoissi,Oti,Savanes,51.32388177,124848,80.87673363045658,29.352455253590605,85,62,67,2,165.61490882726736,0.0,1.5784285360405144,4.242361279982998,82.79569892473118,5.913978494623656,45.83333333333333,58.73655913978495,48.31989247311829,194,Faible,False,0.0
TG041106,Pallakoko,Anié,Plateaux,139.15033139,180158,90.71797346163127,14.782528308627493,18,7,16,2,12.935650113222488,0.0,3.8933083459357736,8.083243482736115,41.12903225806452,54.3010752688172,45.83333333333333,52.016129032258064,48.31989247311827,195,Faible,False,0.0
TG040706,Kpele-Centre,Kpélé,Plateaux,114.70026183,80939,86.9454777079909,14.041194437620264,15,12,15,2,13.07756387010856,0.0,3.225674669360114,7.398554026373119,38.44086021505376,53.76344086021505,45.83333333333333,54.03225806451613,48.01747311827956,196,Faible,False,0.0
TG030103,Badja,Avé,Maritime,173.55284604,111214,105.93341030721793,12.150918774122324,9,3,3,2,5.185740369780916,0.0,2.5109796531757476,5.022890714454034,30.107526881720432,72.04301075268818,45.83333333333333,43.54838709677419,47.88306451612904,197,Faible,False,0.0
TG010410,Tchamba,Tchamba,Centrale,285.42107839,200585,62.73993005355558,5.431957623811663,40,25,34,2,14.014381917982915,0.0,3.6575871224515066,8.560037563774747,9.67741935483871,50.806451612903224,45.83333333333333,84.2741935483871,47.64784946236559,198,Faible,False,0.0
TG020704,Djamde,Kozah,Kara,157.00643847,283738,261.27454568445893,18.20077765167804,10,6,9,2,6.369165556169691,0.0,3.6278890657905163,7.563746054756937,54.3010752688172,69.08602150537635,45.83333333333333,20.698924731182796,47.479838709677416,199,Faible,False,0.0
TG020103,Boulade,Assoli,Kara,71.13673046,66394,71.14099963379633,5.890740032869932,6,2,4,2,8.434461298968168,0.0,2.8951435191472554,6.459567048464652,10.75268817204301,62.634408602150536,45.83333333333333,70.56451612903226,47.446236559139784,200,Faible,False,0.0
TG010510,Lama-Tessi,Tchaoudjo,Centrale,469.86990034,240360,100.3113456171448,13.370590041640972,45,34,37,2,9.577119106254262,0.28270042194092826,7.877053126194944,22.238115432724708,35.483870967741936,60.215053763440864,45.83333333333333,47.446236559139784,47.244623655913976,201,Faible,False,0.0
TG010120,Yaloumbe,Blitta,Centrale,79.87229037,163272,52.17066569796143,9.235710231636409,20,14,20,2,25.039973071201665,0.0,3.8355030805501364,7.942090304772116,19.086021505376344,31.72043010752688,45.83333333333333,90.32258064516128,46.74059139784946,202,Faible,False,0.0
TG051804,Nayega,Kpendjal-Ouest,Savanes,27.09878879,123330,156.8112631170718,26.78993333378689,6,6,3,2,22.141210983621974,0.0,1.354746328347249,2.968967555105113,77.95698924731182,34.946236559139784,45.83333333333333,27.956989247311824,46.67338709677419,203,Faible,False,0.0
TG010502,Aleheride/Amaide,Tchaoudjo,Centrale,243.50860851,240360,100.3113456171448,17.839426878380106,47,19,44,2,19.30116569085067,0.008403361344537815,4.334593804250775,10.2017357201593,52.68817204301075,39.784946236559136,45.83333333333333,47.446236559139784,46.43817204301075,204,Faible,False,0.0
TG010509,Kpassouade,Tchaoudjo,Centrale,80.89558582,240360,100.3113456171448,11.370011902683352,6,3,6,2,7.416968353935335,0.0,2.8422771309301735,6.37282269072728,26.881720430107524,65.32258064516128,45.83333333333333,47.446236559139784,46.37096774193547,205,Faible,False,0.0
TG051502,Bogou,Tandjoaré,Savanes,57.52850037,138867,145.72432788933614,24.30007835920366,12,12,11,2,20.859226162373194,0.0,2.2610292973327217,4.113886383310941,71.7741935483871,36.55913978494624,45.83333333333333,31.048387096774192,46.30376344086022,206,Faible,False,0.0
TG030702,Amoussime,Yoto,Maritime,39.49807428,174851,138.65936779002251,20.457550200973067,8,7,5,2,20.25415199558433,0.0,1.5770801454239345,3.3662853371846824,61.82795698924731,38.70967741935484,45.83333333333333,38.844086021505376,46.303763440860216,207,Faible,False,0.0
TG051901,Gando,Oti-Sud,Savanes,351.65102478,150376,62.787217722671095,5.726938356383079,58,46,50,2,16.493624620114776,0.0,3.7557896912121045,8.882068480650112,10.483870967741936,46.50537634408602,45.83333333333333,81.85483870967742,46.16935483870968,208,Faible,False,0.0
TG020711,Sarakawa,Kozah,Kara,87.90679517,283738,261.27454568445893,19.640006387729017,9,8,8,2,10.238116385195482,0.0,2.89387043827385,6.320920064634583,59.13978494623656,58.602150537634415,45.83333333333333,20.698924731182796,46.06854838709677,209,Faible,False,0.0
TG040705,Kame,Kpélé,Plateaux,75.58346203,80939,86.9454777079909,17.236646544269934,18,13,18,2,23.814733430516295,0.0,2.290883734403015,5.581631678820438,50.26881720430107,33.33333333333333,45.83333333333333,54.03225806451613,45.86693548387097,210,Faible,False,0.0
TG020512,Siou,Doufelgou,Kara,134.27945312,84767,73.20728167274905,13.858427251263508,29,13,18,2,21.596751644560168,0.05925925925925926,4.31334617434759,11.48370326481457,37.365591397849464,35.483870967741936,45.83333333333333,64.65053763440861,45.83333333333333,211,Faible,False,0.0
TG030710,Tokpli,Yoto,Maritime,79.48497246,174851,138.65936779002251,15.850509804197811,11,9,5,2,13.839093931290773,0.0,2.0412261738355664,4.868895921093177,45.16129032258064,51.88172043010753,45.83333333333333,38.844086021505376,45.43010752688172,212,Faible,False,0.0
TG010505,Kolina,Tchaoudjo,Centrale,110.34050447,240360,100.3113456171448,10.748363790969762,9,2,9,2,8.156569560044897,0.0,3.246842250977673,7.598318798614663,25.268817204301076,62.903225806451616,45.83333333333333,47.446236559139784,45.36290322580645,213,Faible,False,0.0
TG030105,Keve,Avé,Maritime,105.78303589,111214,105.93341030721793,11.496491587127483,8,5,4,2,7.562649278017426,0.0,2.6402248971392277,5.0843022081560685,27.1505376344086,64.78494623655914,45.83333333333333,43.54838709677419,45.329301075268816,214,Faible,False,0.0
TG010305,Kaniamboua,Sotouboua,Centrale,31.93987984,138864,44.11614313323855,5.064522646782234,8,3,4,2,25.047057284107805,0.0,1.7622011743168307,3.3303651916828683,9.13978494623656,31.451612903225808,45.83333333333333,94.6236559139785,45.26209677419355,215,Faible,False,0.001
TG051801,Kpendjaga / Papri,Kpendjal-Ouest,Savanes,47.89149136,123330,156.8112631170718,27.4936812356466,13,10,11,2,27.144696543858053,0.0,1.782728653627195,3.2683331720772575,78.76344086021506,28.49462365591398,45.83333333333333,27.956989247311824,45.26209677419355,215,Faible,False,0.0
TG040608,Wahala,Haho,Plateaux,444.20850382,305096,99.99255293892747,14.276098232317745,74,64,60,2,16.658843620424232,0.10714285714285714,4.997828927451676,12.163416737777256,38.97849462365591,45.96774193548387,45.83333333333333,50.134408602150536,45.228494623655905,217,Faible,False,0.0
TG040401,Ahlon,Danyi,Plateaux,51.02680881,40240,101.50365041889296,17.858583102592434,11,6,10,2,21.55729557958222,0.0,1.3656732469741386,3.858413374176836,53.2258064516129,35.752688172043015,45.83333333333333,45.16129032258064,44.99327956989247,218,Faible,False,0.0
TG030204,Hompou,Bas-Mono,Maritime,40.08802423,94860,287.9783643941079,12.947337193154356,1,1,1,2,2.4945105657056725,0.0,2.523499715941485,4.468854310916754,33.87096774193548,85.48387096774194,45.83333333333333,14.78494623655914,44.99327956989247,218,Faible,False,0.0
TG020105,Koumonde,Assoli,Kara,58.65125951,66394,71.14099963379633,9.109265118576886,10,4,9,2,17.049932232563574,0.016666666666666666,4.635016484026024,10.15344639718378,18.548387096774192,44.89247311827957,45.83333333333333,70.56451612903226,44.95967741935483,220,Faible,False,0.0
TG040603,Dalia,Haho,Plateaux,158.84354598,305096,99.99255293892747,15.133153378056091,30,22,22,2,18.88650861759111,0.0,3.2567977027316237,6.489566981793911,42.473118279569896,40.59139784946236,45.83333333333333,50.134408602150536,44.758064516129025,221,Faible,False,0.0
TG030705,Kini-Kondji,Yoto,Maritime,29.31897559,174851,138.65936779002251,13.33198455570298,3,2,1,2,10.232281106790197,0.0,2.4518344489501858,4.573161349571953,35.215053763440864,58.87096774193549,45.83333333333333,38.844086021505376,44.69086021505377,222,Faible,False,0.0
TG010103,Blitta Village,Blitta,Centrale,62.74797698,163272,52.17066569796143,2.6205034164338703,13,7,13,2,20.717799402749765,0.0,2.743454571106998,5.511390793473601,4.301075268817205,37.634408602150536,45.83333333333333,90.32258064516128,44.522849462365585,223,Faible,False,0.0
TG051802,Naki-Est,Kpendjal-Ouest,Savanes,267.0533836,123330,156.8112631170718,23.3113412283618,60,44,51,2,22.467418008778974,0.0,1.907474785823937,6.442398724026486,69.6236559139785,34.67741935483871,45.83333333333333,27.956989247311824,44.522849462365585,223,Faible,False,0.0
TG051516,Tampialime,Tandjoaré,Savanes,109.07977832,138867,145.72432788933614,19.33090201442528,20,16,14,2,18.335204112101646,0.0,1.8455680864251967,5.236584824670233,58.06451612903226,41.66666666666667,45.83333333333333,31.048387096774192,44.153225806451616,225,Faible,False,0.0
TG020302,Kemerida,Binah,Kara,44.31056683,84199,144.97335940622267,19.29675090735476,9,5,8,2,20.31118228419196,0.0,2.804503887836014,5.515389511562015,57.795698924731184,38.44086021505376,45.83333333333333,34.40860215053764,44.119623655913976,226,Faible,False,0.0
TG020514,Tenega,Doufelgou,Kara,19.47327144,84767,73.20728167274905,8.52517914944339,3,3,3,2,15.405731950296275,0.0,1.9045332362226115,4.082177219119154,17.20430107526882,48.38709677419355,45.83333333333333,64.65053763440861,44.01881720430107,227,Faible,False,0.0
TG041105,Kolokope,Anié,Plateaux,224.20016547,180158,90.71797346163127,11.135601853989158,31,26,28,2,13.82693002702002,0.0,3.312834245982094,8.463590211370551,26.0752688172043,52.1505376344086,45.83333333333333,52.016129032258064,44.01881720430107,227,Faible,False,0.0
TG040311,Gadja,Agou,Plateaux,207.46754634,85793,78.27972936911425,15.33882274656114,62,50,59,2,29.884192054979884,0.0,2.212524233865147,5.189243623951012,43.01075268817204,25.537634408602152,45.83333333333333,61.29032258064516,43.91801075268817,229,Faible,False,0.0
TG040905,Houdou,Ogou,Plateaux,67.48655252,253467,130.37739400587904,17.30898276853384,14,4,14,2,20.744873574407325,0.0,1.780937921658631,4.50406233838931,50.806451612903224,37.096774193548384,45.83333333333333,41.53225806451613,43.81720430107527,230,Faible,False,0.0
TG020306,Pessare,Binah,Kara,66.568406,84199,144.97335940622267,14.279275958577369,8,4,8,2,12.017713027408227,0.0,2.39861334009757,6.9049925102670535,39.247311827956985,55.64516129032258,45.83333333333333,34.40860215053764,43.783602150537625,231,Faible,False,0.0
TG020305,Pagouda,Binah,Kara,132.57974435,84199,144.97335940622267,24.869425337783483,49,30,47,2,36.958888584551715,0.0,1.7880600200198118,4.934512002370155,73.38709677419355,21.236559139784948,45.83333333333333,34.40860215053764,43.71639784946236,232,Faible,False,0.0
TG051807,Tambonga,Kpendjal-Ouest,Savanes,36.07859284,123330,156.8112631170718,28.270313458706067,15,11,13,2,41.575900885384975,0.0,1.3882964439425318,3.1157491500795174,80.10752688172043,19.086021505376344,45.83333333333333,27.956989247311824,43.24596774193547,233,Faible,False,0.0
TG040902,Datcha,Ogou,Plateaux,98.1093104,253467,130.37739400587904,10.372676833448716,9,6,7,2,9.173441300633177,0.0,2.8710733085689264,5.837995879724004,24.462365591397848,60.752688172043015,45.83333333333333,41.53225806451613,43.145161290322584,234,Faible,False,0.0
TG040402,Danyi Kpeto-Evita,Danyi,Plateaux,46.63012606,40240,101.50365041889296,14.400262075805593,9,7,7,2,19.30082708423199,0.0,1.6157046210157784,3.0994514159479816,40.053763440860216,40.053763440860216,45.83333333333333,45.16129032258064,42.7755376344086,235,Faible,False,0.0
TG040307,Agou Kebo,Agou,Plateaux,18.00283718,85793,78.27972936911425,3.675954746100209,2,2,2,2,11.109360041437647,0.0,0.9417856165477463,1.8429070534177214,6.451612903225806,57.25806451612904,45.83333333333333,61.29032258064516,42.708333333333336,236,Faible,False,0.0
TG010512,Wassarabo,Tchaoudjo,Centrale,46.54084623,240360,100.3113456171448,12.840676897415308,8,3,8,2,17.189201847480028,0.0,1.7826182810993254,3.404667061478281,33.064516129032256,44.354838709677416,45.83333333333333,47.446236559139784,42.674731182795696,237,Faible,False,0.0
TG051601,Bidjenga,Tône,Savanes,42.91778032,388775,318.218459032614,21.130681023505836,6,6,4,2,13.980219748699248,0.0,1.5584495992538905,2.9796317324655384,63.97849462365591,51.075268817204304,45.83333333333333,9.13978494623656,42.50672043010752,238,Faible,False,0.0
TG030602,Anyron Kope,Vo,Maritime,32.32379531,224411,297.09582837042467,25.39170122982724,7,7,6,2,21.65587281093323,0.0,1.018818364766313,1.9312338508579385,74.73118279569893,35.215053763440864,45.83333333333333,12.768817204301076,42.13709677419355,239,Faible,False,0.0
TG040702,Akata,Kpélé,Plateaux,89.15192598,80939,86.9454777079909,9.651770420535213,15,15,15,2,16.82521138507433,0.0,3.1903158764685284,8.459181850043873,21.236559139784948,45.69892473118279,45.83333333333333,54.03225806451613,41.700268817204304,240,Faible,False,0.0
TG030807,Game,Zio,Maritime,208.40690193,500032,231.06460319283445,8.118433663812944,8,6,7,2,3.8386444623062683,0.0,2.8047585716137236,7.409355987797577,15.591397849462366,80.3763440860215,45.83333333333333,24.865591397849464,41.66666666666667,241,Faible,False,0.0
TG020501,Agbandi-Yaka,Doufelgou,Kara,97.05857567,84767,73.20728167274905,7.546029567305165,18,11,16,2,18.54550190515896,0.0,3.9462763341411558,7.171702418007125,14.516129032258066,41.39784946236559,45.83333333333333,64.65053763440861,41.5994623655914,242,Faible,False,0.0
TG040605,Kpedome,Haho,Plateaux,598.09111608,305096,99.99255293892747,12.724736059093296,124,106,94,2,20.73262696371733,0.0,1.750127833659475,4.276665495730261,32.526881720430104,37.365591397849464,45.83333333333333,50.134408602150536,41.46505376344086,243,Faible,False,0.0
TG041206,Kpadape,Kloto,Plateaux,65.80110344,145986,276.36893602412744,11.638999590058896,3,2,3,2,4.55919406083443,0.0,4.051960018024545,8.050886710236275,27.688172043010752,74.73118279569893,45.83333333333333,17.06989247311828,41.33064516129032,244,Faible,False,0.0
TG040309,Agou-Akplolo,Agou,Plateaux,45.41306757,85793,78.27972936911425,11.66176624073504,12,12,11,2,26.424112358195405,0.0,3.2276638738020544,6.864675056035676,27.956989247311824,29.56989247311828,45.83333333333333,61.29032258064516,41.162634408602145,245,Faible,False,0.0
TG030811,Gblainvie,Zio,Maritime,111.24522254,500032,231.06460319283445,14.383376209925128,15,10,8,2,13.483725105234528,0.0,2.296856470576583,5.235425250909078,39.784946236559136,52.956989247311824,45.83333333333333,24.865591397849464,40.86021505376344,246,Faible,False,0.0
TG040607,Notse,Haho,Plateaux,560.26376764,305096,99.99255293892747,13.321012050789571,137,115,116,2,24.452768126892327,0.0,3.1132127530394382,8.016117360038347,34.946236559139784,32.526881720430104,45.83333333333333,50.134408602150536,40.86021505376344,246,Faible,False,0.0
TG020304,Lama-Dessi,Binah,Kara,39.88286514,84199,144.97335940622267,17.333694345430306,10,5,10,2,25.073424301130835,0.0,1.7411627582688873,2.8919356248964725,51.344086021505376,31.182795698924732,45.83333333333333,34.40860215053764,40.69220430107527,248,Faible,False,0.0
TG030104,Dzolo,Avé,Maritime,123.4217079,111214,105.93341030721793,6.3678840766552485,11,6,3,2,8.912532638838973,0.0,2.665710966968163,7.879963797714155,11.29032258064516,61.02150537634409,45.83333333333333,43.54838709677419,40.42338709677419,249,Faible,False,0.0
TG040904,Gnagna,Ogou,Plateaux,76.22693236,253467,130.37739400587904,20.815663741693687,73,44,58,2,95.76667686853769,0.0,3.1127538056596507,7.085649357820567,62.903225806451616,10.21505376344086,45.83333333333333,41.53225806451613,40.12096774193549,250,Faible,False,0.0
TG020402,Guerin-Kouka,Dankpen,Kara,441.03967507,185662,72.99528320686365,6.395840460593529,100,51,80,2,22.673697096327768,0.03619909502262444,4.544109414062318,11.335658173277787,11.559139784946236,34.40860215053764,45.83333333333333,68.14516129032258,39.986559139784944,251,Faible,False,0.0
TG030102,Assahoun/Ando Peme,Avé,Maritime,377.66242577,111214,105.93341030721793,8.854751225292407,51,40,38,2,13.504123396977672,0.0,3.3165217585764784,8.586124724316647,17.741935483870968,52.41935483870967,45.83333333333333,43.54838709677419,39.88575268817204,252,Faible,False,0.0
TG030809,Gape-Centre,Zio,Maritime,262.14839081,500032,231.06460319283445,13.18107980084827,34,18,12,2,12.969753464800984,0.0,3.0934917904992814,5.626567959772443,34.40860215053764,54.03225806451613,45.83333333333333,24.865591397849464,39.784946236559136,253,Faible,False,0.0
TG040701,Adeta,Kpélé,Plateaux,202.8479946,80939,86.9454777079909,16.028840065868565,141,129,135,2,69.51017695690841,0.0,4.092587165369704,9.726362464320024,45.69892473118279,13.172043010752688,45.83333333333333,54.03225806451613,39.68413978494623,254,Faible,False,0.0
TG020308,Sirka,Binah,Kara,63.28803867,84199,144.97335940622267,13.179728814204395,11,5,9,2,17.380851470776033,0.0,2.2199857188763645,4.529504620687092,34.13978494623656,44.086021505376344,45.83333333333333,34.40860215053764,39.61693548387097,255,Faible,False,0.0
TG051511,Nano,Tandjoaré,Savanes,64.05930247,138867,145.72432788933614,21.867971671099312,37,37,30,2,57.758980465526754,0.0,1.240612460169094,2.8213353587470875,65.59139784946237,15.86021505376344,45.83333333333333,31.048387096774192,39.58333333333333,256,Faible,False,0.0
TG051514,Sissiak,Tandjoaré,Savanes,54.09855855,138867,145.72432788933614,16.524525029409244,13,11,13,2,24.030215126683814,0.0,1.3805403177796,3.4354135786001043,47.8494623655914,33.064516129032256,45.83333333333333,31.048387096774192,39.44892473118279,257,Faible,False,0.0
TG020510,Niamtougou,Doufelgou,Kara,109.15117224,84767,73.20728167274905,10.961524097605018,43,34,43,2,39.39490444083572,0.0,3.5349179530960635,6.95840483244366,25.537634408602152,20.43010752688172,45.83333333333333,64.65053763440861,39.11290322580645,258,Faible,False,0.0
TG020604,Kande,Kéran,Kara,282.69426768,128687,63.7388599298365,3.4957339459352283,76,34,49,2,26.88416734577347,0.0036231884057971015,4.707806609554433,10.4139660403956,5.913978494623656,29.03225806451613,45.83333333333333,74.73118279569893,38.87768817204301,259,Faible,False,0.0
TG051606,Lotogou/Warkambou,Tône,Savanes,122.6384719,388775,318.218459032614,23.414653951555746,32,30,23,2,26.092953951752555,0.0,1.611229711904264,4.097318288540771,69.89247311827957,30.107526881720432,45.83333333333333,9.13978494623656,38.743279569892465,260,Faible,False,0.0
TG051503,Bombouaka,Tandjoaré,Savanes,64.00603523,138867,145.72432788933614,16.217761950017692,17,14,13,2,26.559995379985672,0.0,1.612236203734751,3.4611828568224907,47.043010752688176,29.301075268817208,45.83333333333333,31.048387096774192,38.306451612903224,261,Faible,False,0.0
TG030402,Agouegan,Lacs,Maritime,49.17277933,241247,579.5036179978613,26.49330288402416,15,13,14,2,30.504682070815136,0.0,1.3738018145552389,3.2066881671236613,77.15053763440861,25.268817204301076,45.83333333333333,3.763440860215054,38.00403225806451,262,Faible,False,0.0
TG040404,Elavagnon/Atigba,Danyi,Plateaux,192.72190878,40240,101.50365041889296,15.617501722427209,99,81,80,2,51.36935422999187,0.0,1.6120288690028162,6.392287489996403,43.81720430107527,16.666666666666664,45.83333333333333,45.16129032258064,37.869623655913976,263,Faible,False,0.0
TG030403,Aklakou,Lacs,Maritime,179.99184507,241247,579.5036179978613,19.83873371883525,33,25,16,2,18.33416396568749,0.0,2.6967917324021236,7.193330912972642,59.946236559139784,41.935483870967744,45.83333333333333,3.763440860215054,37.86962365591397,264,Faible,False,0.0
TG040903,Glei,Ogou,Plateaux,455.49961696,253467,130.37739400587904,9.577686097975208,83,76,75,2,18.221749680919864,0.006564551422319475,5.1893046707617225,11.051908448286234,20.161290322580644,42.473118279569896,45.83333333333333,41.53225806451613,37.5,265,Faible,False,0.0
TG010507,Kpangalam,Tchaoudjo,Centrale,284.18731645,240360,100.3113456171448,15.372730000067865,200,110,194,2,70.37611758974755,0.014035087719298246,3.5573898213482553,11.079490154351706,43.27956989247312,12.634408602150538,45.83333333333333,47.446236559139784,37.29838709677419,266,Faible,False,0.0
TG051506,Goundoga,Tandjoaré,Savanes,33.71896761,138867,145.72432788933614,16.842770813493875,11,10,7,2,32.622588352134905,0.0,1.173918542740631,2.841363082672647,48.655913978494624,23.655913978494624,45.83333333333333,31.048387096774192,37.29838709677419,266,Faible,False,0.0
TG051705,Gouloungoussi,Cinkassé,Savanes,15.00109089,128959,467.0774911502888,15.558525480298696,2,2,2,2,13.332363723849152,0.0,2.0867604723048983,3.445355525451326,43.54838709677419,53.494623655913976,45.83333333333333,5.779569892473118,37.163978494623656,268,Faible,False,0.0
TG051611,Natigou,Tône,Savanes,23.72926697,388775,318.218459032614,14.012141855560015,3,1,2,2,12.642615567487967,0.0,1.9212176088691981,3.4050390204491423,38.17204301075269,54.83870967741935,45.83333333333333,9.13978494623656,36.99596774193547,269,Faible,False,0.0
TG030601,Akoumape,Vo,Maritime,123.41311181,224411,297.09582837042467,22.26238213115548,43,41,31,2,34.84232701805657,0.0,2.7731689065585288,6.581801896338416,67.20430107526882,22.043010752688172,45.83333333333333,12.768817204301076,36.96236559139785,270,Faible,False,0.0
TG040703,Gbaladze,Kpélé,Plateaux,32.94298358,80939,86.9454777079909,9.508472244585969,9,9,9,2,27.319929836179092,0.0,1.9520213133992355,3.472084817292289,19.623655913978492,28.225806451612907,45.83333333333333,54.03225806451613,36.928763440860216,271,Faible,False,0.0
TG040907,Ogou,Ogou,Plateaux,248.58167434,253467,130.37739400587904,16.450867600612995,179,96,119,2,72.00852616157498,0.0,4.08283690629674,9.887816227001673,47.58064516129033,12.365591397849462,45.83333333333333,41.53225806451613,36.82795698924731,272,Faible,False,0.0
TG020303,Ketao,Binah,Kara,48.82683483,84199,144.97335940622267,20.04423054006788,91,56,87,2,186.37292447244218,0.0,1.4966084846629426,3.7611825599187907,61.02150537634409,5.64516129032258,45.83333333333333,34.40860215053764,36.72715053763441,273,Faible,False,0.0
TG051605,Kourientre,Tône,Savanes,41.99613422,388775,318.218459032614,14.824914643689493,6,5,6,2,14.2870292979076,0.0,1.7276744831710829,3.7580608673794664,41.39784946236559,50.53763440860215,45.83333333333333,9.13978494623656,36.7271505376344,274,Faible,False,0.0
TG020503,Baga,Doufelgou,Kara,44.35382615,84767,73.20728167274905,4.40200445805787,12,6,10,2,27.0551630865334,0.0,1.8297448543427803,4.9120976727585735,7.526881720430108,28.763440860215056,45.83333333333333,64.65053763440861,36.693548387096776,275,Faible,False,0.0
TG020504,Defale,Doufelgou,Kara,68.40373176,84767,73.20728167274905,8.141556833697228,27,10,20,2,39.471530726907815,0.0,1.698770390177847,3.7780828381277005,15.86021505376344,20.161290322580644,45.83333333333333,64.65053763440861,36.626344086021504,276,Faible,False,0.0
TG030708,Tabligbo,Yoto,Maritime,40.59467215,174851,138.65936779002251,18.26280499490583,53,37,39,2,130.5590048964098,0.0,1.605083038297049,4.605452135674515,54.56989247311827,6.720430107526881,45.83333333333333,38.844086021505376,36.49193548387096,277,Faible,False,0.0
TG041209,Tome,Kloto,Plateaux,29.52867054,145986,276.36893602412744,7.584421263926295,2,2,2,2,6.773078379166337,0.0,2.281110881140796,4.517544698043875,14.78494623655914,67.47311827956989,45.83333333333333,17.06989247311828,36.29032258064515,278,Faible,False,0.0
TG020701,Atchangbade,Kozah,Kara,152.07051824,283738,261.27454568445893,11.866662404651974,23,11,23,2,15.124562121700045,0.0,2.9685748427220653,7.148697233188853,29.301075268817208,48.924731182795696,45.83333333333333,20.698924731182796,36.189516129032256,279,Faible,False,0.0
TG020714,Tchitchao,Kozah,Kara,60.56175245,283738,261.27454568445893,11.60711421834805,9,7,7,2,14.860864548842823,0.0,3.8170119209423774,7.778649079758148,27.419354838709676,50.0,45.83333333333333,20.698924731182796,35.98790322580645,280,Faible,False,0.0
TG010508,Kparatao,Tchaoudjo,Centrale,142.0433809,240360,100.3113456171448,10.46558262363163,48,21,42,2,33.792493318497186,0.0,2.3084568848901803,6.063541926481257,24.731182795698924,22.58064516129032,45.83333333333333,47.446236559139784,35.14784946236559,281,Faible,False,0.0
TG020708,Landa-Pozenda/Kpinzinde,Kozah,Kara,146.50040617,283738,261.27454568445893,12.164262639053982,26,8,24,2,17.747391068547238,0.0,2.053762241700401,5.997829314779339,30.376344086021508,43.54838709677419,45.83333333333333,20.698924731182796,35.11424731182795,282,Faible,False,0.0
TG040304,Agou Agbetiko/Agou Dzidjole,Agou,Plateaux,68.62937884,85793,78.27972936911425,8.95376950651179,41,35,36,2,59.74117891345904,0.0,2.937098191407059,7.599120771922276,18.010752688172044,15.32258064516129,45.83333333333333,61.29032258064516,35.11424731182795,282,Faible,False,0.0
TG030407,Glidji,Lacs,Maritime,40.04226344,241247,579.5036179978613,24.9698061516768,24,20,18,2,59.93667175174051,0.0,1.0657442067929963,2.274687931801911,74.19354838709677,15.053763440860216,45.83333333333333,3.763440860215054,34.71102150537634,284,Faible,False,0.0
TG020506,Koka,Doufelgou,Kara,19.74790731,84767,73.20728167274905,4.980110908277164,9,7,7,2,45.574449275658466,0.0,1.5109177499838158,2.5659733066389308,8.870967741935484,17.741935483870968,45.83333333333333,64.65053763440861,34.274193548387096,285,Faible,False,0.0
TG040403,Danyi-Kakpa,Danyi,Plateaux,88.41113515,40240,101.50365041889296,10.068211582553385,29,25,19,2,32.801298106622035,0.0,1.7329017850152872,4.638153039140077,22.58064516129032,23.118279569892472,45.83333333333333,45.16129032258064,34.17338709677419,286,Faible,False,0.0
TG051614,Poissongui,Tône,Savanes,33.59192507,388775,318.218459032614,18.406507177745063,10,9,7,2,29.769059019873552,0.0,1.2948326522201195,2.860013864958817,55.376344086021504,26.0752688172043,45.83333333333333,9.13978494623656,34.10618279569893,287,Faible,False,0.0
TG041202,Agome-Tomegbe,Kloto,Plateaux,26.77647324,145986,276.36893602412744,10.085024066107035,4,3,4,2,14.938487097040865,0.0,2.413121218364916,4.418995259270547,22.849462365591396,49.46236559139785,45.83333333333333,17.06989247311828,33.803763440860216,288,Faible,False,0.0
TG030816,Wli,Zio,Maritime,49.75528926,500032,231.06460319283445,9.531685386741382,9,7,7,2,18.088529147061784,0.0,1.607931309776005,2.9323506375730126,19.892473118279568,43.01075268817204,45.83333333333333,24.865591397849464,33.4005376344086,289,Faible,False,0.0
TG030603,Dagbati,Vo,Maritime,96.54854893,224411,297.09582837042467,13.719433278061608,20,20,12,2,20.71496694839037,0.0,2.706433243751674,6.394507730271324,36.82795698924731,37.903225806451616,45.83333333333333,12.768817204301076,33.333333333333336,290,Faible,False,0.0
TG051615,Sanfatoute,Tône,Savanes,41.90709246,388775,318.218459032614,19.439533872769157,17,11,12,2,40.56592572301781,0.0,1.6165043118021099,2.905395958627853,58.333333333333336,19.892473118279568,45.83333333333333,9.13978494623656,33.299731182795696,291,Faible,False,0.0
TG030404,Aneho,Lacs,Maritime,17.39448502,241247,579.5036179978613,28.572537489805004,129,106,106,2,741.6143671495713,0.0,0.4795919225697568,0.9866604043575941,80.64516129032258,2.6881720430107525,45.83333333333333,3.763440860215054,33.232526881720425,292,Faible,False,0.0
TG030802,Agbelouve,Zio,Maritime,452.9506497,500032,231.06460319283445,12.640514726744648,125,101,110,2,27.59682541194951,0.0,2.0761881819356534,5.075170168469481,31.989247311827956,27.688172043010752,45.83333333333333,24.865591397849464,32.594086021505376,293,Faible,False,0.0
TG030609,Vogan,Vo,Maritime,161.9336999,224411,297.09582837042467,20.51056379755728,177,170,134,2,109.30399299793928,0.0,1.6298330305984847,4.234006499570729,62.365591397849464,9.13978494623656,45.83333333333333,12.768817204301076,32.526881720430104,294,Faible,False,0.0
TG020102,Bafilo,Assoli,Kara,155.73833688,66394,71.14099963379633,2.359231659004913,159,66,146,2,102.09432255753006,0.0,3.6004360360334497,7.799106012126934,4.032258064516129,9.408602150537634,45.83333333333333,70.56451612903226,32.45967741935483,295,Faible,False,0.0
TG030810,Gbatope,Zio,Maritime,269.83147349,500032,231.06460319283445,11.802411431572237,69,66,47,2,25.571516586836246,0.0,1.7724284167170492,5.213920772632135,28.49462365591398,30.376344086021508,45.83333333333333,24.865591397849464,32.39247311827957,296,Faible,False,0.0
TG040704,Govie,Kpélé,Plateaux,43.74019724,80939,86.9454777079909,2.9123426767516967,14,11,13,2,32.00717162563942,0.0,3.4334460747231064,6.746934375013701,4.838709677419355,24.193548387096776,45.83333333333333,54.03225806451613,32.22446236559139,297,Faible,False,0.0
TG051609,Namare,Tône,Savanes,51.67101322,388775,318.218459032614,13.461414377656489,11,10,6,2,21.2885316437772,0.0,1.7580339595254864,4.03265443528338,36.02150537634409,36.29032258064516,45.83333333333333,9.13978494623656,31.821236559139784,298,Faible,False,0.0
TG030812,Kovie,Zio,Maritime,48.34605211,500032,231.06460319283445,10.36117852061493,12,9,9,2,24.821054618269223,0.0,1.5224661056878168,3.9508688548167306,24.193548387096776,32.25806451612903,45.83333333333333,24.865591397849464,31.787634408602152,299,Faible,False,0.0
TG030106,Noepe,Avé,Maritime,37.3412055,111214,105.93341030721793,9.369459358429374,17,16,15,2,45.526114576027815,0.0,1.574999850629327,3.563838355845306,19.35483870967742,18.010752688172044,45.83333333333333,43.54838709677419,31.686827956989244,300,Faible,False,0.0
TG030607,Sevagan,Vo,Maritime,63.68895772,224411,297.09582837042467,16.221139640221747,25,25,19,2,39.2532723017845,0.0,1.5813400892028442,3.2700146109217556,47.31182795698925,20.698924731182796,45.83333333333333,12.768817204301076,31.653225806451612,301,Faible,False,0.0
TG051613,Pana,Tône,Savanes,105.75682376,388775,318.218459032614,13.296975569665326,22,12,22,2,20.80244018100038,0.0,1.5000927206506216,3.3603743571308216,34.67741935483871,36.82795698924731,45.83333333333333,9.13978494623656,31.619623655913976,302,Faible,False,0.0
TG030813,Kpome,Zio,Maritime,82.50004376,500032,231.06460319283445,10.289435958056629,21,19,19,2,25.45453195284463,0.0,2.165212761525732,4.447692023776194,23.9247311827957,30.913978494623656,45.83333333333333,24.865591397849464,31.384408602150536,303,Faible,False,0.0
TG051405,Mango,Oti,Savanes,341.26365717,124848,80.87673363045658,3.237227875515301,201,120,185,2,58.89874171390953,0.12979351032448377,5.027296217860952,16.178026362873435,5.10752688172043,15.591397849462366,45.83333333333333,58.73655913978495,31.31720430107527,304,Faible,False,0.0
TG051616,Tami,Tône,Savanes,74.56768839,388775,318.218459032614,17.676944520831405,34,27,26,2,45.59615663848259,0.0,1.477968992318305,3.934416611035155,51.88172043010753,17.473118279569892,45.83333333333333,9.13978494623656,31.081989247311828,305,Faible,False,0.0
TG051702,Boade,Cinkassé,Savanes,25.04098877,128959,467.0774911502888,8.487333856653565,3,1,3,2,11.980357595120635,0.0,1.586242980534421,3.0833200596740737,16.666666666666664,55.91397849462365,45.83333333333333,5.779569892473118,31.04838709677419,306,Faible,False,0.0
TG030801,Abobo,Zio,Maritime,112.23551667,500032,231.06460319283445,7.207991664357016,23,20,17,2,20.492621838794268,0.0,1.7122861579533923,3.6653737383586646,13.978494623655912,38.17204301075269,45.83333333333333,24.865591397849464,30.712365591397848,307,Faible,False,0.0
TG040806,Tohoun,Moyen-Mono,Plateaux,112.91748905,90505,144.5415403687459,3.5449180568633927,26,20,16,2,23.02566256010809,0.0,1.6729806663070472,4.004785933407732,6.182795698924731,34.13978494623656,45.83333333333333,36.424731182795696,30.64516129032258,308,Faible,False,0.0
TG030608,Togoville,Vo,Maritime,77.2915368,224411,297.09582837042467,17.06337420225068,47,43,22,2,60.808727508701836,0.0,1.302936127160113,3.713331406829977,49.193548387096776,14.516129032258066,45.83333333333333,12.768817204301076,30.57795698924731,309,Faible,False,0.0
TG030605,Hahotoe,Vo,Maritime,38.92518801,224411,297.09582837042467,18.531510138460494,46,45,38,2,118.17540865360101,0.0,1.9369137171734092,3.766342799343278,55.91397849462365,7.795698924731183,45.83333333333333,12.768817204301076,30.57795698924731,309,Faible,False,0.0
TG030202,Agome Glozou/Agbetiko,Bas-Mono,Maritime,72.98692102,94860,287.9783643941079,6.575494492797332,11,11,10,2,15.071193367625089,0.0,1.7508487822627803,3.8868892014429632,11.827956989247312,49.193548387096776,45.83333333333333,14.78494623655914,30.409946236559136,311,Faible,False,0.0
TG041208,Lavie/ Apedome,Kloto,Plateaux,83.51006711,145986,276.36893602412744,13.385478838474429,28,24,25,2,33.52889174800712,0.0,2.371050569606479,7.599318515798956,35.752688172043015,22.849462365591396,45.83333333333333,17.06989247311828,30.376344086021504,312,Faible,False,0.0
TG020707,Landa,Kozah,Kara,31.89149616,283738,261.27454568445893,16.115170214577677,39,17,39,2,122.28965302956172,0.0,0.9076043672784022,2.114752181255323,46.50537634408602,7.258064516129033,45.83333333333333,20.698924731182796,30.073924731182796,313,Faible,False,0.0
TG051608,Naki-Ouest,Tône,Savanes,102.61215061,388775,318.218459032614,16.076602303110366,44,37,34,2,42.87991211414295,0.0,1.5231992454336858,4.516231046847191,46.236559139784944,18.817204301075268,45.83333333333333,9.13978494623656,30.006720430107524,314,Faible,False,0.0
TG051607,Louanga,Tône,Savanes,65.32923762,388775,318.218459032614,14.246244440982233,21,15,11,2,32.144872288500466,0.0,1.6331602500066058,3.794896123840878,38.70967741935484,23.9247311827957,45.83333333333333,9.13978494623656,29.401881720430108,315,Faible,False,0.0
TG041102,Anie,Anié,Plateaux,241.98242515,180158,90.71797346163127,4.673943922910366,189,134,175,2,78.10484578904551,0.0,4.128053573578149,9.087323546520436,8.064516129032258,11.29032258064516,45.83333333333333,52.016129032258064,29.301075268817204,316,Faible,False,0.0
TG030203,Attitogon,Bas-Mono,Maritime,68.97885036,94860,287.9783643941079,9.686137641311396,16,13,12,2,23.195515605864905,0.0,1.8329298632267141,4.263017404340134,21.50537634408602,33.87096774193548,45.83333333333333,14.78494623655914,28.998655913978492,317,Faible,False,0.0
TG040306,Agou Gadzepe,Agou,Plateaux,31.93080442,85793,78.27972936911425,1.1731724220958597,47,39,43,2,147.19328514806017,0.0,1.314260171210464,2.776385409665651,2.1505376344086025,6.451612903225806,45.83333333333333,61.29032258064516,28.931451612903224,318,Faible,False,0.0
TG020712,Somdina,Kozah,Kara,46.91911379,283738,261.27454568445893,13.567693623792383,34,18,33,2,72.46513681434136,0.0,1.4276426410859366,3.436395523340976,36.29032258064516,12.096774193548388,45.83333333333333,20.698924731182796,28.72983870967742,319,Faible,False,0.0
TG030406,Ganave/Fiata,Lacs,Maritime,22.93776515,241247,579.5036179978613,18.73681989041154,27,25,21,2,117.70981097519868,0.0,0.7490453139637089,1.9554370850033176,56.72043010752689,8.064516129032258,45.83333333333333,3.763440860215054,28.595430107526884,320,Faible,False,0.0
TG030401,Agbodrafo,Lacs,Maritime,81.48233086,241247,579.5036179978613,19.93953579355468,461,412,412,2,565.7668296112854,0.0,0.6741859561102835,3.4405625660868817,60.483870967741936,3.494623655913978,45.83333333333333,3.763440860215054,28.393817204301076,321,Faible,False,0.0
TG030610,Vo-Koutime,Vo,Maritime,61.68650901,224411,297.09582837042467,14.752455411026329,40,35,16,2,64.84400015814738,0.0,0.9375587710730999,3.038266242951694,40.59139784946236,14.24731182795699,45.83333333333333,12.768817204301076,28.360215053763437,322,Faible,False,0.0
TG041207,Kpime,Kloto,Plateaux,70.57952725,145986,276.36893602412744,10.610373438530347,22,17,21,2,31.17051198440834,0.0,2.167699499998972,6.4973787871445685,25.0,25.0,45.83333333333333,17.06989247311828,28.225806451612904,323,Faible,False,0.0
TG020705,Koumea,Kozah,Kara,50.77520106,283738,261.27454568445893,12.023434866286,27,8,26,2,53.17556491424753,0.0,1.2010391886964278,3.0424772355077563,29.838709677419356,16.397849462365592,45.83333333333333,20.698924731182796,28.192204301075268,324,Faible,False,0.0
TG020710,Pya,Kozah,Kara,54.42732222,283738,261.27454568445893,12.892989367163429,38,25,37,2,69.81787537957622,0.0,2.244086087635672,6.1514294633270685,33.33333333333333,12.903225806451612,45.83333333333333,20.698924731182796,28.192204301075268,324,Faible,False,0.0
TG030803,Bolou Kpeta,Zio,Maritime,75.17100293,500032,231.06460319283445,9.57917513143386,27,21,18,2,35.91810531667733,0.0,1.2884270482188045,2.785802482244468,20.43010752688172,21.50537634408602,45.83333333333333,24.865591397849464,28.158602150537632,326,Faible,False,0.0
TG030101,Akepe,Avé,Maritime,42.7592164,111214,105.93341030721793,4.412752069870639,26,18,16,2,60.80560447314465,0.0,1.3037545627017586,3.4956951739790116,7.795698924731183,14.78494623655914,45.83333333333333,43.54838709677419,27.99059139784946,327,Faible,False,0.0
TG051707,Sam-Naba,Cinkassé,Savanes,53.56694743,128959,467.0774911502888,11.847553569455895,14,7,14,2,26.13551951657291,0.0,1.59939235861655,2.710475128035541,28.763440860215056,29.838709677419356,45.83333333333333,5.779569892473118,27.553763440860216,328,Faible,False,0.0
TG041211,Wome,Kloto,Plateaux,28.77060176,145986,276.36893602412744,10.260295729829668,10,10,10,2,34.75770191884926,0.0,1.4783366358090302,3.0425187610996636,23.387096774193548,22.311827956989248,45.83333333333333,17.06989247311828,27.1505376344086,329,Faible,False,0.0
TG051604,Korbongou,Tône,Savanes,92.69024857,388775,318.218459032614,15.016470343030534,73,42,41,2,78.75693627563221,0.0,1.6793269085593099,4.673936336239332,41.935483870967744,11.021505376344086,45.83333333333333,9.13978494623656,26.98252688172043,330,Faible,False,0.0
TG041212,Yokele,Kloto,Plateaux,38.33505891,145986,276.36893602412744,5.980043954931226,9,9,9,2,23.47720404220451,0.0,2.5308894221100253,5.514055679605091,11.021505376344086,33.60215053763441,45.83333333333333,17.06989247311828,26.881720430107528,331,Faible,False,0.0
TG020713,Tchare,Kozah,Kara,6.9887057,283738,261.27454568445893,12.281385462362673,8,3,8,2,114.47040902008507,0.0,0.7734475424246516,1.5314451826705047,31.182795698924732,8.333333333333332,45.83333333333333,20.698924731182796,26.512096774193548,332,Faible,False,0.0
TG030405,Anfoin,Lacs,Maritime,25.37745704,241247,579.5036179978613,17.300159248666596,49,38,34,2,193.08475204101853,0.0,0.9500078314683625,2.052823607098219,50.53763440860215,5.376344086021505,45.83333333333333,3.763440860215054,26.377688172043012,333,Faible,False,0.0
TG041205,Kouma,Kloto,Plateaux,59.88871052,145986,276.36893602412744,9.901339998040973,27,17,23,2,45.083622214546224,0.0,1.1744525022668542,2.491545005517083,22.311827956989248,18.27956989247312,45.83333333333333,17.06989247311828,25.873655913978496,334,Faible,False,0.0
TG051706,Nadjoundi,Cinkassé,Savanes,27.7251985,128959,467.0774911502888,13.603414818417129,18,15,16,2,64.92288955117851,0.0,1.418828377087984,3.6042235226893027,36.55913978494624,13.978494623655912,45.83333333333333,5.779569892473118,25.537634408602152,335,Faible,False,0.0
TG010506,Komah,Tchaoudjo,Centrale,95.50859639,240360,100.3113456171448,2.715306945360618,940,454,917,2,984.2046009781174,0.0,1.0933342907882686,3.431781280128999,4.56989247311828,2.1505376344086025,45.83333333333333,47.446236559139784,25.0,336,Faible,False,0.0
TG041203,Gbalave,Kloto,Plateaux,20.35007374,145986,276.36893602412744,5.598959138857216,6,5,5,2,29.483922646464084,0.0,1.310070528339485,2.5028879072733448,9.946236559139784,26.61290322580645,45.83333333333333,17.06989247311828,24.865591397849457,337,Faible,False,0.0
TG051612,Nioukpourma,Tône,Savanes,75.90694517,388775,318.218459032614,7.79601801574614,22,12,22,2,28.982855192932806,0.0,1.1498375796391862,2.382343837079646,15.053763440860216,26.881720430107524,45.83333333333333,9.13978494623656,24.227150537634408,338,Faible,False,0.0
TG030815,Tsevie,Zio,Maritime,116.95159486,500032,231.06460319283445,9.218279408500829,145,125,128,2,123.98291803850651,0.0,2.5417951744384033,6.0095648211789205,18.817204301075268,6.989247311827956,45.83333333333333,24.865591397849464,24.126344086021504,339,Faible,False,0.0
TG020715,Yade,Kozah,Kara,19.57570428,283738,261.27454568445893,6.805481633030993,11,8,10,2,56.19210344957254,0.0,1.8029333435512847,4.7465156906493045,12.634408602150538,16.129032258064516,45.83333333333333,20.698924731182796,23.823924731182796,340,Faible,False,0.0
TG030804,Dalave,Zio,Maritime,103.47654966,500032,231.06460319283445,6.764451621070647,77,55,58,2,74.41299526608124,0.0,1.9723445354236935,4.768305151745273,12.096774193548388,11.827956989247312,45.83333333333333,24.865591397849464,23.655913978494624,341,Faible,False,0.0
TG051708,Timbou,Cinkassé,Savanes,77.59289448,128959,467.0774911502888,9.847148175690004,32,28,31,2,41.240889664514555,0.0,1.4360694208170948,3.281189477313199,22.043010752688172,19.35483870967742,45.83333333333333,5.779569892473118,23.25268817204301,342,Faible,False,0.0
TG020709,Lassa,Kozah,Kara,67.0008606,283738,261.27454568445893,8.30248534296757,75,23,67,2,111.93886067785823,0.0,1.6943602710715167,5.069472802082705,16.397849462365592,8.870967741935484,45.83333333333333,20.698924731182796,22.9502688172043,343,Faible,False,0.0
TG030606,Mome-Hounkpati,Vo,Maritime,42.03791153,224411,297.09582837042467,8.214083448143615,21,21,18,2,49.95490792879548,0.0,1.859509171835771,4.4803099885583,16.129032258064516,16.93548387096774,45.83333333333333,12.768817204301076,22.916666666666664,344,Faible,False,0.0
TG030205,Kpetsou,Bas-Mono,Maritime,35.1716949,94860,287.9783643941079,6.844290061659115,17,17,10,2,48.33432124421164,0.0,1.859134003783438,3.9143785663799218,12.903225806451612,17.20430107526882,45.83333333333333,14.78494623655914,22.681451612903224,345,Faible,False,0.0
TG051610,Nanergou,Tône,Savanes,55.35042773,388775,318.218459032614,8.49989050732356,24,15,23,2,43.36009852908864,0.0,1.3101245579277436,3.26116606731021,16.93548387096774,18.548387096774192,45.83333333333333,9.13978494623656,22.614247311827956,346,Faible,False,0.0
TG030805,Davie,Zio,Maritime,69.94209047,500032,231.06460319283445,7.199128042193923,139,114,130,2,198.73583855721435,0.0,1.0889473244102426,2.726621542065378,13.709677419354838,5.10752688172043,45.83333333333333,24.865591397849464,22.379032258064512,347,Faible,False,0.0
TG030814,Mission-Tove,Zio,Maritime,56.52374973,500032,231.06460319283445,4.915543124954334,57,40,41,2,100.84256665963409,0.0,0.874544363676905,2.991774231692956,8.60215053763441,9.67741935483871,45.83333333333333,24.865591397849464,22.244623655913976,348,Faible,False,0.0
TG051617,Toaga,Tône,Savanes,41.06436571,388775,318.218459032614,5.114951534084534,13,6,13,2,31.657617925495536,0.0,1.8996498743704557,4.156422651212866,9.408602150537634,24.462365591397848,45.83333333333333,9.13978494623656,22.21102150537634,349,Faible,False,0.0
TG030604,Dzrekpo,Vo,Maritime,57.58431778,224411,297.09582837042467,9.009268221446776,53,50,40,2,92.03894748303814,0.0,1.3388481156404202,3.2319626048664456,18.27956989247312,10.483870967741936,45.83333333333333,12.768817204301076,21.841397849462364,350,Faible,False,0.0
TG020702,Awandjelo,Kozah,Kara,115.51089427,283738,261.27454568445893,7.967904415570173,297,160,293,2,257.11860502592924,0.0,1.7637748092241803,5.79474194597464,15.32258064516129,4.838709677419355,45.83333333333333,20.698924731182796,21.673387096774192,351,Faible,False,0.0
TG051603,Kantindi,Tône,Savanes,82.8000414,388775,318.218459032614,8.58711661792066,56,41,36,2,67.63281642513769,0.0,1.7707600943266288,4.9974050139213295,17.473118279569892,13.440860215053762,45.83333333333333,9.13978494623656,21.471774193548388,352,Faible,False,0.0
TG020703,Bohou,Kozah,Kara,17.59177619,283738,261.27454568445893,5.716202080637282,20,10,19,2,113.68948640540883,0.0,1.1934208051973645,2.252786338193322,10.21505376344086,8.60215053763441,45.83333333333333,20.698924731182796,21.33736559139785,353,Faible,False,0.0
TG051701,Biankouri,Cinkassé,Savanes,36.75505652,128959,467.0774911502888,7.145667185616896,15,12,12,2,40.81071128767781,0.0,1.5702772175498785,2.828055683563348,13.440860215053762,19.623655913978492,45.83333333333333,5.779569892473118,21.169354838709676,354,Faible,False,0.0
TG030806,Djagble,Zio,Maritime,32.67444796,500032,231.06460319283445,1.7478446648738026,32,27,24,2,97.93585507297428,0.0,1.3599023053244268,3.8096267745080072,3.494623655913978,9.946236559139784,45.83333333333333,24.865591397849464,21.034946236559136,355,Faible,False,0.0
TG041210,Tove,Kloto,Plateaux,37.52211023,145986,276.36893602412744,3.921216112014798,25,22,20,2,66.62738275314746,0.0,1.4807895554983737,3.453786285637707,6.989247311827956,13.709677419354838,45.83333333333333,17.06989247311828,20.9005376344086,356,Faible,False,0.0
TG020706,Lama,Kozah,Kara,71.01199063,283738,261.27454568445893,4.691958566064384,947,573,908,2,1333.5775994989876,0.0,0.7051212332901186,2.4312042685964466,8.333333333333332,1.0752688172043012,45.83333333333333,20.698924731182796,18.98521505376344,357,Faible,False,0.0
TG041204,Hanyigba,Kloto,Plateaux,34.24041928,145986,276.36893602412744,3.703963952645208,143,122,129,2,417.6350728378114,0.0,1.1762158957536983,3.064714438240519,6.720430107526881,4.301075268817205,45.83333333333333,17.06989247311828,18.481182795698924,358,Faible,False,0.0
TG041201,Agome,Kloto,Plateaux,32.44912228,145986,276.36893602412744,3.373459714678641,216,154,187,2,665.6574502575421,0.0,0.7160136997870247,3.0868630090715565,5.64516129032258,2.956989247311828,45.83333333333333,17.06989247311828,17.876344086021504,359,Faible,False,0.0
TG030201,Afagnan / Afagnagan,Bas-Mono,Maritime,112.25715045,94860,287.9783643941079,1.0148588371814362,136,130,103,2,121.15041175980608,0.0,1.6593879322582465,3.977333499112869,1.881720430107527,7.526881720430108,45.83333333333333,14.78494623655914,17.506720430107524,360,Faible,False,0.0
TG051602,Dapaong,Tône,Savanes,165.31597873,388775,318.218459032614,0.7494742923122564,861,604,819,2,520.8207982158918,0.0,1.1809845203769909,4.121478103225196,1.0752688172043012,3.763440860215054,45.83333333333333,9.13978494623656,14.95295698924731,361,Faible,False,0.0
TG030302,Amoutive,Golfe,Maritime,23.598666,1305681,5422.84160968245,4.289111883598208,86,65,65,2,364.4273790730374,0.0,1.0033206262675638,2.616837612523117,7.258064516129033,4.56989247311828,45.83333333333333,0.5376344086021506,14.549731182795698,362,Faible,False,0.0
TG030906,Zanguera,Agoè-Nyivé,Maritime,21.98281154,882695,5282.484690181384,1.768383260712525,111,88,110,2,504.93996092366996,0.0,0.5857222079089476,1.4874824908954458,3.763440860215054,4.032258064516129,45.83333333333333,2.0161290322580645,13.911290322580644,363,Faible,False,0.0
TG030903,Legbassito,Agoè-Nyivé,Maritime,24.03144563,882695,5282.484690181384,0.7776482215669306,36,25,35,2,149.80372198274617,0.0,0.7928607554846416,3.0583044866039915,1.3440860215053763,6.182795698924731,45.83333333333333,2.0161290322580645,13.844086021505374,364,Faible,False,0.0
TG051703,Cinkasse,Cinkassé,Savanes,34.0791149,128959,467.0774911502888,0.571590639728612,423,195,412,2,1241.2294193708651,0.0,0.7842955263098917,2.305054645922887,0.5376344086021506,1.6129032258064515,45.83333333333333,5.779569892473118,13.440860215053762,365,Faible,False,0.0
TG030904,Togblekope,Agoè-Nyivé,Maritime,26.0838672,882695,5282.484690181384,1.30148086134851,236,94,233,2,904.7738136007686,0.0,0.8169254798506361,2.613697738413547,2.6881720430107525,2.4193548387096775,45.83333333333333,2.0161290322580645,13.239247311827956,366,Faible,False,0.0
TG030901,Adetikope,Agoè-Nyivé,Maritime,44.32738121,882695,5282.484690181384,0.9358280696172476,286,189,278,2,645.1994054083215,0.0,0.6556460379120053,2.126490316985189,1.6129032258064515,3.225806451612903,45.83333333333333,2.0161290322580645,13.172043010752686,367,Faible,False,0.0
TG030303,Baguida,Golfe,Maritime,44.69271769,1305681,5422.84160968245,1.6581723158046076,483,354,432,2,1080.712977336062,0.0,0.5997162214496252,2.3636453576221474,3.225806451612903,1.881720430107527,45.83333333333333,0.5376344086021506,12.869623655913978,368,Faible,False,0.0
TG030304,Sagbado,Golfe,Maritime,56.87149953,1305681,5422.84160968245,1.2930758400309794,765,566,649,2,1345.1377338775087,0.0,0.5378988020362568,2.063043008364058,2.4193548387096775,0.8064516129032258,45.83333333333333,0.5376344086021506,12.399193548387096,369,Faible,False,0.0
TG030301,Aflao Gakli,Golfe,Maritime,11.00436195,1305681,5422.84160968245,1.3478227776949645,625,462,617,2,5679.566001552685,0.0,0.16660634456500675,0.419598089546586,2.956989247311828,0.0,45.83333333333333,0.5376344086021506,12.331989247311826,370,Faible,False,0.0
TG030902,Agoenyive,Agoè-Nyivé,Maritime,46.60473308,882695,5282.484690181384,0.543168088205487,586,391,553,2,1257.3830194330124,0.0,0.5587629320103175,1.9614819924780256,0.0,1.3440860215053763,45.83333333333333,2.0161290322580645,12.298387096774192,371,Faible,False,0.0
TG030905,Vakpossito,Agoè-Nyivé,Maritime,4.03594393,882695,5282.484690181384,0.5438750992434972,175,103,173,2,4336.03645232009,0.0,0.1792334819466923,0.3377134783665591,0.2688172043010753,0.2688172043010753,45.83333333333333,2.0161290322580645,12.096774193548386,372,Faible,False,0.0
TG030501,Lome Commune,Golfe,Maritime,104.57055,1305681,5422.84160968245,0.7236560835935449,3099,2433,2802,2,2963.5494888379185,0.0,0.34886423188324944,2.0494636740678063,0.8064516129032258,0.5376344086021506,45.83333333333333,0.5376344086021506,11.928763440860214,373,Faible,False,0.0
